date,ret
2006-07-06,0.0
2006-07-07,0.0
2006-07-10,0.0
2006-07-11,0.0
2006-07-12,0.0
2006-07-13,0.0
2006-07-14,0.0
2006-07-17,0.0
2006-07-18,0.0
2006-07-19,0.0
2006-07-20,0.0
2006-07-21,0.0
2006-07-24,0.0
2006-07-25,0.0
2006-07-26,0.0
2006-07-27,0.0
2006-07-28,0.0
2006-07-31,0.0
2006-08-01,0.0
2006-08-02,-0.0007575458897748338
2006-08-03,0.0008686386314531447
2006-08-04,0.005331292090901885
2006-08-07,-0.0008632823429018943
2006-08-08,-0.0007405956429186178
2006-08-09,-0.002594005859652748
2006-08-10,0.002600752226166847
2006-08-11,-0.002594005859652748
2006-08-14,-0.001609989466474726
2006-08-15,0.0032251714249711405
2006-08-16,0.00482220472121786
2006-08-17,0.002091899093952909
2006-08-18,-0.0008595720759062564
2006-08-21,0.001966426467534532
2006-08-22,0.0003679813556631828
2006-08-23,-0.00012261532493329508
2006-08-24,0.0015941947784245958
2006-08-25,-0.0007346110953923013
2006-08-28,0.0008576763297172274
2006-08-29,-0.0022035634721305764
2006-08-30,0.003680716492874714
2006-08-31,0.0018336092607935672
2006-09-01,0.0005074203059727278
2006-09-05,-0.002
2006-09-06,0.0
2006-09-07,0.0
2006-09-08,0.0
2006-09-11,0.0
2006-09-12,0.0
2006-09-13,0.0
2006-09-14,0.0
2006-09-15,0.0
2006-09-18,0.0
2006-09-19,0.0
2006-09-20,0.0
2006-09-21,0.0
2006-09-22,0.0
2006-09-25,0.0
2006-09-26,0.0
2006-09-27,0.0
2006-09-28,0.0
2006-09-29,0.0
2006-10-02,0.0
2006-10-03,0.0
2006-10-04,0.0
2006-10-05,0.0
2006-10-06,0.0
2006-10-09,0.0
2006-10-10,0.0
2006-10-11,0.0
2006-10-12,0.0
2006-10-13,0.0
2006-10-16,0.0
2006-10-17,0.0
2006-10-18,0.0
2006-10-19,0.0
2006-10-20,0.0
2006-10-23,0.0
2006-10-24,0.0
2006-10-25,0.0
2006-10-26,0.0
2006-10-27,0.0
2006-10-30,0.0
2006-10-31,0.0
2006-11-01,0.0
2006-11-02,0.0
2006-11-03,0.0
2006-11-06,0.0
2006-11-07,0.0
2006-11-08,0.0
2006-11-09,0.0
2006-11-10,0.0
2006-11-13,0.0
2006-11-14,0.0
2006-11-15,0.0
2006-11-16,0.0
2006-11-17,0.0
2006-11-20,0.0
2006-11-21,0.0
2006-11-22,0.0
2006-11-24,0.0
2006-11-27,0.0
2006-11-28,0.0
2006-11-29,0.0
2006-11-30,0.0
2006-12-01,0.0
2006-12-04,0.0
2006-12-05,0.0
2006-12-06,0.0
2006-12-07,0.0
2006-12-08,0.0
2006-12-11,0.0
2006-12-12,0.0
2006-12-13,0.0
2006-12-14,0.0
2006-12-15,0.0
2006-12-18,0.0
2006-12-19,0.0
2006-12-20,0.0
2006-12-21,0.0
2006-12-22,0.0
2006-12-26,0.0
2006-12-27,0.0
2006-12-28,0.0
2006-12-29,0.0
2007-01-03,0.0
2007-01-04,0.0
2007-01-05,0.0
2007-01-08,0.0
2007-01-09,0.0
2007-01-10,0.0
2007-01-11,0.0
2007-01-12,0.0
2007-01-16,0.0
2007-01-17,0.0
2007-01-18,0.0
2007-01-19,0.0
2007-01-22,0.0
2007-01-23,0.0
2007-01-24,0.0
2007-01-25,0.0
2007-01-26,0.0
2007-01-29,0.0
2007-01-30,0.0
2007-01-31,0.0
2007-02-01,0.0
2007-02-02,0.0
2007-02-05,0.0
2007-02-06,0.0
2007-02-07,0.0
2007-02-08,0.0
2007-02-09,0.0
2007-02-12,0.0
2007-02-13,0.0
2007-02-14,0.0
2007-02-15,0.0
2007-02-16,0.0
2007-02-20,0.0
2007-02-21,0.0
2007-02-22,0.0
2007-02-23,0.0
2007-02-26,0.0
2007-02-27,0.0
2007-02-28,0.0
2007-03-01,0.0
2007-03-02,0.0
2007-03-05,0.0
2007-03-06,0.0
2007-03-07,0.0
2007-03-08,0.0
2007-03-09,0.0
2007-03-12,0.0
2007-03-13,0.0
2007-03-14,0.0
2007-03-15,0.0
2007-03-16,0.0
2007-03-19,0.0
2007-03-20,0.0
2007-03-21,0.0
2007-03-22,0.0
2007-03-23,0.0
2007-03-26,0.0
2007-03-27,0.0
2007-03-28,0.0
2007-03-29,0.0
2007-03-30,0.0
2007-04-02,0.0
2007-04-03,-0.0039394165527174545
2007-04-04,0.0015788379748098436
2007-04-05,-0.0012125762898698156
2007-04-09,-0.005220408168051027
2007-04-10,0.001342461460473121
2007-04-11,0.000975026655770872
2007-04-12,-0.0006087980630550271
2007-04-13,0.0
2007-04-16,-0.0007310027362659177
2007-04-17,0.001463074964643818
2007-04-18,0.0034088541356152025
2007-04-19,0.0024266237933565638
2007-04-20,-0.0010893372981451988
2007-04-23,-0.0007270168319816195
2007-04-24,0.002303894944873486
2007-04-25,0.000725873433867541
2007-04-26,-0.0008462380842854111
2007-04-27,-0.0015729160695719946
2007-04-30,0.0013330257270538493
2007-05-01,0.003325345313272443
2007-05-02,-0.0006053947389920156
2007-05-03,-0.00230189355852084
2007-05-04,0.0017000454183231373
2007-05-07,0.0008485800747177752
2007-05-08,0.0014534753371890918
2007-05-09,-0.001330418658464838
2007-05-10,-0.0023010572234636317
2007-05-11,0.0031560774719987528
2007-05-14,-0.003146147985219172
2007-05-15,0.0
2007-05-16,-0.0019422015031891338
2007-05-17,-0.0015811095595906766
2007-05-18,-0.0024363283596343654
2007-05-21,-0.0021980506890554308
2007-05-22,0.000489531722033254
2007-05-23,-0.00110090745038105
2007-05-24,-0.002571615154607465
2007-05-25,-0.00012277359563872547
2007-05-29,0.00012278867084525302
2007-05-30,0.0017188302796391497
2007-05-31,-0.0015933180604404962
2007-06-01,-0.0033319067952256587
2007-06-04,-0.0037816095816878247
2007-06-05,0.00021829193140732173
2007-06-06,-0.0002183834503763915
2007-06-07,4.060090277313577e-07
2007-06-08,0.00043609442275038823
2007-06-11,2.927021127696605e-07
2007-06-12,0.00043615658047291284
2007-06-13,-0.0008720863734484885
2007-06-14,0.0013088223236399354
2007-06-15,0.0004368137951948903
2007-06-18,0.00021712435108778294
2007-06-19,0.00043564491026226726
2007-06-20,-0.00021720445228923246
2007-06-21,0.00021781656422703577
2007-06-22,0.00043539277734883086
2007-06-25,-7.652049693884777e-08
2007-06-26,0.00021721112379524676
2007-06-27,0.00043555126198246974
2007-06-28,7.65205026009852e-08
2007-06-29,-3.11602522673482e-08
2007-07-02,0.0007184531563393382
2007-07-03,-0.002256847929745339
2007-07-05,-0.0057175331183509925
2007-07-06,-0.005250375511827943
2007-07-09,0.0018850312374945055
2007-07-10,0.005644453740863531
2007-07-11,0.0023698373536953365
2007-07-12,-0.0023642345024585953
2007-07-13,-0.0004989131386288204
2007-07-16,-0.0007487432558288543
2007-07-17,0.002123028811741756
2007-07-18,0.0007477168679106416
2007-07-19,0.00024905274830056
2007-07-20,0.004855319072869069
2007-07-23,0.0014867257913147025
2007-07-24,0.0022267780884517308
2007-07-25,0.0013577853605117873
2007-07-26,0.006409918362525691
2007-07-27,0.002694616268450023
2007-07-30,0.0020766078127452126
2007-07-31,-0.0030475065634643084
2007-08-01,0.0031996083390017915
2007-08-02,-0.000856520392426674
2007-08-03,0.001959439218874648
2007-08-06,0.002322283688933169
2007-08-07,-0.0009755381861749068
2007-08-08,-0.004028024499984073
2007-08-09,0.0030638750736164955
2007-08-10,0.0013439872179945578
2007-08-13,-0.004880666690071811
2007-08-14,-0.0003678453448968666
2007-08-15,0.009076857107447323
2007-08-16,0.0021880237721214613
2007-08-17,0.0007277489318580077
2007-08-20,0.0023028623689378414
2007-08-21,0.00423236833649554
2007-08-22,-0.004094115711283486
2007-08-23,0.0010881916899969646
2007-08-24,0.002657132665693007
2007-08-27,0.0001204586932852525
2007-08-28,0.0026497718342182175
2007-08-29,0.0030031467156803604
2007-08-30,0.001197661916529924
2007-08-31,-0.0023924584956893646
2007-09-04,0.004001795688143295
2007-09-05,-0.0007194436495352452
2007-09-06,0.004199776077008277
2007-09-07,0.004779670539305503
2007-09-10,0.004043393859379352
2007-09-11,0.0013028887533428346
2007-09-12,-0.002247515935138833
2007-09-13,-0.0037938166693094466
2007-09-14,0.00238016533393548
2007-09-17,-0.004986478540928041
2007-09-18,-0.0011932066896356286
2007-09-19,-0.0007167792909726911
2007-09-20,-0.004901505052697486
2007-09-21,-0.0055263369383588
2007-09-24,0.0028993288987542165
2007-09-25,0.004215964517565451
2007-09-26,-0.004318215215420307
2007-09-27,0.0026503541019462507
2007-09-28,0.004445631185347576
2007-10-01,-0.0011919801968582888
2007-10-02,-0.0033194560858960075
2007-10-03,0.006574117120497602
2007-10-04,-0.003603409856295481
2007-10-05,-0.007910965520515512
2007-10-08,-0.006151408422070848
2007-10-09,0.0044701817674206445
2007-10-10,-0.002053979158675112
2007-10-11,-0.00525986147329871
2007-10-12,0.0
2007-10-15,-0.0004597977442171164
2007-10-16,0.0019550392896963142
2007-10-17,0.0013773349814989455
2007-10-18,0.015359086077889605
2007-10-19,0.005870083236075629
2007-10-22,0.010661606010040847
2007-10-23,-0.0035533929377783435
2007-10-24,0.00501477831197894
2007-10-25,0.0038809211547294886
2007-10-26,-0.00762138089092379
2007-10-29,0.0014469400362580043
2007-10-30,0.002556272030657558
2007-10-31,-0.002549754165399487
2007-11-01,-0.0016069733956088905
2007-11-02,0.005478712395404539
2007-11-05,0.00789528643513937
2007-11-06,-0.006178487253950982
2007-11-07,-0.0006660962450650842
2007-11-08,0.0012219904157813044
2007-11-09,0.004327223626930055
2007-11-12,0.010495257618194698
2007-11-13,-0.006231750741472641
2007-11-14,-0.005170683540562937
2007-11-15,0.007298699132249453
2007-11-16,0.007245814134446027
2007-11-19,0.002942873169660354
2007-11-20,0.005977151659051438
2007-11-21,0.0033489230039258633
2007-11-23,0.0004306768006063777
2007-11-26,0.008394582117430938
2007-11-27,0.007897792074376131
2007-11-28,-0.004235624723270548
2007-11-29,0.0027648670176385615
2007-11-30,-0.009968496055404286
2007-12-03,0.013484918859414385
2007-12-04,0.001485582082447312
2007-12-05,-0.0072049807621317186
2007-12-06,-0.009605209281522864
2007-12-07,-0.012284594524609949
2007-12-10,-0.005891391837896887
2007-12-11,0.0009877176682595579
2007-12-12,-0.003069867237382673
2007-12-13,0.0017596116184803723
2007-12-14,-0.00900216929557851
2007-12-17,0.0031018347122286904
2007-12-18,0.0057427371528413484
2007-12-19,0.008894339623386704
2007-12-20,0.009360120852571985
2007-12-21,-0.003881855482540275
2007-12-24,-0.01818592072021019
2007-12-26,-0.0022050921849716687
2007-12-27,0.0024857650362672956
2007-12-28,0.008521352846146302
2007-12-31,0.012399699742756232
2008-01-02,0.00509423031722811
2008-01-03,0.008087889354533973
2008-01-04,0.005348666810994329
2008-01-07,-0.0034049349004890983
2008-01-08,0.0027759615645739366
2008-01-09,0.0037265266522437113
2008-01-10,0.0008486151298827682
2008-01-11,-0.014308238192088374
2008-01-14,0.007311730568253072
2008-01-15,0.010247516050014838
2008-01-16,0.005494433572002855
2008-01-17,-0.007566105786475874
2008-01-18,0.006247270869429
2008-01-22,0.009049655767700449
2008-01-23,0.016372715779192415
2008-01-24,-0.024932989020815755
2008-01-25,-0.014311083562344784
2008-01-28,0.015906696848267288
2008-01-29,-0.0042033921015518505
2008-01-30,-0.006226174409489804
2008-01-31,0.006477561600855886
2008-02-01,0.0003164869607445997
2008-02-04,-0.006456185527915825
2008-02-05,0.010865740134895274
2008-02-06,-0.008219781382242886
2008-02-07,-0.0010625520721405657
2008-02-08,-0.013615133307798177
2008-02-11,0.011107152950990962
2008-02-12,-0.010238576475957939
2008-02-13,-0.004202448770771028
2008-02-14,-0.012227712288991888
2008-02-15,-0.002081438258407231
2008-02-19,-0.005159560245998396
2008-02-20,-0.00573805547638806
2008-02-21,0.016203671790563146
2008-02-22,0.004477789544615973
2008-02-25,-0.005871286088540484
2008-02-26,-0.010827596440488252
2008-02-27,0.005196641201677288
2008-02-28,0.010009565764060868
2008-02-29,0.014266572715876613
2008-03-03,0.003942253556842301
2008-03-04,0.002898396910098189
2008-03-05,-0.009419325998742845
2008-03-06,-0.013398895211850559
2008-03-07,0.016099894970339035
2008-03-10,-0.0062516879993183005
2008-03-11,0.0031455087483285293
2008-03-12,0.0014056341948789353
2008-03-13,0.02051504787424152
2008-03-14,-0.004337938370148731
2008-03-17,0.0103076412765708
2008-03-18,-0.003050225334399248
2008-03-19,-0.001899035786083969
2008-03-20,0.01987211165773517
2008-03-24,-0.00538944192746682
2008-03-25,-0.01146251913116747
2008-03-26,0.004216520716105343
2008-03-27,-0.011966626518700618
2008-03-28,0.004780879364759016
2008-03-31,0.010785097646365926
2008-04-01,-0.009380476673550131
2008-04-02,-0.008695917300313272
2008-04-03,0.005455880253641077
2008-04-04,0.007128635965926389
2008-04-07,-0.005810444800754211
2008-04-08,0.00595066526204624
2008-04-09,-0.006549264052174153
2008-04-10,0.007974725418934181
2008-04-11,0.0030591645108608567
2008-04-14,-0.0027343344251971047
2008-04-15,-0.00970186537637252
2008-04-16,-0.006602267918270344
2008-04-17,-0.008790066160270449
2008-04-18,-0.010598361288743141
2008-04-21,0.004481504895773147
2008-04-22,0.005440866627864249
2008-04-23,0.0019481125503884034
2008-04-24,-0.008965497673040446
2008-04-25,-0.0013079428897512235
2008-04-28,-0.006657417228403517
2008-04-29,0.009338901884305084
2008-04-30,0.00043541146362868766
2008-05-01,0.0147841402218567
2008-05-02,-0.01786310405700431
2008-05-05,0.0008765300304756085
2008-05-06,0.0016420545017874488
2008-05-07,-0.013989227339004096
2008-05-08,0.007869741140165365
2008-05-09,0.014186896529339244
2008-05-12,0.0003253126537201556
2008-05-13,-0.010081412523247013
2008-05-14,0.0018616064827112755
2008-05-15,-0.009072131102521697
2008-05-16,0.007831546491155805
2008-05-19,0.004158960836668557
2008-05-20,0.0019618747253493662
2008-05-21,-0.00424240548781174
2008-05-22,-0.0013109169746343685
2008-05-23,-0.0010938647875409213
2008-05-27,-0.004927781842652412
2008-05-28,-0.009244078883898887
2008-05-29,-0.005886993427385523
2008-05-30,0.001340797434667973
2008-06-02,0.0019718665937338287
2008-06-03,0.000894146214607705
2008-06-04,0.01485190088111521
2008-06-05,-0.017275371057432265
2008-06-06,0.006942047501986792
2008-06-09,0.00044478629979538553
2008-06-10,0.0018895013689319562
2008-06-11,-0.006656251354769882
2008-06-12,-0.0054723640474936275
2008-06-13,-0.006625429808106542
2008-06-16,0.0015826214348808598
2008-06-17,0.0004514630521652574
2008-06-18,0.0015794076577864136
2008-06-19,0.0025906494673995084
2008-06-20,0.004718527119564664
2008-06-23,0.0015654557342918984
2008-06-24,0.003349304810884801
2008-06-25,0.0030043119579419297
2008-06-26,0.003882813314130873
2008-06-27,0.00806711604937771
2008-06-30,0.00745443804264867
2008-07-01,0.0066832715220455086
2008-07-02,-0.007919060206062034
2008-07-03,-0.0027336548875905864
2008-07-07,0.003947253484148261
2008-07-08,0.0046962377328034766
2008-07-09,0.004782990516750685
2008-07-10,0.00421928804268723
2008-07-11,0.0020469140766945504
2008-07-14,-0.012256396614025444
2008-07-15,0.00751039570802603
2008-07-16,-0.010695458029891802
2008-07-17,-0.00895463818326725
2008-07-18,-0.005509480627428953
2008-07-21,-0.0034348019699609322
2008-07-22,0.0021124570692989675
2008-07-23,-0.004659798336772103
2008-07-24,0.001449070916488715
2008-07-25,0.0022261140523518463
2008-07-28,0.004442338989600003
2008-07-29,-0.0032064516091367956
2008-07-30,-0.0063226090856569606
2008-07-31,0.018195486442873277
2008-08-01,-0.004591991984402077
2008-08-04,0.001326487235516094
2008-08-05,0.0028702483480287366
2008-08-06,-0.010347352237530916
2008-08-07,0.0024470411386430246
2008-08-08,0.013980660710150028
2008-08-11,-0.0012037052776421309
2008-08-12,0.00032867887814957975
2008-08-13,0.005366657968852717
2008-08-14,-0.0004357559709990966
2008-08-15,0.004468445882615191
2008-08-18,0.004448567698598582
2008-08-19,0.0038887600245651743
2008-08-20,-0.0006456160219098228
2008-08-21,0.0026918046577300014
2008-08-22,-0.005583922856319368
2008-08-25,0.010906597894018821
2008-08-26,-0.0017091370192797717
2008-08-27,-0.005029185535091685
2008-08-28,0.004516882047221671
2008-08-29,0.0011776735043829145
2008-09-02,-0.007505691624191568
2008-09-03,0.013949515875014473
2008-09-04,0.007785310791926792
2008-09-05,0.01079407026013035
2008-09-08,-0.011725743950793621
2008-09-09,0.0098520781967395
2008-09-10,0.001573542216455559
2008-09-11,0.008483778335525605
2008-09-12,-0.006023700499356854
2008-09-15,0.0007314040950370249
2008-09-16,0.04625360060444628
2008-09-17,-0.017863143424528993
2008-09-18,-0.00985608816200989
2008-09-19,-0.04197182289467538
2008-09-22,-0.009961831457195536
2008-09-23,0.007357211072242187
2008-09-24,0.0038665470961278814
2008-09-25,0.0066334049494247704
2008-09-26,-0.005526839151399732
2008-09-29,0.0117563660833504
2008-09-30,0.019753591891233713
2008-10-01,-0.007308797922882526
2008-10-02,0.005547538562005627
2008-10-03,0.008431539335306493
2008-10-06,0.01403829423685865
2008-10-07,-0.004275337141405378
2008-10-08,0.013903390491823986
2008-10-09,-0.023291487014248102
2008-10-10,-0.007845738995674978
2008-10-13,-0.015607463229066254
2008-10-14,-0.009090153155949632
2008-10-15,-0.0013866982277827011
2008-10-16,0.009293097880614276
2008-10-17,-0.00317501083038485
2008-10-20,-0.013271348426376117
2008-10-21,0.017753796746774464
2008-10-22,0.010889345890823021
2008-10-23,0.01913868253730522
2008-10-24,0.00892785063606727
2008-10-27,-0.010679645850177999
2008-10-28,-0.016346611180557136
2008-10-29,-0.0042852125789235584
2008-10-30,-0.01333083275253133
2008-10-31,0.0014893954980121915
2008-11-03,-0.01645416091567098
2008-11-04,0.002602476052210756
2008-11-05,0.02087392113539499
2008-11-06,-0.0030723636322039782
2008-11-07,-0.0008501606024359232
2008-11-10,-0.007657955842469422
2008-11-11,0.015112561528590085
2008-11-12,0.003906667868663671
2008-11-13,-0.007046707277971964
2008-11-14,0.0021184226243085025
2008-11-17,0.006024741486771568
2008-11-18,0.007354496421863255
2008-11-19,0.011368392744102618
2008-11-20,0.04485929573513503
2008-11-21,0.014113717508912771
2008-11-24,-0.010705609823280282
2008-11-25,0.01770784388285085
2008-11-26,0.00744321876806775
2008-11-28,0.005085402694763985
2008-12-01,0.0273321175308614
2008-12-02,0.007552338570939732
2008-12-03,0.01582431525932937
2008-12-04,0.007834452721782847
2008-12-05,0.007411990677472113
2008-12-08,-0.013189588039404399
2008-12-09,0.0009092434358468626
2008-12-10,0.0071764979319997035
2008-12-11,0.0073057517216998935
2008-12-12,0.003223451022221324
2008-12-15,-0.0016957994881773297
2008-12-16,0.01564573789709267
2008-12-17,0.0587139887903374
2008-12-18,-0.0002494355452928865
2008-12-19,0.005821615009193204
2008-12-22,0.007855034265387806
2008-12-23,-0.018459032170370593
2008-12-24,0.004931397259889003
2008-12-26,0.007152864746660326
2008-12-29,0.002039147386874829
2008-12-30,-0.007772885380899597
2008-12-31,0.007667100331782528
2009-01-02,-0.011247736889038462
2009-01-05,-0.03722191906187389
2009-01-06,-0.03457766219583458
2009-01-07,0.0030596667691689117
2009-01-08,0.006100667513576852
2009-01-09,-0.010522259645540877
2009-01-12,0.000991319524464629
2009-01-13,0.017375926720566648
2009-01-14,0.010176701827880885
2009-01-15,0.013578242488617498
2009-01-16,-0.02402699060682878
2009-01-20,-0.010006799981503334
2009-01-21,-0.00322023127321569
2009-01-22,-0.011935400322390488
2009-01-23,-0.024340797497246935
2009-01-26,-0.004561397750787899
2009-01-27,0.0034601036519599226
2009-01-28,0.014072272066551594
2009-01-29,-0.03446272666221606
2009-01-30,-0.009613260207159025
2009-02-02,-0.0023374494386232403
2009-02-03,0.0027046717200023274
2009-02-04,-0.014931904009524932
2009-02-05,0.004791961475884676
2009-02-06,-0.00963554491255536
2009-02-09,-0.005503437875002515
2009-02-10,0.02391432464889176
2009-02-11,0.015441842493407298
2009-02-12,0.0025661843138444773
2009-02-13,-0.019244519256771175
2009-02-17,0.0057996466540051195
2009-02-18,0.014511615201416195
2009-02-19,-0.03192358698863851
2009-02-20,0.015460702759848122
2009-02-23,-0.006456301823519972
2009-02-24,0.020367669731077065
2009-02-25,-0.004372433286896071
2009-02-26,-0.022626469415570782
2009-02-27,-0.002930415003929654
2009-03-02,-0.000647783810747482
2009-03-03,9.830333124383195e-05
2009-03-04,-0.007273731627621238
2009-03-05,0.02505050935879205
2009-03-06,0.0023182593275983265
2009-03-09,0.0024092681558582907
2009-03-10,-0.019996933083292756
2009-03-11,-0.011183493123679944
2009-03-12,0.01359181587769931
2009-03-13,0.0008809197307888539
2009-03-16,-0.018874207256824982
2009-03-17,0.008970759774628467
2009-03-18,-0.005927333823044112
2009-03-19,0.04472007450775739
2009-03-20,-0.009512399136907157
2009-03-23,-0.0031692387800502653
2009-03-24,-0.02023200318759044
2009-03-25,0.01081655656068814
2009-03-26,-0.008268808218905632
2009-03-27,0.016773594165893968
2009-03-30,0.012445016380660423
2009-03-31,-0.0038114858052991085
2009-04-01,0.013239835989740767
2009-04-02,-0.0021774661027512687
2009-04-03,-0.009298145391546275
2009-04-06,-0.013120423338763065
2009-04-07,-0.009704275549876962
2009-04-08,0.005193666822988607
2009-04-09,-0.005849243792897196
2009-04-13,0.0048049879636400394
2009-04-14,0.0028301694727093096
2009-04-15,0.008563863251530801
2009-04-16,-0.012350758170669107
2009-04-17,-0.003712483305908565
2009-04-20,0.0015689756615966388
2009-04-21,0.01380493843803543
2009-04-22,-0.015355292137773757
2009-04-23,-0.010788823615002885
2009-04-24,-0.005552395849657499
2009-04-27,0.0027916985485119117
2009-04-28,0.004275315923621736
2009-04-29,-0.018117491197794156
2009-04-30,-0.017040178913821147
2009-05-01,-0.005799033314093149
2009-05-04,0.0024837301945366264
2009-05-05,0.0010323235792575325
2009-05-06,-0.0035062805260134278
2009-05-07,-0.012211673519419652
2009-05-08,-0.00963867007793473
2009-05-11,0.010896144100214222
2009-05-12,0.0013604181816257999
2009-05-13,0.01233163494791678
2009-05-14,0.002477576579943408
2009-05-15,0.004119088941613169
2009-05-18,0.00010255478485410308
2009-05-19,-0.018663057980386033
2009-05-20,-0.0027168559733191655
2009-05-21,0.016974219145000635
2009-05-22,-0.03843029150385824
2009-05-26,0.0024644040193058103
2009-05-27,-0.01934611155318
2009-05-28,-0.005122679866476965
2009-05-29,-0.0007668807957339485
2009-06-01,0.01031105283922562
2009-06-02,-0.007947702333437778
2009-06-03,0.003841069901291183
2009-06-04,-0.00579422126191198
2009-06-05,-0.01671423524473925
2009-06-08,0.005591562386850546
2009-06-09,-0.0024466070793011108
2009-06-10,-0.01471564597135988
2009-06-11,-0.012559339264916147
2009-06-12,0.019021330631471045
2009-06-15,0.012594112098455845
2009-06-16,0.004664052439983024
2009-06-17,0.016469466803482824
2009-06-18,-0.013049088580467827
2009-06-19,-0.010136574304625112
2009-06-22,0.02348608120810214
2009-06-23,0.0035888896295181993
2009-06-24,0.009536148144219325
2009-06-25,-0.0046156928288119126
2009-06-26,0.015097522626645876
2009-06-29,0.004780599923396522
2009-06-30,-0.009304248827167183
2009-07-01,-0.0050097338956209825
2009-07-02,0.009792104413219871
2009-07-06,-0.0029837381328221557
2009-07-07,-0.004595882176154031
2009-07-08,0.01610616918157648
2009-07-09,0.0024304670949184537
2009-07-10,0.0028462393190722413
2009-07-13,0.007358195827059433
2009-07-14,-0.01627848468516624
2009-07-15,-0.02227596371591989
2009-07-16,0.0016273919852423102
2009-07-17,-0.009856803845965434
2009-07-20,-0.011486454953983039
2009-07-21,0.006639958122427014
2009-07-22,0.021437519678652928
2009-07-23,-0.00688823717373277
2009-07-24,-0.019074038717004416
2009-07-27,-0.008507157812930877
2009-07-28,0.005460095775738472
2009-07-29,0.01606968424024191
2009-07-30,-0.0068715766722636795
2009-07-31,0.025370113795787574
2009-08-03,0.002958195432638089
2009-08-04,-0.0019287714382196786
2009-08-05,-0.024907762129684263
2009-08-06,-0.0045142424675082005
2009-08-07,-0.005308932590481152
2009-08-10,0.0010007377120402339
2009-08-11,0.02088340005353384
2009-08-12,0.0060933376385396976
2009-08-13,-0.01243731929971581
2009-08-14,0.016426896960486603
2009-08-17,0.007003279854262523
2009-08-18,0.007596535802571358
2009-08-19,0.005415527306671386
2009-08-20,0.0022179118546254983
2009-08-21,0.002739909225270676
2009-08-24,-0.02259503330235446
2009-08-25,0.020214259356106767
2009-08-26,0.008536770633114976
2009-08-27,0.0
2009-08-28,-0.007733010097462079
2009-08-31,0.00968893720469488
2009-09-01,-0.00244111663695179
2009-09-02,0.006922941160143914
2009-09-03,0.0037501873923737605
2009-09-04,-0.004151306713687353
2009-09-08,-0.02042619826688452
2009-09-09,-0.006276916078372663
2009-09-10,0.01113428339358169
2009-09-11,0.020011604009348538
2009-09-14,-0.00830433710287104
2009-09-15,-0.008687896973448073
2009-09-16,0.0015838622976109828
2009-09-17,0.0036898344874072286
2009-09-18,0.005356850091947862
2009-09-21,-0.001044766109719597
2009-09-22,-0.004706364526788076
2009-09-23,0.0030473323338022773
2009-09-24,0.005866626260071728
2009-09-25,0.008956914889949541
2009-09-28,0.009909656654234489
2009-09-29,0.0
2009-09-30,0.002453104754606139
2009-10-01,0.007230851388217108
2009-10-02,0.01340418422555767
2009-10-05,-0.008116499799940335
2009-10-06,-0.007172679862464171
2009-10-07,-0.0009157815437365047
2009-10-08,0.010592064563238912
2009-10-09,-0.02106287653412453
2009-10-12,-0.016368682400079715
2009-10-13,0.006174990049428564
2009-10-14,-0.01154605737054748
2009-10-15,-0.009891955349805137
2009-10-16,0.006589665870189387
2009-10-19,0.004223565447726285
2009-10-20,0.015035742054390067
2009-10-21,-0.008908527907477759
2009-10-22,-0.008152454018454991
2009-10-23,-0.005268886399274586
2009-10-26,-0.004661179267795301
2009-10-27,-0.005002303571770783
2009-10-28,0.012515147502142776
2009-10-29,-0.003380637150985799
2009-10-30,0.002968091556317942
2009-11-02,0.007592989592862143
2009-11-03,-0.002420332426188776
2009-11-04,-0.017616355547886098
2009-11-05,-0.007946029848582392
2009-11-06,0.0055201814026035745
2009-11-09,-0.0010764463240835465
2009-11-10,0.008297568612450235
2009-11-11,-0.0044887012143568494
2009-11-12,-0.004186873318669293
2009-11-13,0.006360618956267716
2009-11-16,0.008784308630479964
2009-11-17,0.0036105580623535527
2009-11-18,0.004761488135655245
2009-11-19,-0.002106188354492944
2009-11-20,-0.002532760502921394
2009-11-23,-0.0048667840433095355
2009-11-24,0.006060073290706791
2009-11-25,0.004015713337564897
2009-11-27,0.009578113738075267
2009-11-30,-0.002085108541128644
2009-12-01,-0.00141261638197121
2009-12-02,-0.004932840061480315
2009-12-03,-0.009070792573299902
2009-12-04,-0.012134140131693782
2009-12-07,-0.00021549449608648796
2009-12-08,0.008406096640177552
2009-12-09,-0.0038473953271948025
2009-12-10,-0.010728486001861381
2009-12-11,-0.009218109472198699
2009-12-14,0.005582324162072494
2009-12-15,-0.00849027676033054
2009-12-16,0.00395214407369715
2009-12-17,0.006232928017526618
2009-12-18,0.007607058736404326
2009-12-21,-0.012295108909510133
2009-12-22,-0.013758493079109368
2009-12-23,0.001771483169508592
2009-12-24,-0.00696288036130277
2009-12-28,-0.009682826573658487
2009-12-29,0.0013329070901979545
2009-12-30,0.00743398078878732
2009-12-31,-0.0017888786745280383
2010-01-04,0.0008960422481329999
2010-01-05,0.002350005181584569
2010-01-06,0.00133971179219472
2010-01-07,-0.010591861563671423
2010-01-08,0.0032679184544714968
2010-01-11,-0.005840629136468545
2010-01-12,0.013218620604084075
2010-01-13,-0.002564631361860137
2010-01-14,-0.002683018037200724
2010-01-15,0.015020484248620125
2010-01-19,-0.003423466041351353
2010-01-20,0.006648825311632356
2010-01-21,0.002531882318453471
2010-01-22,0.005929406817746452
2010-01-25,-0.006003612778591849
2010-01-26,0.005271162618003755
2010-01-27,-0.0029494817646237292
2010-01-28,-0.006792919686036125
2010-01-29,0.00308875181695889
2010-02-01,0.006860311150080678
2010-02-02,-0.005809289461039313
2010-02-03,-0.004079239185420969
2010-02-04,0.0019926231237419323
2010-02-05,0.004198283226494182
2010-02-08,0.00550096227743424
2010-02-09,-0.0014224254846170181
2010-02-10,-0.004602074605095985
2010-02-11,-0.012328937602277046
2010-02-12,0.0012259930050968482
2010-02-16,-0.006456411172309884
2010-02-17,0.0021287754950638504
2010-02-18,-0.00514292937708305
2010-02-19,-0.0024723771252018745
2010-02-22,-0.001351911780070214
2010-02-23,0.002481860180094886
2010-02-24,0.013616436952358812
2010-02-25,0.006994312205057973
2010-02-26,0.0030869918078364478
2010-03-01,0.0017528552946275422
2010-03-02,-0.004952963649725084
2010-03-03,0.0014379784301865595
2010-03-04,-0.000552274472313985
2010-03-05,-0.0014367070562761874
2010-03-08,-0.01029276897531528
2010-03-09,0.0008946074558586758
2010-03-10,-0.005474573162927321
2010-03-11,-0.0011234100191446217
2010-03-12,0.004273759260329024
2010-03-15,0.006495346689485704
2010-03-16,0.0023365865139599595
2010-03-17,0.008325498603124037
2010-03-18,0.001210991021312946
2010-03-19,-0.005497846807244855
2010-03-22,0.004754286588274814
2010-03-23,-0.0030811657844497242
2010-03-24,-0.013576953949693493
2010-03-25,-0.007944972019959806
2010-03-26,-0.006655033909060859
2010-03-29,0.0027252691884647184
2010-03-30,-0.0029443508026095744
2010-03-31,0.007950507427009423
2010-04-01,-0.0013500688081666823
2010-04-05,-0.008947131455596002
2010-04-06,-0.0020569910722240126
2010-04-07,-0.004007949207843864
2010-04-08,0.016556204548174858
2010-04-09,-0.0031668312728103665
2010-04-12,0.00635378392534558
2010-04-13,0.008117573471470019
2010-04-14,-0.0014538710771078156
2010-04-15,-0.01019191530641439
2010-04-16,0.006223376941290493
2010-04-19,0.005285266274486666
2010-04-20,-0.00022372250983959674
2010-04-21,0.0046992241361971665
2010-04-22,0.007015867063506986
2010-04-23,-0.007630510237022103
2010-04-26,0.003343122877565108
2010-04-27,0.0037762481413388116
2010-04-28,0.00309815201762631
2010-04-29,-0.002978276571393268
2010-04-30,0.004646713857787033
2010-05-03,0.0050511899352321254
2010-05-04,0.015283441664517339
2010-05-05,0.013537207118893724
2010-05-06,0.0010685118984898878
2010-05-07,0.018358788131776826
2010-05-10,-0.028509109459897264
2010-05-11,0.008846874511285963
2010-05-12,-0.008983178874624631
2010-05-13,0.0012949439713909605
2010-05-14,0.009268429777969045
2010-05-17,0.0064069638577231025
2010-05-18,0.001909852801148526
2010-05-19,0.01101367058181113
2010-05-20,0.020635164798054495
2010-05-21,0.01744697380746607
2010-05-24,-0.008775637109382228
2010-05-25,0.00926038041770294
2010-05-26,-0.014418505533648207
2010-05-27,-0.014220225069646042
2010-05-28,-0.0035285045743002064
2010-06-01,0.011137663026532296
2010-06-02,-0.002480371618747257
2010-06-03,-0.01844183208482486
2010-06-04,0.018260561290732502
2010-06-07,0.00601225082201684
2010-06-08,0.00422463978047527
2010-06-09,-0.0033860151235320934
2010-06-10,-0.0041182050623952415
2010-06-11,-0.0011371895769376472
2010-06-14,-0.007969389712635389
2010-06-15,0.008242071118189642
2010-06-16,0.0008278171921960453
2010-06-17,-0.0004135662388554673
2010-06-18,0.007654140855587022
2010-06-21,-0.0146787567519846
2010-06-22,0.012709697686666521
2010-06-23,0.009566947038582407
2010-06-24,0.007540272092364297
2010-06-25,-0.010416698838350724
2010-06-28,0.013081287641315331
2010-06-29,0.007263212121137119
2010-06-30,0.010916407946214735
2010-07-01,0.0046555046286953505
2010-07-02,-0.004549899900613941
2010-07-06,-0.0027821628545933175
2010-07-07,0.006277330975968054
2010-07-08,-0.016239050671053357
2010-07-09,-0.004227430727381742
2010-07-12,-0.0007075629586331678
2010-07-13,-0.004855295742632881
2010-07-14,-0.0013213916656104052
2010-07-15,0.010381560477476182
2010-07-16,0.00574185089591861
2010-07-19,0.0025039781958930973
2010-07-20,0.0010989985321210316
2010-07-21,-0.0021955841205163473
2010-07-22,0.010602001089365931
2010-07-23,-0.007026841764385283
2010-07-26,-0.011661386207048485
2010-07-27,-0.008571907565855685
2010-07-28,-0.0029498187351698624
2010-07-29,-0.003978734166172226
2010-07-30,0.02150953390125565
2010-08-02,-0.006402671276526828
2010-08-03,-0.00040497044233700485
2010-08-04,0.0030385088637596702
2010-08-05,-0.0016156289683896263
2010-08-06,0.004551309687423677
2010-08-09,-0.0005034099055484242
2010-08-10,0.003223446097490923
2010-08-11,0.0025102256646778454
2010-08-12,0.01272001633421338
2010-08-13,0.0003955984108769961
2010-08-16,0.025604868268902292
2010-08-17,0.006169112378413111
2010-08-18,0.0014370205850500195
2010-08-19,-0.0020089419221245297
2010-08-20,0.015528748252847002
2010-08-23,-0.007173693299571293
2010-08-24,0.013215108612532056
2010-08-25,0.01651455771968391
2010-08-26,-0.011446227200174741
2010-08-27,0.0019609190800504717
2010-08-30,-0.014538319014138934
2010-08-31,0.01900841529534314
2010-09-01,-0.008179710292370745
2010-09-02,-0.0170805370860293
2010-09-03,-0.023679028521115253
2010-09-07,0.02317757140857113
2010-09-08,0.0
2010-09-09,-0.013285667232944443
2010-09-10,-0.0140457565291221
2010-09-13,-0.004421125936320269
2010-09-14,0.01213807487396057
2010-09-15,-0.002730002027815037
2010-09-16,-0.01192757112994769
2010-09-17,0.002968415281692005
2010-09-20,0.0031569385168097597
2010-09-21,0.0051138809055053525
2010-09-22,0.018394578621054425
2010-09-23,0.008262555059387333
2010-09-24,-0.013816889331612181
2010-09-27,0.005506598005368568
2010-09-28,0.008169017152367397
2010-09-29,0.0075299750396893295
2010-09-30,-0.0072844907236494505
2010-10-01,-0.007443557583406424
2010-10-04,0.0037584652674498287
2010-10-05,0.0010561105934077109
2010-10-06,0.0016304489785410325
2010-10-07,0.002585321388974382
2010-10-08,-0.002865171935798716
2010-10-11,-0.007279291962784873
2010-10-12,0.0028944744590704286
2010-10-13,-0.01981802843686742
2010-10-14,0.009226019540593544
2010-10-15,-0.026160760051145315
2010-10-18,0.005991865516885353
2010-10-19,-0.006154716135028604
2010-10-20,0.007890865628658483
2010-10-21,0.0031712759049085104
2010-10-22,-0.012348635537276276
2010-10-25,0.01680407353566049
2010-10-26,-0.012394772479618954
2010-10-27,-0.011752488512120518
2010-10-28,-0.0010089112843406634
2010-10-29,0.0024214111185405507
2010-11-01,0.013100818591594399
2010-11-02,-0.0033885725378509646
2010-11-03,0.012700351128451803
2010-11-04,-0.025279647390074378
2010-11-05,-0.00830739506971101
2010-11-08,0.0024518007724825264
2010-11-09,-0.0010190850590049427
2010-11-10,-0.021830667703789053
2010-11-11,0.0010428916743916439
2010-11-12,-0.0025003324491655876
2010-11-15,-0.009190865905194134
2010-11-16,-0.004427239793827753
2010-11-17,0.009423250949778028
2010-11-18,-0.001258689752722364
2010-11-19,0.004305943127304701
2010-11-22,0.01338530803550908
2010-11-23,0.0030957440768804023
2010-11-24,-0.008847078076000159
2010-11-26,-0.0009341212519761166
2010-11-29,0.00872661673118258
2010-11-30,0.01699327478824353
2010-12-01,-0.02253379973016778
2010-12-02,-0.007173389863785129
2010-12-03,0.0033508262837012026
2010-12-06,-0.007931634895149808
2010-12-07,-0.008415840745433223
2010-12-08,-0.010609085300034793
2010-12-09,-0.0012867413864541266
2010-12-10,-0.003328364656775995
2010-12-13,-0.0025854036121195634
2010-12-14,-0.007020285039139207
2010-12-15,-0.0034805749565498534
2010-12-16,-0.011460525805345845
2010-12-17,0.009385127003345595
2010-12-20,0.02045530376983007
2010-12-21,-0.006646025895246543
2010-12-22,0.003668978966924641
2010-12-23,-0.003117983433217897
2010-12-27,-0.004529824040183761
2010-12-28,0.005294245138154352
2010-12-29,-0.012652696294260246
2010-12-30,0.012267195872269987
2010-12-31,0.006816676182597847
2011-01-03,-0.003331527543020796
2011-01-04,0.0022643850996098003
2011-01-05,-0.00989775096097989
2011-01-06,-0.010322674988336944
2011-01-07,-0.0003293792806259299
2011-01-10,0.011751731956441969
2011-01-11,-0.0009769822052945187
2011-01-12,-0.008149480252174768
2011-01-13,-0.0013146303927484837
2011-01-14,0.012724822257325075
2011-01-18,-0.016139443247192187
2011-01-19,0.001321143450252471
2011-01-20,0.000989550254124838
2011-01-21,-0.008897148077847472
2011-01-24,0.013077631063451944
2011-01-25,0.0007657771294775628
2011-01-26,0.0030607646204021677
2011-01-27,-0.012532638123014084
2011-01-28,-0.0028694275025168414
2011-01-31,0.009407815734418623
2011-02-01,-0.008676300088058198
2011-02-02,0.0038849167380481386
2011-02-03,-0.010393398878691174
2011-02-04,-0.005139548750390355
2011-02-07,-0.008984522056992073
2011-02-08,0.006912806316251352
2011-02-09,-0.006977894166162679
2011-02-10,0.002380088282013526
2011-02-11,0.0014698895297804437
2011-02-14,0.0031612691669393733
2011-02-15,0.002813667017367072
2011-02-16,0.003479157899954677
2011-02-17,0.0016776267693103808
2011-02-18,-0.006699268205565212
2011-02-22,0.0055079683932302
2011-02-23,0.013303220958641226
2011-02-24,0.0058471776566759726
2011-02-25,0.0012065104912302171
2011-02-28,0.006134833508684823
2011-03-01,-0.005280692999422687
2011-03-02,0.003514031705723397
2011-03-03,-0.014335192985872935
2011-03-04,-0.0047738794975498156
2011-03-07,-0.0008924239662582156
2011-03-08,0.0010048737268373298
2011-03-09,-0.00022308110620072874
2011-03-10,0.008702104296494761
2011-03-11,0.01294054645979581
2011-03-14,-0.006114639056551852
2011-03-15,0.014501750744038144
2011-03-16,0.006172606056547458
2011-03-17,-0.0013991509474061692
2011-03-18,-0.005281111830981566
2011-03-21,0.004117300043935623
2011-03-22,-0.003452983061772885
2011-03-23,0.011261079262553375
2011-03-24,-0.011671048699222197
2011-03-25,0.0010833826235259192
2011-03-28,-0.008008355324476302
2011-03-29,-0.0015273256022640957
2011-03-30,-0.0028408006892363113
2011-03-31,0.010409419738891312
2011-04-01,-0.008515096946384748
2011-04-04,0.007688471534126329
2011-04-05,-0.0004359891318191922
2011-04-06,-0.004252748279313767
2011-04-07,-0.013579308019063263
2011-04-08,-0.0066610858368366666
2011-04-11,-0.0011176255669590462
2011-04-12,0.008727233256209832
2011-04-13,-0.000776437102053551
2011-04-14,0.011100577374377307
2011-04-15,0.007904669314839685
2011-04-18,-0.0029410033300725225
2011-04-19,0.009504519128638922
2011-04-20,0.002272594347308088
2011-04-21,-0.0019435211909485384
2011-04-25,-0.0028127750527411344
2011-04-26,0.0069432838985452605
2011-04-27,0.0018315925205165673
2011-04-28,-0.0023659627195081745
2011-04-29,0.002694970199965452
2011-05-02,0.0026808787156145097
2011-05-03,0.006891550801635171
2011-05-04,0.003743021608728636
2011-05-05,0.006499225223474792
2011-05-06,-0.004340124261174916
2011-05-09,0.0041464067950192085
2011-05-10,-0.002117582108392857
2011-05-11,-0.004031943970266072
2011-05-12,0.00671159948188893
2011-05-13,-0.0031746924865060366
2011-05-16,0.004034084128303528
2011-05-17,0.010573357057194865
2011-05-18,0.0025110554121434703
2011-05-19,-0.0188901087541008
2011-05-20,0.005956981561881847
2011-05-23,0.007507877344611558
2011-05-24,-0.0009446107379295077
2011-05-25,0.005357855279928048
2011-05-26,-0.0018809299913919997
2011-05-27,0.0016750885014273909
2011-05-31,0.0005225897685821046
2011-06-01,0.011429613858736642
2011-06-02,-0.0044573909571899994
2011-06-03,0.0009371193905802766
2011-06-06,-0.011546985014054378
2011-06-07,-0.002525810913926896
2011-06-08,0.01086738746545679
2011-06-09,0.008767444538236857
2011-06-10,-0.001965876743544981
2011-06-13,-0.0017624070286256233
2011-06-14,-0.010385403433659679
2011-06-15,-0.003777981088827209
2011-06-16,0.01811880663006038
2011-06-17,-0.0024832127261997794
2011-06-20,0.0048750640707053705
2011-06-21,-0.00650295801513856
2011-06-22,0.0027013270656879307
2011-06-23,0.002901284134346538
2011-06-24,0.001239810455020196
2011-06-27,-0.005262669689456545
2011-06-28,-0.014211767262005348
2011-06-29,-0.005577245471828474
2011-06-30,-0.007619129097908295
2011-07-01,0.0023550248826487152
2011-07-05,-0.0009607119852764745
2011-07-06,0.0016027264168108069
2011-07-07,-0.003862790551595774
2011-07-08,0.010838692537336048
2011-07-11,0.012713140924533795
2011-07-12,0.013181223219994376
2011-07-13,-0.00609186189194022
2011-07-14,-0.0009349627280904604
2011-07-15,-0.013829601625089505
2011-07-18,0.008118892521349341
2011-07-19,-0.007739733966327433
2011-07-20,0.014756954833132108
2011-07-21,-0.015373345636069513
2011-07-22,0.004747310103876412
2011-07-25,-0.007559807422448883
2011-07-26,0.003491305332584682
2011-07-27,0.0004217161885906595
2011-07-28,0.008114614490049687
2011-07-29,0.00815383388024915
2011-08-01,0.008549077703780661
2011-08-02,0.01887726411334656
2011-08-03,0.023792164456847287
2011-08-04,0.008010125278175462
2011-08-05,0.010399088163286052
2011-08-08,-0.0025244675786492143
2011-08-09,0.017813337139319874
2011-08-10,0.025056900696814877
2011-08-11,-0.0027056778398039105
2011-08-12,-0.027130183935502927
2011-08-15,0.004808061506114791
2011-08-16,-0.002679630614036199
2011-08-17,0.015929065543316634
2011-08-18,0.035609032632248905
2011-08-19,0.005107531126316678
2011-08-22,-0.0017241064206986456
2011-08-23,-0.006362941413217027
2011-08-24,-0.004299618883068179
2011-08-25,-0.023887834361048688
2011-08-26,0.018824944346802708
2011-08-29,-0.018384728136650264
2011-08-30,0.01628204431175284
2011-08-31,0.003519104578146637
2011-09-01,-0.009369020869888
2011-09-02,0.03662751633960637
2011-09-06,0.027311232524479756
2011-09-07,-0.01877631696153259
2011-09-08,0.00017883750585778735
2011-09-09,0.0021456663716499236
2011-09-12,0.009188768771264177
2011-09-13,-0.0015027841623266314
2011-09-14,-0.012660092220564634
2011-09-15,8.966730227477626e-05
2011-09-16,-0.006007171106079512
2011-09-19,0.026068124818056093
2011-09-20,0.0014944612961371728
2011-09-21,0.002282235991234227
2011-09-22,0.05937817721273131
2011-09-23,0.014136511662645734
2011-09-26,-0.024455186617680424
2011-09-27,-0.028159983954430312
2011-09-28,0.0012897305352537192
2011-09-29,0.006096861253076957
2011-09-30,0.020569569922473274
2011-10-03,0.01814299151025378
2011-10-04,0.020504882139781966
2011-10-05,-0.02186815454713853
2011-10-06,-0.008414835235303952
2011-10-07,-0.02404436249890929
2011-10-10,-0.007928084973475413
2011-10-11,0.0040386856463456855
2011-10-12,-0.022166213380139466
2011-10-13,0.0028891642397932404
2011-10-14,-0.010037125880256514
2011-10-17,0.0037025774288912405
2011-10-18,0.016160978155082883
2011-10-19,-0.013829525810123644
2011-10-20,-0.0007011731950095079
2011-10-21,-0.005262488786327069
2011-10-24,0.0006172050639787763
2011-10-25,-0.004846477068795596
2011-10-26,0.01779792797355806
2011-10-27,-0.024959873104468677
2011-10-28,-0.014463465056733016
2011-10-31,0.0245349907067145
2011-11-01,0.04778502480356761
2011-11-02,-0.017587524964872814
2011-11-03,-0.0024960054060795267
2011-11-04,-0.005349640143038958
2011-11-07,0.007980870473245583
2011-11-08,0.0009466791931889151
2011-11-09,0.012983032673885786
2011-11-10,-0.012561998782638306
2011-11-11,-0.008166026786525782
2011-11-14,0.004853289989917631
2011-11-15,0.011255273886044304
2011-11-16,0.002260115480219982
2011-11-17,0.0006807604145377955
2011-11-18,0.009695086851769563
2011-11-21,0.010105634070479486
2011-11-22,-0.0002501341345901853
2011-11-23,0.006755311593203528
2011-11-25,0.005301715409537389
2011-11-28,-0.026121570003575956
2011-11-29,0.011845770172774772
2011-11-30,-0.014132130880944893
2011-12-01,-0.014957163579708666
2011-12-02,0.0028485912072453434
2011-12-05,0.0032708785425008546
2011-12-06,0.00694940515698339
2011-12-07,-0.004089744731533895
2011-12-08,0.0033365632961002145
2011-12-09,0.011511234180891616
2011-12-12,-0.009778571135875658
2011-12-13,-0.005363220331478402
2011-12-14,0.021483824637794413
2011-12-15,0.007288839922813706
2011-12-16,0.005989182618181932
2011-12-19,0.0077726587738056185
2011-12-20,0.002789703791973741
2011-12-21,-0.016609836151020074
2011-12-22,-0.0052418428858750366
2011-12-23,-0.012045326931177658
2011-12-27,-0.0020308678344466147
2011-12-28,0.006808617133712058
2011-12-29,0.014708597075637986
2011-12-30,0.005248330931948431
2012-01-03,-0.014005351290827917
2012-01-04,-0.001344784598337645
2012-01-05,-0.009173681713028459
2012-01-06,-0.003567540611826736
2012-01-09,0.006137680335279949
2012-01-10,-0.00626969011153955
2012-01-11,0.011169072629926058
2012-01-12,0.007672968819079751
2012-01-13,0.009622773716675859
2012-01-17,-0.0012431815490641096
2012-01-18,0.004812952008901306
2012-01-19,-0.018168580339452234
2012-01-20,-0.013626251527558364
2012-01-23,-0.013473392704433373
2012-01-24,0.005013477514468123
2012-01-25,-0.005590524426847376
2012-01-26,0.005103004486683993
2012-01-27,0.010154192098438264
2012-01-30,0.017122680547462465
2012-01-31,-0.004857696208860229
2012-02-01,0.0065381161924542575
2012-02-02,-0.006621449827041492
2012-02-03,-0.02109362551895766
2012-02-06,0.0019824301920534637
2012-02-07,-0.0006021545965630981
2012-02-08,-0.0036151043798711147
2012-02-09,-0.002937131106166113
2012-02-10,0.008144224302506498
2012-02-13,-0.0017188152602536366
2012-02-14,0.007231453638728125
2012-02-15,0.0018803544504948366
2012-02-16,-0.003327099488720342
2012-02-17,-0.012068898726293131
2012-02-21,-0.0007797661579952431
2012-02-22,0.0010404995526993588
2012-02-23,0.002165454250504961
2012-02-24,0.009420979846308297
2012-02-27,0.010874291506591582
2012-02-28,0.0031340204165257735
2012-02-29,-0.004221931108787547
2012-03-01,-0.016412231101133656
2012-03-02,0.0037155377640016862
2012-03-05,0.0030991677063054723
2012-03-06,0.004205278734068951
2012-03-07,8.546261876651862e-05
2012-03-08,-0.00974190619906179
2012-03-09,-0.007162568436668959
2012-03-12,0.0072142409310562705
2012-03-13,-0.009061080543300681
2012-03-14,-0.022380868171107293
2012-03-15,-0.016034174989129846
2012-03-16,-0.003621213157138148
2012-03-19,0.00781390410153282
2012-03-20,-0.008384404630636721
2012-03-21,0.003909438520864672
2012-03-22,0.012950526719456734
2012-03-23,0.003576211146108843
2012-03-26,0.001247213595998442
2012-03-27,-0.0004448785723190074
2012-03-28,0.0012462144060061409
2012-03-29,0.009779497298426643
2012-03-30,0.0016728264933876247
2012-04-02,-0.00806173567018531
2012-04-03,8.884043378887263e-05
2012-04-04,-0.011015235533715417
2012-04-05,0.011048100420176565
2012-04-09,0.022565470879931437
2012-04-10,0.003562077924947671
2012-04-11,-0.0020777177967186145
2012-04-12,-0.0003470072719492512
2012-04-13,0.004165532862113075
2012-04-16,0.00475320675965385
2012-04-17,-0.0014622227462752768
2012-04-18,0.004479230998236883
2012-04-19,0.0017150988263947564
2012-04-20,-0.0059069599462364675
2012-04-23,0.01334810456041513
2012-04-24,-0.0042491224544938255
2012-04-25,-0.010241410882102953
2012-04-26,0.008709047088198307
2012-04-27,-0.0034193482903630557
2012-04-30,0.004717735479997431
2012-05-01,0.0012331725669714189
2012-05-02,-0.0017949881480089358
2012-05-03,-0.004966501129024636
2012-05-04,0.007228765381205093
2012-05-07,0.00717688534813643
2012-05-08,0.003138720882528423
2012-05-09,0.0064269300016959185
2012-05-10,-0.012015553084582797
2012-05-11,0.012501869347230743
2012-05-14,0.01159153293643711
2012-05-15,0.0018267507055587107
2012-05-16,-0.0009117098799766854
2012-05-17,0.00871062681032364
2012-05-18,0.010198004459597954
2012-05-21,0.005128939268166821
2012-05-22,-0.0093145755463796
2012-05-23,0.006540627897464901
2012-05-24,-0.0025992504267158267
2012-05-25,0.0016287650805260068
2012-05-29,-0.00032522330614792594
2012-05-30,0.01569712955195479
2012-05-31,0.013692880523277662
2012-06-01,0.01663457811321667
2012-06-04,0.0034259023428671043
2012-06-05,-0.006052455392658973
2012-06-06,-0.007572604298245911
2012-06-07,-0.02289115859219948
2012-06-08,0.01690639987923337
2012-06-11,-0.015516970444330314
2012-06-12,0.0014474885363344736
2012-06-13,-0.0009635975690287513
2012-06-14,0.008841497282426669
2012-06-15,0.005019387720345492
2012-06-18,0.004518669845935852
2012-06-19,-0.006905351583366026
2012-06-20,-0.013509398765575109
2012-06-21,0.011076354480556772
2012-06-22,-0.00039836410068583294
2012-06-25,0.00366641032546422
2012-06-26,-0.001985335259245824
2012-06-27,0.0035807123858806467
2012-06-28,0.005867273554855501
2012-06-29,-0.01789327334500046
2012-07-02,0.005537507926041796
2012-07-03,0.003999543911873182
2012-07-05,-0.004780333537994674
2012-07-06,0.010567248778434957
2012-07-09,0.005624463853586725
2012-07-10,0.003781187280937015
2012-07-11,0.005728893642207078
2012-07-12,0.003589424352731685
2012-07-13,0.0013995338256327372
2012-07-16,0.008307824028179978
2012-07-17,-0.008008362318594475
2012-07-18,0.0
2012-07-19,-0.0062100107189638765
2012-07-20,0.008904562706089525
2012-07-23,0.013238956942623892
2012-07-24,-0.007335285344042264
2012-07-25,0.0098526524798066
2012-07-26,-0.0007622284998110018
2012-07-27,-0.012510082994782845
2012-07-30,-0.011587104715823582
2012-07-31,0.011097716199785168
2012-08-01,-0.007802090268396289
2012-08-02,0.008275097358079853
2012-08-03,-0.013549593135285476
2012-08-06,-0.0013343257629776506
2012-08-07,-0.013439680263682141
2012-08-08,0.0015933059496082702
2012-08-09,-0.011055860997637001
2012-08-10,0.011501170616444734
2012-08-13,-0.0007156194358911572
2012-08-14,-0.017107595758984462
2012-08-15,-0.0076097851426574215
2012-08-16,-0.006607650840778634
2012-08-17,-0.006651602306350535
2012-08-20,0.0012400263689218427
2012-08-21,-0.0006605283274525586
2012-08-22,0.01693722580533219
2012-08-23,0.009911835879915731
2012-08-24,0.005872643920743714
2012-08-27,-0.0010397074706541831
2012-08-28,0.0032824902379740006
2012-08-29,-0.00111718317655507
2012-08-30,0.005272611182073783
2012-08-31,-0.0038939829131311443
2012-09-04,0.0112537541521196
2012-09-05,-0.0007906007387017411
2012-09-06,-0.010206819053728444
2012-09-07,0.004876251345936833
2012-09-10,-0.019489906231240584
2012-09-11,0.002677352395573429
2012-09-12,-0.01456474535120622
2012-09-13,0.0013958900605097746
2012-09-14,-0.021565137873344353
2012-09-17,-0.007458552985220912
2012-09-18,0.015535804374598783
2012-09-19,0.005237948585549157
2012-09-20,0.006616705313264193
2012-09-21,-0.011420956385061576
2012-09-24,0.012467159961068175
2012-09-25,0.004515002730548945
2012-09-26,0.014383069122147374
2012-09-27,-8.056324294503092e-05
2012-09-28,0.0016113945600013668
2012-10-01,-0.00418529582945415
2012-10-02,-0.0004856844398236637
2012-10-03,-0.0004049337091073246
2012-10-04,-0.0032407819510256175
2012-10-05,-0.015362481170890785
2012-10-08,0.003384597544871193
2012-10-09,-0.004195907689971468
2012-10-10,-8.261935639020113e-05
2012-10-11,0.004131309471881339
2012-10-12,0.017362396562856652
2012-10-15,-0.0023455761271932163
2012-10-16,-0.00713434445851846
2012-10-17,-0.014126254199592014
2012-10-18,-0.000414123256186949
2012-10-19,-0.006462999228771138
2012-10-22,0.009090378233812313
2012-10-23,0.00553732728701517
2012-10-24,-0.0019725973022793886
2012-10-25,-0.010706020740676725
2012-10-26,0.007325580319367919
2012-10-31,0.010247340900283453
2012-11-01,0.002935436989829121
2012-11-02,-0.012179377073410103
2012-11-05,0.012743286300178625
2012-11-06,-0.0022060995817845264
2012-11-07,0.011464326273724401
2012-11-08,-0.001295358309090222
2012-11-09,0.014915942026258344
2012-11-12,0.0016773437843322636
2012-11-13,0.0076550172092650914
2012-11-14,-0.008546470982338517
2012-11-15,0.003033013199953194
2012-11-16,0.0020689444178423333
2012-11-19,-0.00714694405339511
2012-11-20,0.00015996423336051002
2012-11-21,-0.010316042935563763
2012-11-23,0.0008888318076956114
2012-11-26,0.0069428775828928035
2012-11-27,-0.0017638388456105991
2012-11-28,0.008272564251078363
2012-11-29,-0.008841947926420346
2012-11-30,0.004982803379044887
2012-12-03,-0.012129763331054866
2012-12-04,0.010544348272708337
2012-12-05,0.0030500335029814973
2012-12-06,0.0036809188799575843
2012-12-07,-0.0108428052107723
2012-12-10,0.003707620412551904
2012-12-11,-0.00562118983766402
2012-12-12,-0.003472536394003578
2012-12-13,-0.012479862474994774
2012-12-14,0.007385597362354446
2012-12-17,0.002525277302435125
2012-12-18,-0.017063626805267518
2012-12-19,-0.0035546357113254157
2012-12-20,0.0026547469593465323
2012-12-21,0.008439600886591236
2012-12-24,-0.0025435105197885166
2012-12-26,0.001798691261733154
2012-12-27,-0.000576038087944708
2012-12-28,0.010374661687616138
2012-12-31,-0.002200314282463367
2013-01-02,-0.025400249216113502
2013-01-03,-0.0031844533329064006
2013-01-04,-0.014459888260168863
2013-01-07,0.006056483436380766
2013-01-08,0.005680867021425007
2013-01-09,0.001770512222937004
2013-01-10,-0.005217988038519472
2013-01-11,-0.0009306280739577177
2013-01-14,0.01287156660694011
2013-01-15,0.004765498053529438
2013-01-16,0.00016641739793787913
2013-01-17,-0.010815330897905984
2013-01-18,0.0020185073058904823
2013-01-22,-0.00016787009616037185
2013-01-23,0.006631982036617634
2013-01-24,-0.003919614758370216
2013-01-25,-0.012140012661516097
2013-01-28,-0.011865438124035843
2013-01-29,0.005146250279951969
2013-01-30,-0.008106511464719746
2013-01-31,0.0030970474328440023
2013-02-01,0.008247613970646661
2013-02-04,-0.009718612270821492
2013-02-05,-0.0027548043875215145
2013-02-06,0.0021581361758284956
2013-02-07,0.002153488641569501
2013-02-08,0.00025786334419541923
2013-02-11,0.002148307123952753
2013-02-12,-0.003086930589496384
2013-02-13,-0.007655209518821038
2013-02-14,0.004247178958809439
2013-02-15,0.0031934901772749935
2013-02-19,0.00172071581723654
2013-02-20,-0.010048896236757754
2013-02-21,0.010497940959248275
2013-02-22,0.0006868680437446262
2013-02-25,-0.005405373046247219
2013-02-26,0.020531277386720337
2013-02-27,0.006424307001468232
2013-02-28,-0.008903021905914077
2013-03-01,0.005636435095911274
2013-03-04,-0.000422255870278998
2013-03-05,-0.006083053073347111
2013-03-06,-0.008160377444296651
2013-03-07,-0.005999231208530631
2013-03-08,-0.013277966243280037
2013-03-11,0.002184519981237809
2013-03-12,0.001133474296030279
2013-03-13,-8.709162017361827e-05
2013-03-14,-0.0013064879985508204
2013-03-15,0.002093115430391368
2013-03-18,0.013054646529464975
2013-03-19,-0.0004295472883234508
2013-03-20,-0.0006016246448039553
2013-03-21,0.0012899717391201548
2013-03-22,0.0037790422379249122
2013-03-25,-0.004534890610736864
2013-03-26,0.0008595376559970003
2013-03-27,0.012280832508454465
2013-03-28,-0.001527085174282461
2013-04-01,-0.002930004868746172
2013-04-02,0.0046971393260391014
2013-04-03,0.002040078261623224
2013-04-04,0.010858265708040049
2013-04-05,0.027609346460671036
2013-04-08,-0.0017149500661607364
2013-04-09,-0.005235493076895303
2013-04-10,-0.011841857382405174
2013-04-11,-0.0034952655075003447
2013-04-12,0.0096874506666067
2013-04-15,0.00661689956291589
2013-04-16,-0.0017255185595769218
2013-04-17,0.003127763928083338
2013-04-18,0.0041846996587029395
2013-04-19,0.001062242990405693
2013-04-22,-0.0008162429451802344
2013-04-23,0.003431020888068348
2013-04-24,-0.006431520219029152
2013-04-25,-0.0018059275922301943
2013-04-26,0.007801537200780695
2013-04-29,0.003095154537964495
2013-04-30,-0.002598403465809418
2013-05-01,0.0037618568698438715
2013-05-02,0.001056623214723773
2013-05-03,-0.011610587310743936
2013-05-06,-0.008296815651464229
2013-05-07,-0.00795205896786566
2013-05-08,0.000667983424234686
2013-05-09,0.0020026125607079948
2013-05-10,-0.0062456566188122675
2013-05-13,-0.015755012423326886
2013-05-14,0.004002440091825488
2013-05-15,-0.0069536635400148095
2013-05-16,0.003757361519166613
2013-05-17,-0.00017014983935170758
2013-05-20,-0.0027228608220150052
2013-05-21,-0.005972520396082648
2013-05-22,0.009355946045986885
2013-05-23,-0.007398371196013498
2013-05-24,-0.0014564339823359695
2013-05-28,-0.007635981550415116
2013-05-29,-0.012709287063351726
2013-05-30,0.0055169538614257
2013-05-31,-0.0024385262585107093
2013-06-03,-0.007995843124342428
2013-06-04,0.0015879390590334275
2013-06-05,0.0029066060843312425
2013-06-06,0.005181598520891839
2013-06-07,-0.005766484836516206
2013-06-10,-0.013357414629973308
2013-06-11,-0.003829899859124075
2013-06-12,0.006526920473216569
2013-06-13,0.0006218105772297644
2013-06-14,0.009143812779491167
2013-06-17,-0.0007037639680899099
2013-06-18,-0.010299796611634604
2013-06-19,0.007916425595640098
2013-06-20,-0.02638674336654656
2013-06-21,-0.005438503064390088
2013-06-24,-0.021143869473748467
2013-06-25,0.009962340855501628
2013-06-26,0.0009218758622266954
2013-06-27,0.004973544596414081
2013-06-28,-0.004857284009379792
2013-07-01,0.008938325412083392
2013-07-02,0.007044479770499823
2013-07-03,-0.001726088858545749
2013-07-05,-0.02757417040313459
2013-07-08,-0.00196527186028006
2013-07-09,0.003938283518336583
2013-07-10,-0.0009340081662192468
2013-07-11,0.0005609288118224587
2013-07-12,0.008315779434835413
2013-07-15,-0.005003917621697274
2013-07-16,0.005867263204794915
2013-07-17,0.007036682227928193
2013-07-18,-0.005332575956379593
2013-07-19,-0.0027730162632618738
2013-07-22,0.009732545428171369
2013-07-23,-0.006334026506564561
2013-07-24,-0.009423029257690674
2013-07-25,-0.006341778267285658
2013-07-26,0.010042662963471338
2013-07-29,-0.0036240150999483633
2013-07-30,0.0005595686730028859
2013-07-31,-0.015379532542782015
2013-08-01,0.006604011284221389
2013-08-02,-0.0045254623907236
2013-08-05,0.001704763238442153
2013-08-06,-0.006240160531131522
2013-08-07,0.006089061473622426
2013-08-08,0.007659827284501208
2013-08-09,-0.0035661828692016284
2013-08-12,0.009512461865340605
2013-08-13,-0.02127133353605415
2013-08-14,-0.0037175957989018515
2013-08-15,-0.008037007760353765
2013-08-16,-0.0013503541066697267
2013-08-19,-0.009948181579219506
2013-08-20,-0.0003902191296588642
2013-08-21,-0.0011711143383323908
2013-08-22,-0.003028925964373319
2013-08-23,0.005390227488748955
2013-08-26,0.015109199086953629
2013-08-27,0.007010029448502042
2013-08-28,0.0011443119493910192
2013-08-29,-0.005048267634252701
2013-08-30,0.010913632876844659
2013-09-03,-0.010927716721800929
2013-09-04,-0.0013439876355769709
2013-09-05,-0.00942057461222845
2013-09-06,-0.002134935190062359
2013-09-09,0.005348757225179135
2013-09-10,-0.010350402272364834
2013-09-11,0.0018571440913817128
2013-09-12,0.009073381000647807
2013-09-13,-0.0032873229189117614
2013-09-16,0.007954398045764588
2013-09-17,-0.009238975511654868
2013-09-18,0.0025255560901389362
2013-09-19,0.013758673400350085
2013-09-20,-0.003440773895795668
2013-09-23,0.004987166448988001
2013-09-24,0.007443627073125514
2013-09-25,0.005209930621457026
2013-09-26,-0.0005654103229256746
2013-09-27,-0.0017914789231093797
2013-09-30,0.0034949305819833576
2013-10-01,-0.004545110295671617
2013-10-02,0.0002844175442635599
2013-10-03,-0.001706020016578158
2013-10-04,-0.0007595268805468125
2013-10-07,0.005035690346065547
2013-10-08,-0.0020807586268130063
2013-10-09,-0.0010411276108186485
2013-10-10,-0.010147111568599487
2013-10-11,0.013029474844513222
2013-10-14,-0.0072821001360364734
2013-10-15,-0.00228639525914498
2013-10-16,-0.00649296538845201
2013-10-17,0.019702307342736702
2013-10-18,0.005560858407677172
2013-10-21,-0.001874612288042865
2013-10-22,0.0064786200193096555
2013-10-23,0.004386135672021618
2013-10-24,0.005016315698287865
2013-10-25,-0.0044366914322068185
2013-10-28,-0.0011141158561892572
2013-10-29,-0.0036249150848698397
2013-10-30,0.002891825385299862
2013-10-31,-0.00018603140806405793
2013-11-01,-0.006076586896944236
2013-11-04,-0.004692639002272125
2013-11-05,-0.006412078630939622
2013-11-06,-0.00806682337774789
2013-11-07,0.0010524316233624376
2013-11-08,-0.010322101783519222
2013-11-11,-0.004249161001482538
2013-11-12,-0.0031034861123595547
2013-11-13,0.00642086718576329
2013-11-14,0.004253268461151594
2013-11-15,0.00336895266970072
2013-11-18,-9.59325876783712e-05
2013-11-19,0.0028782540618192964
2013-11-20,-0.005070321839776071
2013-11-21,-0.01836541044458284
2013-11-22,0.009599386849474811
2013-11-25,0.003395755280634738
2013-11-26,0.006285060135923448
2013-11-27,0.001825696815349831
2013-11-29,-0.005754851731124999
2013-12-02,0.00027964450705120214
2013-12-03,-0.0009672947891836703
2013-12-04,-0.00919819787295928
2013-12-05,-0.0026384940401017465
2013-12-06,0.0007838441821332864
2013-12-09,0.003328728569543138
2013-12-10,0.00917242295064491
2013-12-11,-0.0028040699505748057
2013-12-12,-0.005042125959205834
2013-12-13,0.0010720087784434895
2013-12-16,0.004283443197486525
2013-12-17,-0.00940276901075332
2013-12-18,0.0021528293414057043
2013-12-19,0.00029293700101606923
2013-12-20,0.008395067938412604
2013-12-23,0.0031945448507331164
2013-12-24,-0.007912682529910398
2013-12-26,-0.005308710812859552
2013-12-27,-0.0027469168163678503
2013-12-30,0.0007869951844350354
2013-12-31,0.0013761585460811965
2014-01-02,-0.005595231309828197
2014-01-03,0.0008884285464703101
2014-01-06,0.005621719566536676
2014-01-07,0.004315313527704312
2014-01-08,-0.003613194310853385
2014-01-09,0.005096417154767385
2014-01-10,0.007800885207120745
2014-01-13,0.007159964752093462
2014-01-14,0.0013449580725726218
2014-01-15,-0.005852303360290079
2014-01-16,0.007816837854377923
2014-01-17,9.575566253761103e-05
2014-01-21,0.005649043283382449
2014-01-22,-0.0007616692650073142
2014-01-23,0.0048593427982976944
2014-01-24,0.012421481050131966
2014-01-27,0.0002809713256510804
2014-01-28,-0.00290255475995993
2014-01-29,0.004319554478460885
2014-01-30,0.0009349948275132469
2014-01-31,0.006819086382880313
2014-02-03,-0.0012533325492942726
2014-02-04,0.006799633966937613
2014-02-05,-0.007677825365915103
2014-02-06,-0.006711814400763516
2014-02-07,-0.0047863267950287725
2014-02-10,0.001414513498869896
2014-02-11,0.0
2014-02-12,-0.004143378727123337
2014-02-13,0.003971498758119862
2014-02-14,-0.00018837086937428804
2014-02-18,0.0008478286382753719
2014-02-19,0.004894415844087119
2014-02-20,-0.008055185393577413
2014-02-21,-0.0034937457888268852
2014-02-24,0.00710674629548147
2014-02-25,0.0019758471185444826
2014-02-26,0.0037560968523064897
2014-02-27,0.009074450346187257
2014-02-28,0.0
2014-03-03,0.008016366254923968
2014-03-04,-0.004886389743718578
2014-03-05,-0.009357523849564231
2014-03-06,-0.005424386379516588
2014-03-07,-0.010531805727022392
2014-03-10,0.0028510460459947318
2014-03-11,0.0003790587632563902
2014-03-12,0.008904505532532525
2014-03-13,-0.002065639706716693
2014-03-14,0.0213577635253126
2014-03-17,-0.00727744803698438
2014-03-18,-0.00463974528610378
2014-03-19,0.0022374589796880784
2014-03-20,-0.007720604412310927
2014-03-21,0.002999778673377973
2014-03-24,0.005981613829158849
2014-03-25,0.003344651369296292
2014-03-26,0.0012963618668175858
2014-03-27,0.010080035808933019
2014-03-28,0.0020141994335138858
2014-03-31,-0.010233493917504055
2014-04-01,-0.0018575787858002846
2014-04-02,-0.008067088229682162
2014-04-03,0.0012152303442720669
2014-04-04,0.003267802877638948
2014-04-07,0.0069796266936033025
2014-04-08,0.0037890828829509893
2014-04-09,-0.0013810170443426806
2014-04-10,0.0003687804962437813
2014-04-11,0.014930104482688389
2014-04-14,-0.0005448324224440748
2014-04-15,0.001181113766176578
2014-04-16,-0.0016334589917057496
2014-04-17,0.00854424252099295
2014-04-21,-0.009012613753645482
2014-04-22,-0.006457151573119879
2014-04-23,0.008604465247766813
2014-04-24,-0.0013613393669779095
2014-04-25,0.009451486283778898
2014-04-28,-0.003421093264788455
2014-04-29,-0.008491755490634856
2014-04-30,0.005011133659069467
2014-05-01,0.0038930929263194525
2014-05-02,0.005974656142282431
2014-05-05,0.010978468795894036
2014-05-06,-0.00578566644211187
2014-05-07,0.0017905646661446895
2014-05-08,0.0002681046443440138
2014-05-09,-0.007236885067439136
2014-05-12,-0.004679768473361712
2014-05-13,0.0038880035046466865
2014-05-14,0.010718151423891653
2014-05-15,0.010248037421824119
2014-05-16,-0.0014995597233209423
2014-05-19,0.002826939826563013
2014-05-20,-0.011716347242427316
2014-05-21,-0.0033872135608424836
2014-05-22,0.0003577606068019268
2014-05-23,0.002324612295751649
2014-05-27,0.0029436266505507014
2014-05-28,0.011117375554769326
2014-05-29,0.006773005297024293
2014-05-30,-0.007950611267760532
2014-06-02,-0.005531986364574748
2014-06-03,-0.005593651933745392
2014-06-04,-0.005803692019483164
2014-06-05,-0.005657953901561985
2014-06-06,0.009031981747378737
2014-06-09,-0.006086771975339023
2014-06-10,-0.003692440501651739
2014-06-11,0.0019886525253298704
2014-06-12,0.0003608555700829186
2014-06-13,0.0024348964395530803
2014-06-16,0.005757587251189911
2014-06-17,-0.0012522622077566492
2014-06-18,-0.0024181052042637763
2014-06-19,0.006374134428180245
2014-06-20,-0.013738019360804987
2014-06-23,0.01004000871917654
2014-06-24,0.0006268600260612711
2014-06-25,0.008502056431244576
2014-06-26,0.0009761493667355126
2014-06-27,0.004166752623853576
2014-06-30,-0.0010594373144979796
2014-07-01,-0.00680594129571177
2014-07-02,-0.007761707886105196
2014-07-03,-0.011239113858964811
2014-07-07,0.00809320957043047
2014-07-08,0.00874987451731779
2014-07-09,0.0037557431757244686
2014-07-10,0.007839732158927637
2014-07-11,-0.0016795025855208534
2014-07-14,-0.000619805077269886
2014-07-15,-0.003986932342471827
2014-07-16,0.0015122035000960654
2014-07-17,0.01092471661935579
2014-07-18,0.0057108349820209625
2014-07-21,0.0011356813030087842
2014-07-22,0.000698088001960695
2014-07-23,0.003662405310905781
2014-07-24,-0.008601311034809878
2014-07-25,0.007186128358314781
2014-07-28,0.0021752610869341105
2014-07-29,0.0024310043462756337
2014-07-30,-0.006235994310898829
2014-07-31,-0.014119033399445535
2014-08-01,0.0030899899342677895
2014-08-04,0.008394464589269734
2014-08-05,-0.004030851284465231
2014-08-06,0.012317458086678057
2014-08-07,-0.005475412962626658
2014-08-08,0.009525489536186482
2014-08-11,-0.002423826611327007
2014-08-12,-0.0020826135610219065
2014-08-13,-0.004695659744940017
2014-08-14,0.009260892176188307
2014-08-15,0.00675208840527497
2014-08-18,0.004299232992706292
2014-08-19,-0.0011130154683778315
2014-08-20,-0.008914045205360877
2014-08-21,0.0002594486567828458
2014-08-22,0.00579285038756816
2014-08-25,0.00610333647470962
2014-08-26,0.004186609514071904
2014-08-27,-0.002042035048428481
2014-08-28,0.012192022009565262
2014-08-29,-0.0017688706800019771
2014-09-02,-0.011580477004200507
2014-09-03,-0.007529685681453291
2014-09-04,0.0018967030007468466
2014-09-05,-0.0015489100905355935
2014-09-08,-0.0002585521557988413
2014-09-09,-0.007930983318901519
2014-09-10,-0.004518566378634237
2014-09-11,0.002531408047378836
2014-09-12,-0.013669915298648139
2014-09-15,0.0014124200496448136
2014-09-16,-0.002115641905523158
2014-09-17,-0.000706709103779124
2014-09-18,-0.0030940389419967795
2014-09-19,0.003547019113421479
2014-09-22,0.009543102060439956
2014-09-23,0.002188169479791835
2014-09-24,0.003318755595543843
2014-09-25,0.00017409357818043425
2014-09-26,0.006179246095898039
2014-09-29,0.008476720510546043
2014-09-30,-0.002916183365849423
2014-10-01,0.004487188640275974
2014-10-02,0.008069932534169766
2014-10-03,-0.007068536116647373
2014-10-06,0.0053176996655048825
2014-10-07,0.005886780983493489
2014-10-08,0.00966906630983444
2014-10-09,-0.001512074336552205
2014-10-10,0.002103283557292057
2014-10-13,0.005373104753995106
2014-10-14,0.009603198603720164
2014-10-15,0.027046751159542692
2014-10-16,-0.003704545821817229
2014-10-17,-0.02368408500793695
2014-10-20,0.004884843273047057
2014-10-21,-0.007744799517155454
2014-10-22,-0.0030722790958214174
2014-10-23,-0.0035814898590704747
2014-10-24,-0.000919488217687614
2014-10-27,-0.0003346670701230847
2014-10-28,-0.0034314859202451142
2014-10-29,-0.004367114174169795
2014-10-30,0.011471781793152891
2014-10-31,-0.008172675836617627
2014-11-03,-0.0012625419630083456
2014-11-04,0.004388453793616742
2014-11-05,-0.004285254814488604
2014-11-06,-0.00261597283125381
2014-11-07,0.0010152906192788524
2014-11-10,0.00726886942322591
2014-11-11,-0.009230297296941914
2014-11-12,0.006097934891764911
2014-11-13,-0.004209010734750773
2014-11-14,0.001183504388405865
2014-11-17,0.007936993141652637
2014-11-18,-0.003853475465235623
2014-11-19,-0.0037001916514491917
2014-11-20,0.008609574084326832
2014-11-21,-0.002761673611298865
2014-11-24,0.0008391883538905187
2014-11-25,0.005869392951024066
2014-11-26,0.010586618762797206
2014-11-28,0.004041811811275053
2014-12-01,0.006799105436519071
2014-12-02,-0.015048210008023588
2014-12-03,-0.004483795603152041
2014-12-04,0.0037533254859689613
2014-12-05,0.006813818615725387
2014-12-08,-0.0012379947651709466
2014-12-09,0.018014492401973614
2014-12-10,-0.0034092658374058615
2014-12-11,0.0045612382532473905
2014-12-12,0.013864826009701625
2014-12-15,0.0015194690529629629
2014-12-16,0.013734324609864013
2014-12-17,-0.003544599913617108
2014-12-18,-0.015651718724536523
2014-12-19,-0.002810710401971672
2014-12-22,0.007006315733144142
2014-12-23,0.0
2014-12-24,-0.017027437416282876
2014-12-26,0.012147940221913123
2014-12-29,0.002899845655270017
2014-12-30,0.00859406423471154
2014-12-31,-0.0022297513771378785
2015-01-02,0.004708904371990563
2015-01-05,0.013663314200499155
2015-01-06,0.021080754929172496
2015-01-07,0.0
2015-01-08,-0.0026094723927971852
2015-01-09,-0.008926198455048162
2015-01-12,0.01397574791482481
2015-01-13,0.0029863423453013738
2015-01-14,0.01778835905829168
2015-01-15,-0.00652591990345841
2015-01-16,0.01117448871700022
2015-01-20,-0.0014933783005151025
2015-01-21,0.008001523230392715
2015-01-22,-0.00890243784572331
2015-01-23,0.0022456007777007514
2015-01-26,0.004033024848426381
2015-01-27,0.0066203225073515615
2015-01-28,-0.007241849935769928
2015-01-29,0.010197660553363797
2015-01-30,0.011715767671220512
2015-02-02,-0.005342944874361266
2015-02-03,-0.007703857475068965
2015-02-04,-0.015970973460796123
2015-02-05,0.0038321270915373518
2015-02-06,-0.014596315711467245
2015-02-09,-0.0006076932924575784
2015-02-10,-0.01390943672079159
2015-02-11,-0.003391519561146139
2015-02-12,-0.00030936919273072405
2015-02-13,-0.0011604934989621896
2015-02-17,-0.013244996533834819
2015-02-18,-0.007692588074898032
2015-02-19,-0.0003164172547691635
2015-02-20,0.002136492487373909
2015-02-23,0.0011054491384034915
2015-02-24,0.0036281792477674824
2015-02-25,0.014224487640724925
2015-02-26,0.0018596670986381625
2015-02-27,-0.005259276276421088
2015-03-02,0.0018002371439056475
2015-03-03,-0.016407957002882556
2015-03-04,0.00039530021634281987
2015-03-05,-0.003240180923321234
2015-03-06,-0.01474714077576711
2015-03-09,8.047244600417613e-05
2015-03-10,0.010380109639974266
2015-03-11,0.002309539743151401
2015-03-12,0.015414424266204207
2015-03-13,-0.011267945616663777
2015-03-16,0.009338683214171972
2015-03-17,0.004782957843289859
2015-03-18,0.010612882742628171
2015-03-19,0.009960917378102563
2015-03-20,0.0001529097047541228
2015-03-23,0.0036692718989619344
2015-03-24,0.0009901280812505409
2015-03-25,0.006771864211466028
2015-03-26,-0.012621286796713371
2015-03-27,-0.00780734868180899
2015-03-30,0.006711609050449541
2015-03-31,-0.00505762070890714
2015-04-01,0.010513189432682868
2015-04-02,0.004582706822086058
2015-04-06,-0.00380150118976752
2015-04-07,-0.00915841858631472
2015-04-08,0.006085021414055314
2015-04-09,-0.0011483957988385196
2015-04-10,-0.0042156257992247426
2015-04-13,-0.006080806015104523
2015-04-14,0.013784879762549718
2015-04-15,-0.001986143025483167
2015-04-16,-0.0016839270760423686
2015-04-17,-0.008127152337648824
2015-04-20,0.009044038355053852
2015-04-21,-0.005439071430339393
2015-04-22,-0.005622867876726945
2015-04-23,-0.013168394000441008
2015-04-24,0.006593562489129345
2015-04-27,0.0033531667150878963
2015-04-28,-0.006994801186461008
2015-04-29,-0.0184711249809002
2015-04-30,-0.0061400087298257855
2015-05-01,-0.00043225633815369147
2015-05-04,-0.003458598583475747
2015-05-05,-0.011622481113920502
2015-05-06,-0.007104487445061758
2015-05-07,-0.004605724730773808
2015-05-08,0.01611199889983772
2015-05-11,-0.014311524561059552
2015-05-12,-0.020459039179871796
2015-05-13,0.012717094522269878
2015-05-14,-0.014386955965781545
2015-05-15,0.0123188232679321
2015-05-18,-0.0005000924693697728
2015-05-19,-0.017095041480401307
2015-05-20,0.004242040160937766
2015-05-21,0.006843076465669284
2015-05-22,0.008978181150852471
2015-05-26,0.0015800703072053057
2015-05-27,0.011126073772100842
2015-05-28,0.0026277364519853297
2015-05-29,0.005978813038570507
2015-06-01,-0.006972074442310405
2015-06-02,-0.015939701244575555
2015-06-03,-0.014861982269898877
2015-06-04,-0.0011018006092099464
2015-06-05,-0.0035635898836712254
2015-06-08,0.0010218098461365344
2015-06-09,-0.007655751135675959
2015-06-10,-0.009772097538671809
2015-06-11,0.005540229513129935
2015-06-12,0.00886718064249914
2015-06-15,0.011093221612624049
2015-06-16,-0.002363094929682119
2015-06-17,-0.0009305577186017322
2015-06-18,-0.009568269516179284
2015-06-19,0.009746198723489918
2015-06-22,-0.005672741411968385
2015-06-23,-0.017966823174068947
2015-06-24,0.006763278654636329
2015-06-25,0.0006890096390084199
2015-06-26,-0.00791815518669925
2015-06-29,0.011191244644664478
2015-06-30,0.003774922637001854
2015-07-01,-0.011323835408856064
2015-07-02,0.004332021277471121
2015-07-06,0.01492414194467484
2015-07-07,0.013684708798966438
2015-07-08,0.003018625873670411
2015-07-09,-0.011034984369450163
2015-07-10,-0.022485290314176898
2015-07-13,-0.0056209137050994284
2015-07-14,0.005478758136913342
2015-07-15,0.0007784149930887274
2015-07-16,0.0067410159031982
2015-07-17,0.01270500096464433
2015-07-20,-0.0006781410190671577
2015-07-21,-0.005174334258884805
2015-07-22,0.011340424319742803
2015-07-23,0.004974303834023752
2015-07-24,0.015939655861301416
2015-07-27,0.005697791032886368
2015-07-28,-0.008457210787750635
2015-07-29,-0.0011593284867376097
2015-07-30,0.001575200546523936
2015-07-31,0.01018131327849936
2015-08-03,0.0012090807073037446
2015-08-04,0.006889739135598871
2015-08-05,-0.011322866252681418
2015-08-06,0.001895024916896526
2015-08-07,0.010690751120453923
2015-08-10,0.0008950334376460756
2015-08-11,0.0072351584765402155
2015-08-12,0.005084727865814154
2015-08-13,-0.00883318194260807
2015-08-14,-0.0029166226013731533
2015-08-17,0.010075531032511575
2015-08-18,-0.007320382964148497
2015-08-19,-0.005996737314880707
2015-08-20,0.018832478280493614
2015-08-21,0.006321495098501773
2015-08-24,0.01709599668110351
2015-08-25,-0.029395568583823417
2015-08-26,-0.012484853432799592
2015-08-27,-0.009624761852021768
2015-08-28,0.010953675038228639
2015-08-31,0.0017107882194005164
2015-09-01,-0.011843513218311674
2015-09-02,-0.0018145631753584412
2015-09-03,-0.00033052033544522796
2015-09-04,0.008844342018885731
2015-09-08,-0.008766805393571997
2015-09-09,-0.01446504535580595
2015-09-10,0.01165801256580612
2015-09-11,0.003730684366099579
2015-09-14,0.003964605957754053
2015-09-15,-0.008720597763606786
2015-09-16,-0.01601775390130955
2015-09-17,-0.0006747564339277812
2015-09-18,0.01966555050542973
2015-09-21,-0.0016554742753309704
2015-09-22,0.003565171735927075
2015-09-23,0.001487095729575616
2015-09-24,0.01278653167705035
2015-09-25,-0.012380743653606197
2015-09-28,0.004536033816770146
2015-09-29,0.011001524567319176
2015-09-30,-0.0010556978000191286
2015-10-01,0.007543332018894677
2015-10-02,0.012208716236681738
2015-10-05,-0.014937041453741196
2015-10-06,-0.009487348476169055
2015-10-07,0.0021284934165102243
2015-10-08,0.00392118010897291
2015-10-09,-0.010741127407282725
2015-10-12,0.008719103806256845
2015-10-13,0.004077234977384769
2015-10-14,0.0013806307311428068
2015-10-15,0.004947197685017279
2015-10-16,-0.0004842140983492005
2015-10-19,-0.0037141065715644572
2015-10-20,-0.00802320227806641
2015-10-21,0.0066175320235351
2015-10-22,0.0039768812546325805
2015-10-23,-0.008083935332446779
2015-10-26,0.006275359810181014
2015-10-27,0.005183356051499777
2015-10-28,-0.0019337352862562884
2015-10-29,-0.00879939677458419
2015-10-30,-0.007655837359229922
2015-11-02,-0.0016003976840515133
2015-11-03,-0.0010709902509107305
2015-11-04,-0.004535970553905977
2015-11-05,-0.00041423993860445485
2015-11-06,-0.012929642109714035
2015-11-09,-0.011671551637931876
2015-11-10,0.0033983843107794343
2015-11-11,-0.0012700778994629847
2015-11-12,0.003391181474565963
2015-11-13,0.004816101325105571
2015-11-16,0.003952137376399101
2015-11-17,-0.0066168037889978715
2015-11-18,0.004890264497360741
2015-11-19,0.01090759665875729
2015-11-20,0.0004149963340560614
2015-11-23,-0.0033185934794500715
2015-11-24,0.0030799199738933414
2015-11-25,0.0022406082795642934
2015-11-27,0.0006623997501391532
2015-11-30,-0.0012411773800879988
2015-12-01,0.003451950696225614
2015-12-02,0.011583283427168967
2015-12-03,-0.01063274395582825
2015-12-04,-0.015128489229454312
2015-12-07,0.010744219335465877
2015-12-08,0.012207900031629526
2015-12-09,-0.0076302164067924005
2015-12-10,0.0036377516953387534
2015-12-11,0.010214687181195448
2015-12-14,0.0004077178413326443
2015-12-15,-0.016791128865154215
2015-12-16,0.00041451178513707276
2015-12-17,0.005883628626471404
2015-12-18,0.010709828479111616
2015-12-21,0.002852861693983799
2015-12-22,-0.006339719729153925
2015-12-23,-0.011615178027325479
2015-12-24,0.004094223112251383
2015-12-28,0.004294870656719185
2015-12-29,-0.0024672136291447044
2015-12-30,-0.014592563378813095
2015-12-31,0.0054382083638242484
2016-01-04,0.011316861726160088
2016-01-05,-0.008639510805748984
2016-01-06,0.01178573280948858
2016-01-07,0.0031171901385271816
2016-01-08,-0.0020444101726615482
2016-01-11,-0.003195813402690151
2016-01-12,0.0024661995222898803
2016-01-13,0.009758524963690896
2016-01-14,0.007633918880857848
2016-01-15,0.007495487054222538
2016-01-19,-0.002159919501321439
2016-01-20,0.014831483193727735
2016-01-21,-0.0003159940558997709
2016-01-22,-0.016041767498107262
2016-01-25,0.00835243020743981
2016-01-26,0.00031858634422810006
2016-01-27,-0.001910909286400475
2016-01-28,-0.0016752468664074094
2016-01-29,0.014942707211648587
2016-02-01,-0.002987687886381152
2016-02-02,0.010443417403041222
2016-02-03,0.0013310845019043338
2016-02-04,-0.000469170021456522
2016-02-05,-0.00258164636993663
2016-02-08,0.014353458170007771
2016-02-09,0.017939243666280857
2016-02-10,-0.0025826954920286083
2016-02-11,0.020867381249666694
2016-02-12,-0.013428285477178559
2016-02-16,-0.014518462560323298
2016-02-17,-0.008286948955256723
2016-02-18,-0.0017795603320992504
2016-02-19,0.01185904868673493
2016-02-22,0.0012256271802135732
2016-02-23,-0.009333967288947642
2016-02-24,0.01946165243877873
2016-02-25,-0.0069694114502727444
2016-02-26,-0.008925478593854508
2016-02-29,0.0012315706255443537
2016-03-01,0.004601700041098722
2016-03-02,-0.019167934383348628
2016-03-03,0.005862757255259421
2016-03-04,-0.0024868632226714427
2016-03-07,-0.0023372466775980483
2016-03-08,0.014837240627725734
2016-03-09,-0.009772526673278104
2016-03-10,0.003263754340080416
2016-03-11,-0.005266983553523952
2016-03-14,-0.007786575814842989
2016-03-15,0.005336424025174091
2016-03-16,-0.005854519595136609
2016-03-17,0.005967516803650819
2016-03-18,0.004136870914239088
2016-03-21,-0.006140875282444447
2016-03-22,0.004536347863827839
2016-03-23,-0.0032701072130532083
2016-03-24,0.016950985475707503
2016-03-28,-0.00921756995895695
2016-03-29,0.007752769997253051
2016-03-30,-0.0026925944321630757
2016-03-31,-0.0003856948731676413
2016-04-01,0.009813535811141971
2016-04-04,-0.0014549690456114872
2016-04-05,0.009356045533026602
2016-04-06,-0.0036469461051503727
2016-04-07,0.005032905630167228
2016-04-08,-0.0001517485556630227
2016-04-11,-0.006450292433205274
2016-04-12,-0.0018330829625488043
2016-04-13,-0.0029842301505174085
2016-04-14,0.0016884506078558292
2016-04-15,0.0029114987644376367
2016-04-18,0.00030558384715795306
2016-04-19,-0.0019093155938030293
2016-04-20,0.0006121497755069427
2016-04-21,-0.020800359401424773
2016-04-22,0.003201950002478249
2016-04-25,-0.0061499192512275425
2016-04-26,-0.002349863838369326
2016-04-27,0.0012562126480173408
2016-04-28,0.0022740287556355376
2016-04-29,0.0018776849270394358
2016-05-02,0.0036644118161406336
2016-05-03,0.006938610200768691
2016-05-04,0.0010065210060714591
2016-05-05,0.0029391799766853577
2016-05-06,0.0060924935398589675
2016-05-09,-0.002989473341095894
2016-05-10,0.0029984370888380685
2016-05-11,-0.0001533063197163287
2016-05-12,-0.0013033035679597127
2016-05-13,0.006294727025533797
2016-05-16,0.0012205563495844007
2016-05-17,-0.0032762463537976405
2016-05-18,-0.003057688761401778
2016-05-19,-0.008664463997808403
2016-05-20,-0.00023204052150893606
2016-05-23,0.005492900319479244
2016-05-24,-0.0030007441510108146
2016-05-25,-0.0010804323011222028
2016-05-26,-0.00015451441980129932
2016-05-27,0.0020089978151385246
2016-05-31,-0.008096993557050847
2016-06-01,0.01460638842210793
2016-06-02,0.002073118630179005
2016-06-03,0.015018171183756257
2016-06-06,-0.0006039168524644145
2016-06-07,-0.0010574931322319125
2016-06-08,0.0017391492813771947
2016-06-09,0.010945166693377306
2016-06-10,0.0035093334520897024
2016-06-13,0.002232166660350421
2016-06-14,0.00816638234514988
2016-06-15,-0.00493377812878848
2016-06-16,0.0090284388115911
2016-06-17,-0.0039604376571023
2016-06-20,-0.014432079238152262
2016-06-21,0.00037355648728687463
2016-06-22,-0.005899988453002547
2016-06-23,-0.006686271366751706
2016-06-24,0.03025293716131472
2016-06-27,0.013434291961192946
2016-06-28,0.007243827455033269
2016-06-29,0.0017260156309419905
2016-06-30,-0.0062460259249754735
2016-07-01,0.0163212576954741
2016-07-05,0.007406390016560627
2016-07-06,0.006645021519970928
2016-07-07,-0.004915754985150955
2016-07-08,0.005857474816699515
2016-07-11,0.0009120932562098893
2016-07-12,-0.018435533161702766
2016-07-13,0.006784295101623261
2016-07-14,-0.014824872910899511
2016-07-15,-0.0028079919646875062
2016-07-18,0.0012996456823728408
2016-07-19,-0.0009374146853470267
2016-07-20,-0.005124530193913235
2016-07-21,-0.008633242620723403
2016-07-22,0.006513023418371233
2016-07-25,0.007343356416116498
2016-07-26,0.004186235928226312
2016-07-27,0.00021562678718556327
2016-07-28,0.0017965024559261078
2016-07-29,0.004662530148029198
2016-08-01,-0.0029603899971542003
2016-08-02,-0.013989525923772228
2016-08-03,0.005602444762546899
2016-08-04,0.006222415227224776
2016-08-05,-0.002948155641284922
2016-08-08,-0.010457233615542294
2016-08-09,0.008089789452092155
2016-08-10,0.008603238949258074
2016-08-11,0.0011468712037743245
2016-08-12,0.002505906804722624
2016-08-15,-0.007641765538884737
2016-08-16,-0.002590860043490628
2016-08-17,-0.002525434760385692
2016-08-18,0.004123263927905629
2016-08-19,-0.0040342915190735296
2016-08-22,0.007305605863291209
2016-08-23,0.004452104012006908
2016-08-24,-0.001215327432397828
2016-08-25,-0.00601245442656595
2016-08-26,0.0033844603249764127
2016-08-29,-0.0025118415632471303
2016-08-30,0.00568386220083239
2016-08-31,-0.003648590678557717
2016-09-01,-0.00565550989479735
2016-09-02,0.0024596560801404266
2016-09-06,-0.0018041331010500983
2016-09-07,0.012001095365508085
2016-09-08,-0.01078720081361273
2016-09-09,-0.020148665760348572
2016-09-12,-0.005527683445552434
2016-09-13,0.004076166289472605
2016-09-14,-0.013433647016314998
2016-09-15,-0.0032919173388150647
2016-09-16,0.007281150349765397
2016-09-19,-0.0004471248499345881
2016-09-20,0.004696911039755669
2016-09-21,-0.004081308354097701
2016-09-22,0.015423508607532943
2016-09-23,0.002641606487339576
2016-09-26,0.00029273852443711945
2016-09-27,0.01112080870891985
2016-09-28,-0.0006512267668927763
2016-09-29,-0.006806134136960296
2016-09-30,0.007217284350043096
2016-10-03,-0.004503299956271967
2016-10-04,-0.007720803681089516
2016-10-05,-0.011744721993670937
2016-10-06,-0.007799071742589092
2016-10-07,-0.0002994428672752347
2016-10-10,-0.00808737923253755
2016-10-11,7.549368611026175e-05
2016-10-12,-0.0014342717774475933
2016-10-13,0.007332852164633863
2016-10-14,-0.010281317345986363
2016-10-17,-0.0012890368943665464
2016-10-18,-0.0018221656465994274
2016-10-19,0.0038791704765015478
2016-10-20,0.009622567533746684
2016-10-21,-0.000900553341945165
2016-10-24,-0.0008262513143196815
2016-10-25,-0.00661547657062711
2016-10-26,-0.0005297355467466236
2016-10-27,-0.010524609629913195
2016-10-28,-0.005203494642214923
2016-10-31,0.0038461122245052604
2016-11-01,-0.0036914720790260924
2016-11-02,0.008784627750741292
2016-11-03,-0.004201290819313863
2016-11-04,0.003988887981992262
2016-11-07,-0.0039730399706015
2016-11-08,0.002071153379709978
2016-11-09,-0.029089317594623965
2016-11-10,-0.025624418477550814
2016-11-11,-0.008172701541339977
2016-11-14,-0.013706213414931279
2016-11-15,0.007775525763928259
2016-11-16,0.000656641137906977
2016-11-17,-0.002870919835780472
2016-11-18,-0.0026323983993359334
2016-11-21,-0.003464141893970041
2016-11-22,0.0037244827358171584
2016-11-23,-0.013770680629715759
2016-11-25,0.010033264746989179
2016-11-28,0.0018211596878749958
2016-11-29,0.00024788851139456725
2016-11-30,-0.012143526914950464
2016-12-01,-0.010204935065282528
2016-12-02,0.00558739953207632
2016-12-05,-0.002020492343012603
2016-12-06,0.0064955371301671505
2016-12-07,0.001005758562158121
2016-12-08,-0.0056098431466491405
2016-12-09,-0.004294269286139074
2016-12-12,-0.011585336673582747
2016-12-13,0.009667793288558046
2016-12-14,0.005762080499607691
2016-12-15,-0.012806154568956729
2016-12-16,0.00042671972433971916
2016-12-19,0.003156379070906379
2016-12-20,-0.002976369435798043
2016-12-21,0.0024734967153987597
2016-12-22,-0.0007037579033796204
2016-12-23,0.006060919651090346
2016-12-27,-0.0069577649163188315
2016-12-28,0.003759593194456956
2016-12-29,0.00800177477321573
2016-12-30,-0.0001688990359890452
2017-01-03,-0.003125159985787329
2017-01-04,0.01143835745567956
2017-01-05,0.00578015610027105
2017-01-06,0.005663648941171662
2017-01-09,0.006211491925410151
2017-01-10,-0.002716184882395778
2017-01-11,0.003218779482291767
2017-01-12,0.0070750483944306275
2017-01-13,-0.012008436409082779
2017-01-17,0.012237074590532693
2017-01-18,-0.008495070577958619
2017-01-19,-0.01054505244450965
2017-01-20,-0.005411979047784676
2017-01-23,0.004185713800541446
2017-01-24,0.0035847093036640576
2017-01-25,-0.012377066375584111
2017-01-26,-0.003112017347826068
2017-01-27,0.0041341859351302634
2017-01-30,0.0003360950878950053
2017-01-31,-0.0009239509508570665
2017-02-01,0.00023168938813777906
2017-02-02,0.006991547780692553
2017-02-03,-0.00409888272311798
2017-02-06,0.002687838500772477
2017-02-07,0.0001675395889897402
2017-02-08,0.01373594484091245
2017-02-09,-8.262088615396124e-05
2017-02-10,-0.010741602562491792
2017-02-13,0.001169348648694335
2017-02-14,-8.342734859723144e-05
2017-02-15,-0.01234827765702895
2017-02-16,0.0038859631471521716
2017-02-17,0.011696913106642226
2017-02-21,-0.007735510630685671
2017-02-22,0.009388508672764972
2017-02-23,-0.0019100646564801371
2017-02-24,0.006490006915435886
2017-02-27,0.003802760031868635
2017-02-28,-0.002553021056984406
2017-03-01,-0.015110434841213771
2017-03-02,-0.003611760534800834
2017-03-03,0.0018545757641923455
2017-03-06,-0.0009255713344574756
2017-03-07,-0.005390131312257962
2017-03-08,-0.009907235090311883
2017-03-09,0.0002565736008626196
2017-03-10,-0.0017100519330431885
2017-03-13,-0.002655120908625075
2017-03-14,-0.0005152624456105093
2017-03-15,0.0067877864441501234
2017-03-16,0.0036697087331127864
2017-03-17,0.0010203603372309633
2017-03-20,0.0037375076393200146
2017-03-21,0.004231353062073007
2017-03-22,0.014073170646360822
2017-03-23,0.0009141108772097173
2017-03-24,-0.002490752833991916
2017-03-27,0.010820212752615799
2017-03-28,-0.0003293658179271963
2017-03-29,-0.0070013295600850345
2017-03-30,0.0010783414086432686
2017-03-31,-0.00654593900738043
2017-04-03,0.0035409865063675827
2017-04-04,0.0076624317168410006
2017-04-05,-0.006694971636108882
2017-04-06,0.005658352525028665
2017-04-07,0.004964572695931535
2017-04-10,-0.005763388716329643
2017-04-11,0.00546555232941337
2017-04-12,0.005847648677467454
2017-04-13,0.007696948366063605
2017-04-17,8.125700164107741e-05
2017-04-18,0.0032500158527339895
2017-04-19,0.0019436924823656998
2017-04-20,-0.0029907128819817164
2017-04-21,0.0007296528798925728
2017-04-24,-0.01028870572247298
2017-04-25,-0.0027830910568119593
2017-04-26,-0.005663800598246449
2017-04-27,0.0018986873191226827
2017-04-28,-0.00123592769366776
2017-05-01,0.0028375264808588874
2017-05-02,-0.005935348142031671
2017-05-03,0.010365949376361261
2017-05-04,-0.009931291730201575
2017-05-05,0.0030673035639516844
2017-05-08,-0.002231458045850787
2017-05-09,-0.006046694300560818
2017-05-10,0.004416772603193397
2017-05-11,-0.0075501678490325075
2017-05-12,0.008443607272865306
2017-05-15,0.00041450048480240476
2017-05-16,0.0004143287346203284
2017-05-17,0.012590377193873348
2017-05-18,0.009161769891563587
2017-05-19,-0.0031612960856124417
2017-05-22,0.0004065796827967816
2017-05-23,0.0008128289069060379
2017-05-24,-0.005766398095619074
2017-05-25,0.001797134234691411
2017-05-26,0.004321693075030719
2017-05-30,0.0038971439174988465
2017-05-31,0.00016175063063861295
2017-06-01,-0.0007110675565358271
2017-06-02,0.012325863605917808
2017-06-05,-0.0025633234810262806
2017-06-06,0.006344467758888639
2017-06-07,-0.003591153364957078
2017-06-08,-0.002883276994203543
2017-06-09,-0.006425809590263398
2017-06-12,0.0010509472425670463
2017-06-13,-0.0016151444816073779
2017-06-14,0.015449583132258304
2017-06-15,0.001354172386684338
2017-06-16,-7.954947853294758e-05
2017-06-19,0.0019093392998761338
2017-06-20,0.0037319971540294983
2017-06-21,0.002531486719524967
2017-06-22,0.004734552161056227
2017-06-23,-0.0018848967205442602
2017-06-26,0.006294854221938095
2017-06-27,-0.006568250753571259
2017-06-28,-0.005981994298430604
2017-06-29,-0.013144565632194682
2017-06-30,0.0014442990311602788
2017-07-03,0.0005441481237864476
2017-07-05,-0.006419581375750272
2017-07-06,-0.005491899866454375
2017-07-07,-0.005522227386299927
2017-07-10,0.00024498051986543423
2017-07-11,-8.164016602729696e-05
2017-07-12,0.0084096242737286
2017-07-13,-0.0023480123852406276
2017-07-14,0.004057825043706442
2017-07-17,-0.006223795503245366
2017-07-18,0.008946819610353929
2017-07-19,0.0028214721279269384
2017-07-20,0.0057074543160167135
2017-07-21,0.0019183315474620155
2017-07-24,-0.002233768360292432
2017-07-25,-0.010474241860044198
2017-07-26,-0.007029807790480458
2017-07-27,-0.0013019909604182756
2017-07-28,0.001303688350866361
2017-07-31,0.0015461142687716034
2017-08-01,-0.00010264550264604821
2017-08-02,0.012947930846635591
2017-08-03,0.004180415688493921
2017-08-04,-0.0011208110725446918
2017-08-07,-0.002484580702198258
2017-08-08,0.00024104218151710377
2017-08-09,0.008474607337987994
2017-08-10,-0.0024294166108739246
2017-08-11,0.0011977047758886528
2017-08-14,0.0017545322596366209
2017-08-15,-0.010031084918145416
2017-08-16,0.0008041846939779163
2017-08-17,0.00699078497599781
2017-08-18,0.010213889721704561
2017-08-21,-0.0016587737469777597
2017-08-22,0.00015824093800675954
2017-08-23,0.0019776987823414416
2017-08-24,-0.0012632289380255513
2017-08-25,0.0011067233670241095
2017-08-28,-0.0007896427775204717
2017-08-29,0.01217010868641677
2017-08-30,-0.007807648053326011
2017-08-31,0.0014164356873569428
2017-09-01,-0.0005360553042127458
2017-09-05,0.002993768448275036
2017-09-06,0.008090467168050841
2017-09-07,-0.003038795493191082
2017-09-08,0.0060961158457322195
2017-09-11,-0.009632540012139201
2017-09-12,-0.006471079303938532
2017-09-13,-0.0010658007692276872
2017-09-14,-0.0042677516397673365
2017-09-15,0.005000383981733636
2017-09-18,-0.003948813138704321
2017-09-19,-0.0017443659533895595
2017-09-20,-0.0024622653034342967
2017-09-21,0.0015128553976351267
2017-09-22,0.002703125483568103
2017-09-25,-0.0014272085063944395
2017-09-26,0.003573120859555079
2017-09-27,-0.015032796294487727
2017-09-28,-0.0053016168358633875
2017-09-29,0.004441561487043222
2017-10-02,0.0024360205765605603
2017-10-03,-0.007152553136449691
2017-10-04,0.004937628345675682
2017-10-05,-0.0020942224027447054
2017-10-06,-0.007910173214088934
2017-10-09,0.003986621468232254
2017-10-10,0.0029173161528066593
2017-10-11,0.0034744360438796473
2017-10-12,-0.00016104214750112256
2017-10-13,0.008295006344041456
2017-10-16,-0.000399357537171241
2017-10-17,-0.0011186478486178153
2017-10-18,-0.002719758639867953
2017-10-19,0.005534562872659743
2017-10-20,-0.013879904565370693
2017-10-23,0.0012942775063538026
2017-10-24,-0.006382234829229838
2017-10-25,-0.006829762903226011
2017-10-26,0.004338888745659908
2017-10-27,-0.0009781458389034325
2017-10-30,0.0075064605078927205
2017-10-31,0.00542593190622509
2017-11-01,0.0006717167246015343
2017-11-02,0.005243123933178051
2017-11-03,0.003771407949428651
2017-11-06,0.0036772966443558985
2017-11-07,0.002389450233523327
2017-11-08,0.0028605052351540206
2017-11-09,-0.005704692178613802
2017-11-10,-0.009243624968694686
2017-11-13,0.0007238689652551145
2017-11-14,-0.0002411151227544872
2017-11-15,0.010370450720147417
2017-11-16,-0.0003978297745466097
2017-11-17,0.00047758573541045735
2017-11-20,-0.0012729540130277384
2017-11-21,0.009400001606957309
2017-11-22,-0.0037092019291266043
2017-11-24,0.002455603215248292
2017-11-27,-0.0005531327736605363
2017-11-28,-0.0007115643028536844
2017-11-29,-0.00957339879354735
2017-11-30,-0.001997093937628258
2017-12-01,0.006537393084778964
2017-12-04,0.00039842967167103005
2017-12-05,0.004380980835002823
2017-12-06,0.011102945768923789
2017-12-07,0.00047061531775804966
2017-12-08,-0.010505464713985169
2017-12-11,0.00213924652309605
2017-12-12,-0.005455293109885018
2017-12-13,0.005087737108067314
2017-12-14,0.0018982436559027427
2017-12-15,0.005999715974133402
2017-12-18,0.0012555650755090575
2017-12-19,-0.0129317780635263
2017-12-20,-0.015959643485638275
2017-12-21,-0.0001462882232231566
2017-12-22,0.005418368491096226
2017-12-26,0.0022521896000273767
2017-12-27,0.005858585402890748
2017-12-28,0.006542546684867201
2017-12-29,-0.00023780560289177188
2018-01-02,-7.928739600526757e-05
2018-01-03,-0.003885390244885989
2018-01-04,-0.0027861038542870142
2018-01-05,0.0017561581129397208
2018-01-08,0.0009562251473043126
2018-01-09,-0.009393897905036419
2018-01-10,-0.016072847546259372
2018-01-11,0.005717391399472582
2018-01-12,0.004791549019735664
2018-01-16,0.008648319546255001
2018-01-17,-0.0007211916505528437
2018-01-18,-0.009221877388060129
2018-01-19,-0.004289641172397607
2018-01-22,0.00040642655530453986
2018-01-23,0.002925082350509145
2018-01-24,-0.0077774698684028865
2018-01-25,0.0025311606663116493
2018-01-26,0.005863982108252452
2018-01-29,-0.007368214743350809
2018-01-30,-0.0056283590637301595
2018-01-31,0.004839895517791959
2018-02-01,-0.0011056954490972215
2018-02-02,-0.019082056606018694
2018-02-05,-0.008182059920185059
2018-02-06,0.01052239579278158
2018-02-07,-0.002415776071864939
2018-02-08,-0.01770292240828497
2018-02-09,0.0008500926389509722
2018-02-12,0.0038221676463314758
2018-02-13,0.0004230682598151958
2018-02-14,-0.0012686680355289415
2018-02-15,-0.0022865032840221344
2018-02-16,0.0072147476210697725
2018-02-20,-0.00640462541087361
2018-02-21,-0.0003392583684564965
2018-02-22,-0.008484337647782558
2018-02-23,0.005476440058995502
2018-02-26,0.006808265021165383
2018-02-27,-0.001352445201038055
2018-02-28,-0.00042321149769497524
2018-03-01,0.0016835438626114918
2018-03-02,0.003557663943011713
2018-03-05,-0.0008440599573003027
2018-03-06,-0.003294614708271859
2018-03-07,0.0017798873450107777
2018-03-08,-0.002199754733658632
2018-03-09,-0.002713359166921725
2018-03-12,0.0027207415158545523
2018-03-13,0.005681095750708298
2018-03-14,0.0035411662069924077
2018-03-15,0.006469229410002386
2018-03-16,-0.0030886098268870787
2018-03-19,-0.004940339326215848
2018-03-20,-0.0025245088805295746
2018-03-21,-0.0021090817943844042
2018-03-22,0.013949360169554614
2018-03-23,-0.00525284549786087
2018-03-26,0.002682201191894773
2018-03-27,-0.0014211076901032849
2018-03-28,0.013561592776187403
2018-03-29,0.0007433409408346137
2018-04-02,0.0005761572850715435
2018-04-03,-0.003805069313925765
2018-04-04,0.000389785391014863
2018-04-05,-0.004188560254543283
2018-04-06,0.0022498161810686756
2018-04-09,-0.0005855910940687492
2018-04-10,0.0006835899158923464
2018-04-11,0.0014638348729942852
2018-04-12,-0.002338712310527402
2018-04-13,-0.003125592943397426
2018-04-16,-0.0006858671965527252
2018-04-17,0.0014707241443328023
2018-04-18,0.0
2018-04-19,-0.005188927163641499
2018-04-20,-0.0016730542232359369
2018-04-23,-0.0029573965083241616
2018-04-24,-0.0014830843225592805
2018-04-25,-0.0013862679851004422
2018-04-26,0.001784818796311427
2018-04-27,0.001385719134213037
2018-04-30,0.0012849586026129067
2018-05-01,0.0005050658533989338
2018-05-02,-0.001087373298287675
2018-05-03,0.0018802347464614844
2018-05-04,0.0016791580899770953
2018-05-07,-0.001183301113170665
2018-05-08,-0.0019745049478723242
2018-05-09,-0.002374093606609118
2018-05-10,0.0023797433400580825
2018-05-11,0.0003956822637647406
2018-05-14,-0.0021753916988042077
2018-05-15,-0.004459365723102238
2018-05-16,-0.0012940317636379595
2018-05-17,-0.0020930675070043314
2018-05-18,0.000898910410015441
2018-05-21,0.0014968385010660779
2018-05-22,0.0011956810448909838
2018-05-23,0.0026870695031777636
2018-05-24,0.0037716667738776355
2018-05-25,0.0033619689945181275
2018-05-29,0.005272431338861683
2018-05-30,0.0022057480120503126
2018-05-31,0.0
2018-06-01,-0.005072864121838716
2018-06-04,-0.00029553190445175126
2018-06-05,0.00019707951689840186
2018-06-06,-0.002758569579019543
2018-06-07,-0.0013831001555854039
2018-06-08,0.003165750349387819
2018-06-11,-0.0020709675025640806
2018-06-12,-0.0005929329473046696
2018-06-13,0.00108768865717912
2018-06-14,0.0003950934116212501
2018-06-15,0.0034557020206018585
2018-06-18,-9.839431619740324e-05
2018-06-19,0.002164888088253214
2018-06-20,-0.0006873400117086703
2018-06-21,-0.0012773665834348025
2018-06-22,-0.0001967692833362289
2018-06-25,0.0025585041064675185
2018-06-26,0.0004907643940879058
2018-06-27,0.002845037271262507
2018-06-28,0.0011739169668372185
2018-06-29,-0.0009771170847067134
2018-07-02,0.00029180560510932985
2018-07-03,-0.0012734797005541365
2018-07-05,0.001863612837289308
2018-07-06,0.0015664389542648927
2018-07-09,-0.0026392315269273547
2018-07-10,-0.0011760957788036208
2018-07-11,0.0020605910653601622
2018-07-12,-0.0010771376883716988
2018-07-13,0.0019605439332059937
2018-07-16,-0.0015653661821357634
2018-07-17,0.0010778765201924223
2018-07-18,-0.000685182872945167
2018-07-19,-0.0005877022923090891
2018-07-20,0.0008820718341027156
2018-07-23,-0.003525177876296026
2018-07-24,-0.003930720793025033
2018-07-25,0.0020717719756011554
2018-07-26,-0.0008860665474161866
2018-07-27,0.00019707829374837615
2018-07-30,-0.0026600328381352067
2018-07-31,0.0022719974910585528
2018-08-01,-0.0033581844474511735
2018-08-02,0.0014862791278700271
2018-08-03,0.0012861969290398623
2018-08-06,0.002470278373823076
2018-08-07,-0.0007885411653441032
2018-08-08,-0.001183745179820006
2018-08-09,0.00217277150413131
2018-08-10,0.003843380497271509
2018-08-13,0.0010798800059967917
2018-08-14,9.806501764808573e-05
2018-08-15,0.0013727755311154777
2018-08-16,0.0004896048561411348
2018-08-17,0.0003914922131522669
2018-08-20,0.0014675212702635054
2018-08-21,0.0002930741685627236
2018-08-22,0.0022462435919052837
2018-08-23,-0.00048721941800777824
2018-08-24,-0.002242301782869327
2018-08-27,0.0006839733553964944
2018-08-28,-0.002636379700129199
2018-08-29,-0.00019580359826310012
2018-08-30,0.000783367779281896
2018-08-31,0.002739641069125831
2018-09-04,-0.003459785384200109
2018-09-05,-0.0010792371487781116
2018-09-06,0.0006875292922445819
2018-09-07,-0.002061170749634078
2018-09-10,-0.0011802445441547738
2018-09-11,-0.0011816391673351578
2018-09-12,-9.858642122206884e-05
2018-09-13,0.0009859614383858073
2018-09-14,-0.0034474659777140593
2018-09-17,-0.0009883977435497515
2018-09-18,0.0
2018-09-19,-0.0034628147526194475
2018-09-20,-0.0022834712150385794
2018-09-21,0.0006965600688555451
2018-09-24,-0.0004971965824649427
2018-09-25,-0.0007959102605971102
2018-09-26,0.0011948163574941884
2018-09-27,0.0015911873000449273
2018-09-28,0.0023829891560052108
2018-10-01,-0.0025363528926859447
2018-10-02,0.0002985237307502331
2018-10-03,-0.0007958257051544626
2018-10-04,-0.007964595541209207
2018-10-05,-0.0016057079224010007
2018-10-08,0.0
2018-10-09,-0.00030155444305435264
2018-10-10,-0.0008043877441481495
2018-10-11,0.005132100093049097
2018-10-12,0.0007008092758076234
2018-10-15,0.0010004549784481398
2018-10-16,-0.0011993460775723275
2018-10-17,0.000500327594253891
2018-10-18,-0.0032004953287526616
2018-10-19,0.0022074053236835756
2018-10-22,0.0
2018-10-23,0.004304971257077961
2018-10-24,0.00019937292180283173
2018-10-25,0.0007973327446231249
2018-10-26,0.003186790010518248
2018-10-29,-0.0005956249959333526
2018-10-30,-0.0006953099765694137
2018-10-31,-0.003280170606122068
2018-11-01,-0.0003395723722638966
2018-11-02,-0.0006998233394794884
2018-11-05,-0.0013005821024537623
2018-11-06,-0.000601050370639622
2018-11-07,-0.00010023531225078486
2018-11-08,-0.0009022082073033566
2018-11-09,-0.0007023511776014235
2018-11-12,0.004518288071033938
2018-11-13,0.0003998191092056125
2018-11-14,9.991483244009558e-05
2018-11-15,0.00579448113511738
2018-11-16,0.0004966464319515751
2018-11-19,0.0
2018-11-20,0.0025812794414734608
2018-11-21,-0.0013863411625645305
2018-11-23,0.002776531545099159
2018-11-26,-0.0026699564942698206
2018-11-27,9.915201220023206e-05
2018-11-28,0.0004957108983725256
2018-11-29,0.0033691639514772387
2018-11-30,0.0013826444442337493
2018-12-03,-0.0007689405407933503
2018-12-04,0.005242026253211796
2018-12-06,0.006690546557376775
2018-12-07,-0.001563783678516173
2018-12-10,0.0034261345358723716
2018-12-11,-0.0019511064069631656
2018-12-12,-0.0018571746377893383
2018-12-13,9.792789661466905e-05
2018-12-14,0.0010771014548258684
2018-12-17,0.0008803166374107274
2018-12-18,0.002959294341534857
2018-12-19,0.0025386501647168824
2018-12-20,0.00428529832852087
2018-12-21,-0.00242443914491719
2018-12-24,0.0017498385656273818
2018-12-26,0.0008733909837801423
2018-12-27,-0.0003878350415169596
2018-12-28,-9.699637317961418e-05
2018-12-31,0.002619156275160739
2019-01-02,0.005998647472210017
2019-01-03,0.00144263184467186
2019-01-04,0.0008643321844772345
2019-01-07,-0.0002878619160158191
2019-01-08,-0.004991043374935278
2019-01-09,-0.001543408874463914
2019-01-10,0.0022220798290075727
2019-01-11,0.0006747857450848382
2019-01-14,0.0006743307048207026
2019-01-15,0.0007701443372551964
2019-01-16,-0.0038477583569661578
2019-01-17,9.656552547809838e-05
2019-01-18,-0.002800129681353236
2019-01-22,0.0010651005783193224
2019-01-23,-0.0010639673460836052
2019-01-24,0.004357229620700176
2019-01-25,-0.001638923361557576
2019-01-28,-0.0009656551970962379
2019-01-29,0.001449882888359122
2019-01-30,0.0010617080890642505
2019-01-31,0.00568857654303101
2019-02-01,0.00047629564952678116
2019-02-04,-0.004801352132258185
2019-02-05,0.00028947098602483123
2019-02-06,0.0027009472956669445
2019-02-07,0.0013468359264807717
2019-02-08,0.0020175365817654
2019-02-11,-0.0017258351394655591
2019-02-12,-0.0006723184186387954
2019-02-13,-0.002979413260641217
2019-02-14,0.005205454884463778
2019-02-15,-0.0024933511105016404
2019-02-19,0.0026918590952380583
2019-02-20,-9.587972806524014e-05
2019-02-21,-0.0030684455569649494
2019-02-22,0.0019236811826519595
2019-02-25,-0.0006719957078568095
2019-02-26,0.0030740461294840316
2019-02-27,-0.0017238517501818595
2019-02-28,-0.0022065031447763284
2019-03-01,-0.0038581653312392827
2019-03-04,-9.670434214470447e-05
2019-03-05,0.00038685480213285217
2019-03-06,0.0021268785955153025
2019-03-07,0.0043412002916454195
2019-03-08,0.002401353189737554
2019-03-11,0.0003832960838277
2019-03-12,9.578730035841865e-05
2019-03-13,0.0009577813172894079
2019-03-14,0.00019137295861648695
2019-03-15,0.002104699875999927
2019-03-18,-0.0008592052154908769
2019-03-19,-0.0020065361920535985
2019-03-20,0.0023935362823945816
2019-03-21,0.006685898640614418
2019-03-22,0.0034156256264266105
2019-03-25,0.0023638880904202075
2019-03-26,0.00047166265809361896
2019-03-27,0.003960098510866095
2019-03-28,-9.391613781650765e-05
2019-03-29,-0.00309952379970746
2019-04-01,-0.001440300529553351
2019-04-02,-0.002647287365782125
2019-04-03,-0.002369923312603772
2019-04-04,0.00042759957875659893
2019-04-05,-0.00014247227559505138
2019-04-08,0.0010449455258676466
2019-04-09,0.0010438547545121857
2019-04-10,0.0009479693182872229
2019-04-11,-0.0008523643745604881
2019-04-12,-0.004170669654053882
2019-04-15,-0.000951849311263242
2019-04-16,-0.0009527561915880778
2019-04-17,-0.0018119631264991165
2019-04-18,0.003152806615852599
2019-04-22,-0.0006666752613885274
2019-04-23,0.0005718171579174314
2019-04-24,0.0032384454257678996
2019-04-25,0.0006645865451881949
2019-04-26,0.0022770691053854986
2019-04-29,-0.002366558175779576
2019-04-30,-0.0008539819385212644
2019-05-01,0.0026736630107124792
2019-05-02,-0.0016133730452453365
2019-05-03,-0.0006654036131064078
2019-05-06,0.003995080053137867
2019-05-07,0.0012316518472565985
2019-05-08,0.001892518079301242
2019-05-09,0.000850024446809039
2019-05-10,-0.0005662016829981464
2019-05-13,0.0031158734636971275
2019-05-14,0.0
2019-05-15,0.0034827034182556282
2019-05-16,-0.002720212771653796
2019-05-17,0.002445463624933364
2019-05-20,-0.0015012294867342568
2019-05-21,-0.0025371335980932663
2019-05-22,0.0011304831216707445
2019-05-23,0.003858122432559563
2019-05-24,0.0029996445239361957
2019-05-28,0.002710297902198011
2019-05-29,0.004380678853791897
2019-05-30,-0.0021343864034483184
2019-05-31,0.006509853141140054
2019-06-03,0.004923498497453327
2019-06-04,-0.0011054818272564493
2019-06-05,0.001844508779397902
2019-06-06,-0.0004602782103766412
2019-06-07,0.004512803587250591
2019-06-10,-0.004950951081415411
2019-06-11,-0.0022113710820564902
2019-06-12,0.0013851700526459343
2019-06-13,0.002766508032138182
2019-06-14,0.0008276626687664379
2019-06-17,0.0012864105533685333
2019-06-18,0.004129578736941308
2019-06-19,-0.004295377466862926
2019-06-20,0.0069756799298639205
2019-06-21,-0.002825632427444491
2019-06-24,9.140772682281195e-05
2019-06-25,0.0026505815239326047
2019-06-26,-0.0007292619338274964
2019-06-27,-0.0016420368341556468
2019-06-28,0.0009137430890480136
2019-07-01,0.0012987648526694429
2019-07-02,-9.133209541956067e-05
2019-07-03,0.003653617681885324
2019-07-05,-0.005096444302093661
2019-07-08,0.0009147412664234356
2019-07-09,-0.002376153733306241
2019-07-10,0.00018321640842122733
2019-07-11,-0.001648645606047383
2019-07-12,-0.0037614496090380145
2019-07-15,0.0020259593573173085
2019-07-16,-0.0019299602681310812
2019-07-17,0.002762417459471811
2019-07-18,0.0018365383648764055
2019-07-19,0.0014665373268258897
2019-07-22,0.0018304871969656578
2019-07-23,-0.0021925711542869486
2019-07-24,0.0008240208992214004
2019-07-25,-0.0010977899412515368
2019-07-26,-0.00018316605906432137
2019-07-29,0.0010991977441732192
2019-07-30,9.14992317586627e-05
2019-07-31,-0.0006404360553156074
2019-08-01,0.00433787740941427
2019-08-02,0.010044642949987193
2019-08-05,0.0079558011820402
2019-08-06,0.0005381594992202032
2019-08-07,0.0106677557945134
2019-08-08,-0.009579469279931807
2019-08-09,0.0034927111105427233
2019-08-12,0.0014279198178981378
2019-08-13,0.002851767529905347
2019-08-14,0.002043879244639335
2019-08-15,0.002217076430820919
2019-08-16,0.0015042768819912844
2019-08-19,-0.004152636423222833
2019-08-20,0.004258675115528687
2019-08-21,-0.0022086540126362575
2019-08-22,-0.0019479178176207146
2019-08-23,0.0007097162216844755
2019-08-26,0.0053190965873595175
2019-08-27,0.0007054604694221034
2019-08-28,0.00475850121071586
2019-08-29,-0.002192576438675542
2019-08-30,-0.0028566127234012084
2019-09-03,0.0026036217206406587
2019-09-04,0.0006164595066657785
2019-09-05,-0.0032124156874370202
2019-09-06,-0.0021632282184319562
2019-09-09,-0.004247349382339727
2019-09-10,-0.002932508091344266
2019-09-11,-0.006684393141306533
2019-09-12,0.0028711999740393956
2019-09-13,-0.008946811826390566
2019-09-16,-0.0018055159769736484
2019-09-17,0.0012661472265544926
2019-09-18,0.004787210357633409
2019-09-19,8.989438141804307e-05
2019-09-20,-0.00035954520457759376
2019-09-23,0.005395117793931314
2019-09-24,0.0007154888902316525
2019-09-25,0.0033067701770985725
2019-09-26,-0.0030286386616910077
2019-09-27,-0.00017869642414214404
2019-09-30,-0.00017872836226140443
2019-10-01,-0.0016978925222632668
2019-10-02,0.007890808625702128
2019-10-03,0.00382554935076862
2019-10-04,0.0037223430803721147
2019-10-07,-0.00017659708638173566
2019-10-08,0.0022961675053339015
2019-10-09,-0.002379019013203587
2019-10-10,-0.0043277748019082685
2019-10-11,-0.008249642538810442
2019-10-14,0.0010733245498810717
2019-10-15,-0.000804130311724105
2019-10-16,-0.0028614309921304315
2019-10-17,-0.00035870528048320693
2019-10-18,0.0010765019989371627
2019-10-21,-0.0023299128401105262
2019-10-22,0.001347319620342402
2019-10-23,0.00188370951602157
2019-10-24,-0.0011639134135881246
2019-10-25,8.963612892887163e-05
2019-10-28,-0.006363594798603822
2019-10-29,0.000992223161829564
2019-10-30,0.0004505634637823608
2019-10-31,0.006845480379079616
2019-11-01,0.002127600996018275
2019-11-04,-0.004917183578430406
2019-11-05,-0.004492256148132645
2019-11-06,0.0005415033059583685
2019-11-07,-0.004329681931763418
2019-11-08,-0.00380494588781799
2019-11-11,0.0018187994296339216
2019-11-12,-0.001270848184923623
2019-11-13,0.004271847775761062
2019-11-14,0.003348639107857654
2019-11-15,-0.000902017068235561
2019-11-18,0.0024376448878804524
2019-11-19,0.00027019080627965764
2019-11-20,0.00369161018681452
2019-11-21,-0.0007176648380405881
2019-11-22,0.00044886266067067915
2019-11-25,-0.0006281257890450309
2019-11-26,0.001885561726555629
2019-11-27,-0.00170277372877492
2019-11-29,-0.0008977253213413583
2019-12-02,-0.005307052328153539
2019-12-03,0.006422833184218879
2019-12-04,0.001707817319766436
2019-12-05,-0.005563376340955384
2019-12-06,-0.0024363148005606128
2019-12-09,0.0029849904636711777
2019-12-10,-0.0005411103277545015
2019-12-11,-0.0004511694090773011
2019-12-12,0.001624942995134937
2019-12-13,-0.004236023410013945
2019-12-16,0.0006335809708133411
2019-12-17,-0.000994996821223837
2019-12-18,-0.001720342609413894
2019-12-19,-0.002754610379785416
2019-12-20,-9.108000809643357e-05
2019-12-23,0.001821766056431473
2019-12-24,-0.0024549119015415677
2019-12-26,0.00337241751411943
2019-12-27,0.0019076414462098068
2019-12-30,-0.0028106803584649898
2019-12-31,0.0011819946184730146
2020-01-02,0.0022703829918717666
2020-01-03,0.004168041657978794
2020-01-06,0.004601908725073711
2020-01-07,-0.0029640652827820357
2020-01-08,-0.00036034874390677984
2020-01-09,-0.0054972991945911875
2020-01-10,0.0037153302988144343
2020-01-13,0.0001805647696755397
2020-01-14,0.0006318625911791997
2020-01-15,0.0033377361266637706
2020-01-16,-0.0008990899161569477
2020-01-17,-0.0028796768348313684
2020-01-21,0.0037904912309005834
2020-01-22,0.0017082708491125143
2020-01-23,0.002602914293177605
2020-01-24,0.0013428396833485845
2020-01-27,0.009029661796968291
2020-01-28,-0.0008860254157184722
2020-01-29,-0.0010641733752273508
2020-01-30,0.0051489840656000485
2020-01-31,0.001457293615291233
2020-02-03,0.00042259609400585596
2020-02-04,-0.0032661270605599535
2020-02-05,-0.0046938369941137426
2020-02-06,-0.000889806232996504
2020-02-07,0.005076412521437312
2020-02-10,0.0028355215268975886
2020-02-11,-0.0015462912929358197
2020-02-12,-0.0031416201884887363
2020-02-13,8.877523485506522e-05
2020-02-14,0.002574253477894306
2020-02-18,0.001593709892432793
2020-02-19,-0.0007955870113262042
2020-02-20,0.0023886614116448435
2020-02-21,0.00405987364112903
2020-02-24,0.009757039272009882
2020-02-25,-0.0007834669751132228
2020-02-26,0.0008712014119920397
2020-02-27,0.008095120703862868
2020-02-28,0.0064758999444229914
2020-03-02,0.006869919014270698
2020-03-03,-0.0033269521569082583
2020-03-04,0.012068362498899088
2020-03-05,0.003636535586058587
2020-03-06,0.016684304706917397
2020-03-09,0.01881406589389245
2020-03-10,-0.01928014151357471
2020-03-11,-0.0050599559684186834
2020-03-12,-0.0010004634739719798
2020-03-13,-0.01961203080611995
2020-03-16,0.018982857794443975
2020-03-17,-0.001002469332144762
2020-03-18,-0.02767919355330095
2020-03-19,-0.003956158573521051
2020-03-20,0.012951756300206174
2020-03-23,0.015428624800353452
2020-03-24,0.0005876209706381363
2020-03-25,0.0020135172634010434
2020-03-26,0.003600302489115137
2020-03-27,0.005172511214695641
2020-03-30,0.008133832496923343
2020-03-31,-0.0027991738805500654
2020-04-01,0.006810786499567012
2020-04-02,0.0003283942954988017
2020-04-03,-0.0010669310886797234
2020-04-06,-0.004190123322273753
2020-04-07,-0.008085488698915677
2020-04-08,0.00041588758870347853
2020-04-09,0.0003325717565580977
2020-04-13,0.0017454212562293403
2020-04-14,-8.297048131911122e-05
2020-04-15,0.0056424607520007
2020-04-16,0.004868195863658276
2020-04-17,-0.001149568794952538
2020-04-20,8.220656093027578e-05
2020-04-21,0.004849788295493651
2020-04-22,-0.0035993352567288417
2020-04-23,-0.00131357719156322
2020-04-24,-0.0006576524682797569
2020-04-27,-0.0003290426298375726
2020-04-28,-0.0008228773411119716
2020-04-29,0.0023059540686298785
2020-04-30,0.00012324904532512448
2020-05-01,-0.0010413989245642297
2020-05-04,-0.0009056096414424841
2020-05-05,-0.001895263816977244
2020-05-06,-0.0037977253253504983
2020-05-07,0.0025690933385393855
2020-05-08,0.0026451716299902284
2020-05-11,-0.0009068788992774302
2020-05-12,-0.003135698065516057
2020-05-13,0.005049454145484411
2020-05-14,0.0025532236629224325
2020-05-15,0.0012322844992729287
2020-05-18,-0.0044307642486699494
2020-05-19,-0.004038401505971678
2020-05-20,0.0016550107376669398
2020-05-21,0.0026436419360376107
2020-05-22,0.00016479197123886458
2020-05-26,-0.0017300305884663247
2020-05-27,-8.252517594276032e-05
2020-05-28,-0.000412659963373585
2020-05-29,0.002559547951679786
2020-06-01,-6.578815611335553e-05
2020-06-02,8.244331208140387e-05
2020-06-03,-0.0037920798487779406
2020-06-04,-0.004220266022817776
2020-06-05,-0.008808708403789445
2020-06-08,0.0005868767853947077
2020-06-09,0.005865325630495466
2020-06-10,0.00199924258024331
2020-06-11,0.008895505551738347
2020-06-12,-0.001977661287357879
2020-06-15,0.001816448495955747
2020-06-16,-0.006758123162927232
2020-06-17,0.002655260936939685
2020-06-18,0.002896500686159875
2020-06-19,-0.0023105081604557487
2020-06-22,0.0035564977034956424
2020-06-23,-0.002884564766417519
2020-06-24,-0.0001653091117285177
2020-06-25,0.004216079440010123
2020-06-26,0.0
2020-06-29,0.001070174977508831
2020-06-30,0.0017680126816714825
2020-07-01,-0.00414673976537272
2020-07-02,-0.004677111353080129
2020-07-06,-0.0022790995635706413
2020-07-07,0.006729441194385677
2020-07-08,0.005519277689206348
2020-07-09,0.002073615595334255
2020-07-10,0.02002375876778406
2020-07-13,-0.014618590588293179
2020-07-14,0.014714358336199052
2020-07-15,-0.011994642440290804
2020-07-16,0.008939097299322851
2020-07-17,-0.0007782342680322518
2020-07-20,0.0014378591795272122
2020-07-21,-0.001256320364926844
2020-07-22,0.005750403169956009
2020-07-23,0.003930798509423461
2020-07-24,0.0005339192518318825
2020-07-27,0.007352295229928307
2020-07-28,-0.004179056293499461
2020-07-29,0.0030144549172617108
2020-07-30,0.005892931932579559
2020-07-31,-0.00527256785372876
2020-08-03,-0.0042498787634491775
2020-08-04,-0.0014630924819396506
2020-08-05,-0.0006530291375034247
2020-08-06,0.0011435477630099555
2020-08-07,-0.0004895320964538596
2020-08-10,-0.0010611723472583323
2020-08-11,-0.006046936351701615
2020-08-12,-0.0025485871851319564
2020-08-13,-0.00041211275388230995
2020-08-14,-0.0009894783840653787
2020-08-17,0.0017333022443988266
2020-08-18,0.0005767676988581716
2020-08-19,0.0011528704592744798
2020-08-20,0.0012337959559713951
2020-08-21,0.0004929102221995496
2020-08-24,-0.00016422246047020916
2020-08-25,-0.004393672412094984
2020-08-26,-0.00012373071481708298
2020-08-27,0.0027224124570868202
2020-08-28,-0.0037845747847548017
2020-08-31,-8.258592121901387e-05
2020-09-01,0.0007266848321139108
2020-09-02,0.006842250086211758
2020-09-03,0.013729224419182673
2020-09-04,-0.008101786930593047
2020-09-08,-0.00024381976142018313
2020-09-09,-0.0026217016597656073
2020-09-10,-0.009047250494029213
2020-09-11,0.011412313175380051
2020-09-14,0.002927621667073721
2020-09-15,-0.0037704728057395
2020-09-16,0.0037236988353013256
2020-09-17,0.000729813312360772
2020-09-18,-0.0044364598681824186
2020-09-21,0.004395185511358424
2020-09-22,-0.002734970243922219
2020-09-23,-0.0008532131459484393
2020-09-24,0.004025725333413943
2020-09-25,0.0009112690578398919
2020-09-28,-0.0014567030412271365
2020-09-29,-0.0004254915369901191
2020-09-30,-0.004864830346097415
2020-10-01,-0.008075634029988787
2020-10-02,0.006783592034488972
2020-10-05,-0.016293430922427965
2020-10-06,-0.010087425719635501
2020-10-07,0.0014467594557345809
2020-10-08,0.0025752801825484894
2020-10-09,-0.00281926662321641
2020-10-12,0.005717302219655052
2020-10-13,0.004872686142552318
2020-10-14,0.006962750241789717
2020-10-15,0.0043833660299121835
2020-10-16,-0.008482599519673006
2020-10-19,-0.007191301987121701
2020-10-20,-0.00399635387341879
2020-10-21,-0.00670821252720577
2020-10-22,-0.003155848859174526
2020-10-23,-0.009370885705819343
2020-10-26,0.01533977818777199
2020-10-27,0.006420910391311763
2020-10-28,0.007193075619050138
2020-10-29,-0.004036615757715967
2020-10-30,-0.010600091234263198
2020-11-02,-0.0010029929459500764
2020-11-03,-0.005367979451313953
2020-11-04,0.024064048399085047
2020-11-05,0.0
2020-11-06,-0.01253670809553431
2020-11-09,-0.022905313082339118
2020-11-10,-0.006490320215645551
2020-11-11,0.0003880823560800106
2020-11-12,0.012413817810897898
2020-11-13,0.009068478328481788
2020-11-16,-0.003987181312512189
2020-11-17,0.006608362326593564
2020-11-18,0.004229361193113235
2020-11-19,0.0033315238559226135
2020-11-20,0.0034770872149862964
2020-11-23,0.0018417774685257626
2020-11-24,-0.005172423713241003
2020-11-25,-0.0046355354519930225
2020-11-27,0.0022656277503547706
2020-11-30,0.0026372573395176957
2020-12-01,-0.008256280410002481
2020-12-02,-0.010556476840165363
2020-12-03,0.0003833211387289648
2020-12-04,-0.007982797061663938
2020-12-07,0.0042488344270270595
2020-12-08,0.007820677307009971
2020-12-09,-0.0064878595977384546
2020-12-10,0.0044175063597273745
2020-12-11,0.008987376429126614
2020-12-14,-0.007328010380782679
2020-12-15,0.0018455266335242193
2020-12-16,-0.0076225942369040345
2020-12-17,0.01097682370818398
2020-12-18,-0.006401436477005085
2020-12-21,0.0005103111976929586
2020-12-22,0.0023169062734831325
2020-12-23,-0.006000871938696251
2020-12-24,0.0017918040523818846
2020-12-28,-0.0033216842975234417
2020-12-29,6.409144128149968e-05
2020-12-30,0.002755755110320335
2020-12-31,0.004090317086350881
2021-01-04,-0.005028417334030255
2021-01-05,0.001791230921166953
2021-01-06,-0.019987600410404815
2021-01-07,-0.013227591925386029
2021-01-08,-0.0020470546954879376
2021-01-11,-0.0031761347954841757
2021-01-12,-0.0013939864678649272
2021-01-13,0.005783148411372618
2021-01-14,0.006080349695369414
2021-01-15,-0.002594807591487225
2021-01-19,-0.0037212160518799164
2021-01-20,0.0024129505416861097
2021-01-21,-0.0035942260687110705
2021-01-22,0.0027136667246672186
2021-01-25,0.006006716151988778
2021-01-26,0.0022308673892892372
2021-01-27,0.006350366603093738
2021-01-28,-0.004358656625360502
2021-01-29,-0.012937194950730757
2021-02-01,0.0027509623678725337
2021-02-02,-0.006080333294401052
2021-02-03,-0.0020945890448229587
2021-02-04,-0.0084292594719374
2021-02-05,-0.00040320549345984613
2021-02-08,-0.0053782418281210775
2021-02-09,0.0062184222823638
2021-02-10,0.0004030429843111527
2021-02-11,0.002679827520156719
2021-02-12,-0.01325349981410251
2021-02-16,-0.016830961383991982
2021-02-17,0.005039087613624593
2021-02-18,-0.009203455040575292
2021-02-19,-0.00381262685953232
2021-02-22,-0.0071673366744425815
2021-02-23,-0.010583308879010378
2021-02-24,-0.015357643052306247
2021-02-25,0.0012086374821045354
2021-02-26,0.00898198245835613
2021-03-01,0.0004199701754201701
2021-03-02,-0.0018530671944244625
2021-03-03,-0.007283221442169752
2021-03-04,0.0018125855842987537
2021-03-05,-0.010506180798967812
2021-03-08,0.004798405371136294
2021-03-09,0.0031774019025896383
2021-03-10,0.0038152025831783565
2021-03-11,-0.004517815747931309
2021-03-12,-0.019954196403597524
2021-03-15,0.0006615316279472427
2021-03-16,0.0038931108054884866
2021-03-17,-0.013682801543234313
2021-03-18,-0.013650062460731194
2021-03-19,0.005791306089854675
2021-03-22,0.012039370861594678
2021-03-23,0.00661307646064091
2021-03-24,0.003486675666630301
2021-03-25,0.009700974308282762
2021-03-26,-0.014244304439918976
2021-03-29,0.003013201097813667
2021-03-30,-0.011210604777475597
2021-03-31,0.007706676881421792
2021-04-01,0.002918040446409531
2021-04-05,0.0
2021-04-06,0.0044787604242151335
2021-04-07,0.0021197528941105936
2021-04-08,-0.000437641869882488
2021-04-09,0.0008026947296024822
2021-04-12,-0.00029165488825566577
2021-04-13,-0.001166959867936912
2021-04-14,0.0053304748737015295
2021-04-15,0.010604423127698936
2021-04-16,-0.0028029645447880114
2021-04-19,-0.0025946245372733268
2021-04-20,-0.0020955513743656784
2021-04-21,0.00789292278777487
2021-04-22,0.0033048731313167767
2021-04-23,0.0027211196260363835
2021-04-26,-0.0016425239570451167
2021-04-27,-0.004005768331743487
2021-04-28,-0.006751011263729345
2021-04-29,-0.008676890033009088
2021-04-30,0.007709790978344344
2021-05-03,0.0028696375256200835
2021-05-04,0.0057102002179323375
2021-05-05,-0.0033060485074470902
2021-05-06,0.0015863983442452323
2021-05-07,0.0061195582826278905
2021-05-10,-0.008229044268377117
2021-05-11,-0.01240990964104327
2021-05-12,-0.0040912072066525695
2021-05-13,-0.005428447004985459
2021-05-14,0.0044254669297862925
2021-05-17,0.0022029842223241225
2021-05-18,-0.0031506698476347905
2021-05-19,0.0010290416588338847
2021-05-20,0.0016154031417723314
2021-05-21,0.006597809284228928
2021-05-24,0.0024033399602962913
2021-05-25,0.0046498477893472945
2021-05-26,0.006942490161490733
2021-05-27,-0.007828271333841563
2021-05-28,0.0005935623921362598
2021-06-01,-0.004075328648857401
2021-06-02,0.005310271942544853
2021-06-03,-0.0002894368182716489
2021-06-04,7.238015404942288e-05
2021-06-07,0.007744115920130801
2021-06-08,0.0076486960690782535
2021-06-09,0.007911368752669734
2021-06-10,-0.006611772718846165
2021-06-11,0.010499758656511426
2021-06-14,-0.0014441255179780121
2021-06-15,-0.00917111339823995
2021-06-16,0.004272000572029588
2021-06-17,0.0032612682926427272
2021-06-18,0.01710133509462164
2021-06-21,0.0007642634918809676
2021-06-22,-0.015412447574641996
2021-06-23,0.006628147285123731
2021-06-24,0.0021714854317869126
2021-06-25,-0.0010833901458277007
2021-06-28,-0.0038134710449189146
2021-06-29,0.0026691125207616295
2021-06-30,0.008056074795795176
2021-07-01,-0.0005749650337081302
2021-07-02,0.0017405849631808579
2021-07-06,0.010355861106650543
2021-07-07,0.012726158039354063
2021-07-08,0.008898255091763785
2021-07-09,-0.013532631083483793
2021-07-12,0.0015015027826854599
2021-07-13,-0.001839990663279223
2021-07-14,-0.005530147425585552
2021-07-15,0.013318698804255513
2021-07-16,-0.004132794829198594
2021-07-19,0.02455951476110374
2021-07-20,0.010491376584535583
2021-07-21,-0.02858459442429717
2021-07-22,-0.00047351727213018613
2021-07-23,-0.0011505153217633568
2021-07-26,0.007148186831533732
2021-07-27,0.0022536935816992454
2021-07-28,-0.004430128574483327
2021-07-29,0.0007416403230782187
2021-07-30,0.0023580158675891028
2021-08-02,0.0034000619212373184
2021-08-03,0.008691902231303006
2021-08-04,0.004986692170809048
2021-08-05,-0.004895789152511765
2021-08-06,-0.01620899629002448
2021-08-09,-0.0011488636713964384
2021-08-10,-0.0044789560031192055
2021-08-11,-0.007326340901865569
2021-08-12,-0.0022045387424938223
2021-08-13,0.0050775248787617855
2021-08-16,0.016111381491556553
2021-08-17,-0.002082769244840299
2021-08-18,-0.0011445476097813323
2021-08-19,0.010784556230385434
2021-08-20,0.0018671608337417211
2021-08-23,-0.0025958414545840247
2021-08-24,-0.0029362637195808894
2021-08-25,-0.0036811384447086315
2021-08-26,-0.008363546201470728
2021-08-27,0.004098491133524229
2021-08-30,0.0028336199517695615
2021-08-31,0.004574802379965659
2021-09-01,-0.001405424106368125
2021-09-02,-0.00020144943253908032
2021-09-03,-0.0065148441508871
2021-09-07,-0.006814459986196342
2021-09-08,0.002709091028989974
2021-09-09,0.003462069237641918
2021-09-10,0.004938413746004899
2021-09-13,0.000955902307109513
2021-09-14,0.0046269910487359844
2021-09-15,0.009907568728689586
2021-09-16,-0.010208089574123558
2021-09-17,-0.003268132632423759
2021-09-20,0.009325904715581368
2021-09-21,0.0009319618218526227
2021-09-22,0.0005320537620592258
2021-09-23,-0.0024594400902676616
2021-09-24,-0.017191891706621498
2021-09-27,-0.01206855384897465
2021-09-28,-0.011872837502609923
2021-09-29,0.003264325373477872
2021-09-30,-0.004845942457956776
2021-10-01,0.00649725921424027
2021-10-04,-0.0012456644952936191
2021-10-05,-0.000485029267959014
2021-10-06,-0.0025649702045996703
2021-10-07,-0.0072629369601190374
2021-10-08,-0.006510955040038735
2021-10-11,-0.004615725421611816
2021-10-12,0.007291974055531947
2021-10-13,0.013916105318833916
2021-10-14,0.005268222240864651
2021-10-15,-0.0025513513183978986
2021-10-18,0.0
2021-10-19,-0.0023504819087447615
2021-10-20,-0.009770552208520411
2021-10-21,-0.0017494606103622967
2021-10-22,0.003154547850914069
2021-10-25,0.0015373736777022362
2021-10-26,0.00662846863147859
2021-10-27,0.01233787578565626
2021-10-28,0.00951721116506521
2021-10-29,-0.008952722207724806
2021-11-01,-0.003312055158931404
2021-11-02,0.004812596374696998
2021-11-03,0.009031715720559053
2021-11-04,-0.013222882011362791
2021-11-05,0.018210350930401464
2021-11-08,0.002969529267682125
2021-11-09,0.012381264950782622
2021-11-10,0.0001993996264186837
2021-11-11,-0.015430454578581054
2021-11-12,-0.0034287341997107923
2021-11-15,-0.007517695397874724
2021-11-16,-0.008188799168813543
2021-11-17,-0.00770598195860106
2021-11-18,0.009857744450906036
2021-11-19,0.010905408231432379
2021-11-22,-0.0012225633605669195
2021-11-23,-0.009996488805556702
2021-11-24,-0.006800308400913502
2021-11-26,0.026903354820641878
2021-11-29,-0.003502116658772647
2021-11-30,0.017031442224099136
2021-12-01,-0.001076343431524518
2021-12-02,0.016285120182283563
2021-12-03,-0.00819231326285963
2021-12-06,0.015660925141825377
2021-12-07,-0.015159198654160932
2021-12-08,-0.008244586440315671
2021-12-09,-0.007540430430831857
2021-12-10,0.0038928250000480613
2021-12-13,0.003142298185058623
2021-12-14,-0.00013329596106326225
2021-12-15,-0.005039925598602224
2021-12-16,-0.0046673307622649984
2021-12-17,0.010714109072819777
2021-12-20,0.002733470976961083
2021-12-21,-0.017353441104371314
2021-12-22,0.010758330592145926
2021-12-23,-0.0009371917772393878
2021-12-27,-0.007571572463319298
2021-12-28,0.007696854823191046
2021-12-29,-0.018023155130718505
2021-12-30,0.0023198302683151706
2021-12-31,0.003812053598024834
2022-01-03,-0.009493942569141045
2022-01-04,-0.01916988291368249
2022-01-05,0.003699504041792201
2022-01-06,-0.010779425737125758
2022-01-07,0.0037963351524055167
2022-01-10,-0.010365419806151244
2022-01-11,0.008704732503779677
2022-01-12,0.007156265284013585
2022-01-13,-0.0035527085132908143
2022-01-14,0.00020972795553508838
2022-01-18,-0.017194086338953363
2022-01-19,-0.003058050761881148
2022-01-20,0.005992191037710093
2022-01-21,0.014394871510610141
2022-01-24,0.006291398855058805
2022-01-25,-0.008266618781999635
2022-01-26,-0.005953946716169001
2022-01-27,0.0010569897438075238
2022-01-28,-0.0022525305424004882
2022-01-31,0.0006349544670560814
2022-02-01,0.0021028541853984617
2022-02-02,-0.002325041830318453
2022-02-03,-0.010663621138999435
2022-02-04,-0.004211490177100208
2022-02-07,-0.006738209713161858
2022-02-08,-0.005051856212410555
2022-02-09,0.003699326558878946
2022-02-10,-0.007660457843458257
2022-02-11,-0.005753281929477216
2022-02-14,0.0019044419806952817
2022-02-15,-0.011185606248184432
2022-02-16,0.0025877443050437154
2022-02-17,0.0036872359498505425
2022-02-18,0.007861697011896318
2022-02-22,0.0012393115688760226
2022-02-23,-7.281044619655841e-05
2022-02-24,0.010339836173847594
2022-02-25,-0.016143803199311524
2022-02-28,0.011500742065273295
2022-03-01,0.015321316161000853
2022-03-02,-0.0052468789941202375
2022-03-03,-0.006910983005636306
2022-03-04,0.010730447865154202
2022-03-07,-0.0036869113139142984
2022-03-08,-0.005305614915823376
2022-03-09,-0.0048408636698210605
2022-03-10,-0.00549498350749178
2022-03-11,-0.0022644857301363785
2022-03-14,-0.007262800857791962
2022-03-15,0.0006401443112897809
2022-03-16,-0.006762910656347931
2022-03-17,0.0002760388770695066
2022-03-18,-0.0009198756828354693
2022-03-21,-0.005984697094680191
2022-03-22,-0.010003673357536491
2022-03-23,0.001122750892783797
2022-03-24,-0.0015887799633343969
2022-03-25,-0.004305892779776221
2022-03-28,-0.004136491344027382
2022-03-29,0.003115254726847594
2022-03-30,0.0004705424346969078
2022-03-31,0.007525138036812873
2022-04-01,-0.009333691743780403
2022-04-04,0.004245655373337431
2022-04-05,-0.00460350207157445
2022-04-06,-0.015290129721047707
2022-04-07,0.00028754718393297907
2022-04-08,-0.005749290486371628
2022-04-11,-0.002891267982692125
2022-04-12,0.003962857254971253
2022-04-13,0.0024068384238078444
2022-04-14,-0.0020168899446983968
2022-04-18,-0.006736553372751142
2022-04-19,-0.007654244892306594
2022-04-20,0.0013669111301131132
2022-04-21,0.0008775290817693016
2022-04-22,-0.005260558197811016
2022-04-25,0.010968487745078637
2022-04-26,0.005308498167294395
2022-04-27,-0.0006552404016610947
2022-04-28,-0.00838871950015585
2022-04-29,-0.005445314747557606
2022-05-02,-0.003182825639052922
2022-05-03,0.003633467859276651
2022-05-04,-0.005088008252912779
2022-05-05,-0.0010818137169567033
2022-05-06,-0.007285537500300143
2022-05-09,-9.91757572498253e-05
2022-05-10,0.011604714606591404
2022-05-11,-0.0037258155816392025
2022-05-12,0.011711319850796986
2022-05-13,-0.002431880780759066
2022-05-16,0.0010726360679065294
2022-05-17,-0.00613669684752749
2022-05-18,-0.000882084052691412
2022-05-19,0.0160877224959024
2022-05-20,-0.005792562989467065
2022-05-23,0.0026218405188553895
2022-05-24,0.0016464716857786943
2022-05-25,0.0070585214844003374
2022-05-26,-0.001008150736731217
2022-05-27,0.0008169456314033319
2022-05-31,-0.008018738533473013
2022-06-01,-0.0021360631249832673
2022-06-02,-0.003448393399744565
2022-06-03,-0.005361068400339675
2022-06-06,-0.0004899967556416529
2022-06-07,-0.0025002085702339194
2022-06-08,-0.00044231916331283205
2022-06-09,-0.003146772628387695
2022-06-10,-0.004735059091311444
2022-06-13,-0.0153630398736615
2022-06-14,-0.005033143702942389
2022-06-15,-0.0021246138457114983
2022-06-16,-0.004055499877482993
2022-06-17,0.017407859562159844
2022-06-21,-0.006003512595874283
2022-06-22,0.011878219133888201
2022-06-23,0.007162647439133973
2022-06-24,-0.0017779271884820202
2022-06-27,-0.00801492232467127
2022-06-28,-0.0009974914009246438
2022-06-29,0.004093798271224802
2022-06-30,0.01213188057056458
2022-07-01,0.01156245134819045
2022-07-05,0.0061282869427201625
2022-07-06,0.0024170475473632713
2022-07-07,-0.011863199975394423
2022-07-08,-0.009175030569927634
2022-07-11,0.0019702109110459887
2022-07-12,0.007865347240004983
2022-07-13,-0.008974561293509709
2022-07-14,0.002854556186569601
2022-07-15,0.002650125315309726
2022-07-18,-0.0004894668042968453
2022-07-19,-0.000979412976418459
2022-07-20,0.0015685970822347794
2022-07-21,-0.0018597917705105438
2022-07-22,0.016769313376766792
2022-07-25,-0.004050848771817828
2022-07-26,0.009393583663408478
2022-07-27,-0.003933533838425984
2022-07-28,0.009246597381390442
2022-07-29,-0.0017178527125009113
2022-08-01,0.005301841350216607
2022-08-02,-0.003890711938222099
2022-08-03,0.0002190099730052797
2022-08-04,0.00010943646094419002
2022-08-05,0.00011001756113726557
2022-08-08,-0.00011001499047935681
2022-08-09,6.898964362012094e-07
2022-08-10,0.00010864715185032736
2022-08-11,0.00021881724854089235
2022-08-12,2.849312716879382e-07
2022-08-15,-1.8416804714593837e-07
2022-08-16,0.00021887015031252233
2022-08-17,0.0
2022-08-18,0.00021851628309699223
2022-08-19,0.0
2022-08-22,1.0068837896781702e-07
2022-08-23,0.00021850304177828406
2022-08-24,8.918599214702283e-08
2022-08-25,0.00010929952669957999
2022-08-26,0.0
2022-08-29,0.00010921764400206868
2022-08-30,0.00010929100937806524
2022-08-31,0.0001089848778641489
2022-09-01,0.00031723800749583475
2022-09-02,3.319472341445362e-08
2022-09-06,0.0
2022-09-07,1.166144161235394e-07
2022-09-08,0.0004375695400553603
2022-09-09,-0.00010934881487900672
2022-09-12,0.00010962356415467056
2022-09-13,-0.00010977561437719441
2022-09-14,0.00021872154669999588
2022-09-15,0.00010933774372956506
2022-09-16,0.00021864982979580283
2022-09-19,0.0
2022-09-20,0.0001091844823311039
2022-09-21,-0.00010905606115418909
2022-09-22,0.0003279370018047789
2022-09-23,0.00010926519696785597
2022-09-26,0.0001088231933046302
2022-09-27,2.8127621831686156e-07
2022-09-28,0.00010897887744643064
2022-09-29,0.00032755744245283047
2022-09-30,0.0
2022-10-03,5.503516018379173e-05
2022-10-04,-1.7553941944470353e-07
2022-10-05,0.0
2022-10-06,0.00032801124294934425
2022-10-07,-0.00010933685902314583
2022-10-10,0.00021865923930874942
2022-10-11,-0.00010924152442126633
2022-10-12,0.00010925345943557652
2022-10-13,0.00010924798122147195
2022-10-14,0.00010931296426752724
2022-10-17,0.00010921764400206868
2022-10-18,-0.00010920571681094504
2022-10-19,0.00010921764400206868
2022-10-20,0.00010915879850381671
2022-10-21,0.00021887939394460432
2022-10-24,-3.2504848701542244e-07
2022-10-25,0.0
2022-10-26,0.00010963832647337135
2022-10-27,0.0003272686432220784
2022-10-28,0.00010955397102407893
2022-10-31,0.0
2022-11-01,0.00019729787335087678
2022-11-02,0.00010920304439943074
2022-11-03,0.000218486675671814
2022-11-04,0.00021896688151956667
2022-11-07,0.00010946598970984489
2022-11-08,-1.0520484372555927e-07
2022-11-09,0.0004375421203206553
2022-11-10,0.00010901429602228063
2022-11-11,0.00010949242798918846
2022-11-14,0.0001092771371555834
2022-11-15,-6.029381539596201e-07
2022-11-16,1.8940382506826836e-07
2022-11-17,0.00032767664723132306
2022-11-18,0.0
2022-11-21,0.0002184518811341185
2022-11-22,8.423756159281481e-08
2022-11-23,0.00032739177367946404
2022-11-25,0.0002182563028481077
2022-11-28,4.833833751050065e-07
2022-11-29,0.00021786405509982565
2022-11-30,0.0
2022-12-01,0.00032795563228460445
2022-12-02,0.00021898072771708854
2022-12-05,1.582037914005241e-07
2022-12-06,0.0002183818866092757
2022-12-07,0.00021861422105118322
2022-12-08,0.0002184817404593531
2022-12-09,0.00021863973007807402
2022-12-12,0.00021843320449477233
2022-12-13,0.0
2022-12-14,0.0001097710309949651
2022-12-15,0.00021822601745813408
2022-12-16,0.00021835163427175175
2022-12-19,0.00012046493888351328
2022-12-20,0.00010963209996095458
2022-12-21,0.00010953655466661161
2022-12-22,0.0003285102805350437
2022-12-23,0.00010944453766570383
2022-12-27,0.00010943256086948239
2022-12-28,0.0003282961362114367
2022-12-29,0.0003277439181055275
2022-12-30,-4.403142273012861e-08
2023-01-03,0.00010939285111866148
2023-01-04,-4.4031422841150913e-08
2023-01-05,0.00021851282779250525
2023-01-06,5.361576049800476e-08
2023-01-09,-1.0721979448735652e-07
2023-01-10,0.00010936657416982243
2023-01-11,0.0
2023-01-12,0.0005468132076034138
2023-01-13,0.00010899258180918636
2023-01-17,0.00010922940115531965
2023-01-18,0.00010906632881479972
2023-01-19,0.0003274856758388456
2023-01-20,0.00021869032162302737
2023-01-23,0.00010914596570366086
2023-01-24,0.00010898298490569225
2023-01-25,0.00010908283377375483
2023-01-26,0.00032675644250002023
2023-01-27,0.0002183879108246245
2023-01-30,0.0
2023-01-31,0.00010928948974076036
2023-02-01,0.00028405078881355017
2023-02-02,0.00021922594357293157
2023-02-03,0.00021854248806674192
2023-02-06,0.00010919870631642681
2023-02-07,0.00010928409768462544
2023-02-08,0.00010925345943579856
2023-02-09,0.00021873371865543945
2023-02-10,0.00010913905336762397
2023-02-13,0.00021874059301163484
2023-02-14,0.0
2023-02-15,0.00021859551603031768
2023-02-16,0.0005458832624511967
2023-02-17,0.00010940858441510493
2023-02-21,0.00010908651534946578
2023-02-22,-1.3480081273442579e-08
2023-02-23,0.0005456926575519994
2023-02-24,0.00010903375220872036
2023-02-27,-7.844170057946798e-08
2023-02-28,0.00021792802726094962
2023-03-01,0.00016420553972573693
2023-03-02,0.00032800816148625955
2023-03-03,3.9143514207751195e-08
2023-03-06,0.00021854848614299982
2023-03-07,0.00010928907995344517
2023-03-08,0.0001090253216258219
2023-03-09,0.0002187635090831197
2023-03-10,0.00021832786835029871
2023-03-13,0.0005459462529875392
2023-03-14,-0.00010905506638070328
2023-03-15,0.00032731646092876154
2023-03-16,0.00043640712210524235
2023-03-17,-5.7691529664616326e-08
2023-03-20,0.0003277764777382952
2023-03-21,0.0
2023-03-22,0.00021736633481994616
2023-03-23,0.0003271591542233221
2023-03-24,0.0003270962412402767
2023-03-27,-4.893966752961276e-07
2023-03-28,0.00021833736003640247
2023-03-29,0.0
2023-03-30,0.0002175163079225495
2023-03-31,2.645442804816156e-07
2023-04-03,0.00013228346598737062
2023-04-04,-2.302068986548278e-07
2023-04-05,0.0005464031471429376
2023-04-06,0.00021861399923195357
2023-04-10,0.00010913305214654834
2023-04-11,2.395787352948986e-07
2023-04-12,0.00021840889602020575
2023-04-13,0.00043686537307907614
2023-04-14,0.00010908651534968783
2023-04-17,0.00010918064349763057
2023-04-18,0.00010891619171848888
2023-04-19,0.0003272688689186509
2023-04-20,0.00043650817099694095
2023-04-21,0.00010938994705234073
2023-04-24,0.00021765535504014721
2023-04-25,-0.00010867599993635846
2023-04-26,-3.759489183297049e-07
2023-04-27,0.00043628666642714364
2023-04-28,-0.00010897947661259177
2023-05-01,0.000250868275221805
2023-05-02,3.5008749876830336e-07
2023-05-03,-0.00010937352855544535
2023-05-04,0.000327973093525058
2023-05-05,0.00010940885690269297
2023-05-08,0.00010918029093565096
2023-05-09,0.00021860150055208472
2023-05-10,0.00010914449433285789
2023-05-11,0.0005466494352397433
2023-05-12,0.00021833832225182093
2023-05-15,1.0731921706863545e-07
2023-05-16,0.00010902683195745944
2023-05-17,0.00010933689234327026
2023-05-18,0.00043670224349501297
2023-05-19,0.00021829193140732173
2023-05-22,-2.642521171880574e-07
2023-05-23,0.0
2023-05-24,0.00010903890941116323
2023-05-25,0.000654792741748178
2023-05-26,0.00021793367435951616
2023-05-30,0.00010903908585180311
2023-05-31,0.0001090511642443115
2023-06-01,0.0005580316979278965
2023-06-02,0.00010924223866992655
2023-06-05,0.00010936077334999794
2023-06-06,0.00010937557800860809
2023-06-07,0.00010930229659456003
2023-06-08,0.0004368392746538774
2023-06-09,0.00010924263320744032
2023-06-12,0.0002190707921603252
2023-06-13,0.00010878907976796803
2023-06-14,0.00021858133463315
2023-06-15,0.000545985440651986
2023-06-16,0.00021806597498241764
2023-06-20,2.0564329439309859e-07
2023-06-21,0.00021816105463101643
2023-06-22,0.00032715706906172315
2023-06-23,0.00010864562894541407
2023-06-26,0.00021827083533243474
2023-06-27,0.00010904126872768316
2023-06-28,0.0002180082248950388
2023-06-29,0.0003269538729639976
2023-06-30,0.00021771262865932783
2023-07-03,0.00014223442479011084
2023-07-05,0.00021862492145974244
2023-07-06,0.0003281027553660998
2023-07-07,0.00010929989361163628
2023-07-10,0.00010900050451234655
2023-07-11,0.00021883948722445368
2023-07-12,0.00010925098901037877
2023-07-13,0.00043686537164644434
2023-07-14,0.00010900178331252341
2023-07-17,0.0002182669433454798
2023-07-18,0.00010915787984577818
2023-07-19,0.00010904841407510801
2023-07-20,0.00043661392629279483
2023-07-21,0.00010900323448392868
2023-07-24,0.00010916869373378546
2023-07-25,0.00021783840259836929
2023-07-26,0.00010933556145586998
2023-07-27,0.0003269680094262206
2023-07-28,0.00021788638412734151
2023-07-31,0.0001086809736634553
2023-08-01,0.0002628233181187767
2023-08-02,0.00010949679705229975
2023-08-03,0.00043708314205992416
2023-08-04,0.00010953706149030573
2023-08-07,0.00021864982979580283
2023-08-08,0.00010921597589463872
2023-08-09,0.00010910400710129053
2023-08-10,0.0003277614980214949
2023-08-11,0.00021866599096465045
2023-08-14,0.00010866433313805324
2023-08-15,0.00010949546893068707
2023-08-16,0.00021829068338830027
2023-08-17,0.00043669924776601476
2023-08-18,0.00021807117524064168
2023-08-21,0.0001091982392045221
2023-08-22,0.00021817790679912186
2023-08-23,-8.483150215621293e-08
2023-08-24,0.0004362656592680203
2023-08-25,0.00010901345644875882
2023-08-28,0.00021802807749016218
2023-08-29,0.0002181435478028071
2023-08-30,-6.533137018038815e-07
2023-08-31,0.000544808825273746
2023-09-01,0.0002729114488309037
2023-09-05,0.00021887949226018222
2023-09-06,0.00010932491489801244
2023-09-07,0.00032763615891218123
2023-09-08,0.00010946259251420898
2023-09-11,0.0003277122459781623
2023-09-12,-1.1708788782982538e-07
2023-09-13,0.00010911984719474965
2023-09-14,0.0004368699269061693
2023-09-15,0.00021842660445492434
2023-09-18,0.00021809915847570416
2023-09-19,9.073559659178443e-08
2023-09-20,0.0001091183961050568
2023-09-21,0.0004360443811441961
2023-09-22,0.00021849928694828158
2023-09-25,0.0002177907551281777
2023-09-26,9.06436403713684e-08
2023-09-27,0.0003270340811984962
2023-09-28,0.00021812514842545205
2023-09-29,0.00021773024563032095
2023-10-02,0.00026247769992560066
2023-10-03,0.00010907571653162584
2023-10-04,-9.588358496070981e-08
2023-10-05,0.000656154972212164
2023-10-06,0.00021857815990689033
2023-10-09,-9.581694271343366e-08
2023-10-10,0.00010926519696785597
2023-10-11,2.684442961253808e-07
2023-10-12,0.0005458938422810977
2023-10-13,0.00010928451083769275
2023-10-16,0.0003275435001595106
2023-10-17,-1.6376566769338297e-09
2023-10-18,0.00010905023828744476
2023-10-19,0.0004366237889124047
2023-10-20,0.00021769940348481676
2023-10-23,0.00021821774161301377
2023-10-24,0.00010923611307545045
2023-10-25,0.00010882653165089629
2023-10-26,0.00043614795107527193
2023-10-27,0.0001087640194574746
2023-10-30,0.00010905883602618793
2023-10-31,0.0001089438677317478
2023-11-01,0.0003064136039001575
2023-11-02,0.00032762975922118187
2023-11-03,0.00010970594489845276
2023-11-06,0.0002185615883030234
2023-11-07,0.00010918258152092797
2023-11-08,0.00021839614170149346
2023-11-09,0.0003281152583363145
2023-11-10,0.0002183706290717069
2023-11-13,0.000109011736899145
2023-11-14,0.00010918730064535254
2023-11-15,0.0003275548176289167
2023-11-16,0.0003274839066937929
2023-11-17,0.000108992010673159
2023-11-20,0.00021822049591491144
2023-11-21,0.0003270173711862334
2023-11-22,0.0004364110201853233
2023-11-24,-1.82335513354559e-08
2023-11-27,0.00010907854356756452
2023-11-28,0.00021785267602880687
2023-11-29,0.00010857529757668516
2023-11-30,0.0004358436876210625
2023-12-01,0.000317570461686012
2023-12-04,0.0
2023-12-05,0.0002186353916122652
2023-12-06,-2.3683958738640598e-07
2023-12-07,0.0004376624360542536
2023-12-08,0.00021840866642608425
2023-12-11,0.0002183609744967896
2023-12-12,0.00010916992356935218
2023-12-13,1.2671854854318099e-07
2023-12-14,0.0004368588680809804
2023-12-15,0.00021850733427930535
2023-12-18,0.00022967795218975517
2023-12-19,0.0001096484991955915
2023-12-20,0.00010955477588248108
2023-12-21,0.0005476908524464363
2023-12-22,0.00010974694742182933
2023-12-26,0.00032839892917424507
2023-12-27,0.0
2023-12-28,0.0005480825371537712
2023-12-29,0.00021891303416721186
2024-01-02,-3.665201071534341e-07
2024-01-03,0.00010906809136090878
2024-01-04,0.0005471299145649589
2024-01-05,0.00021872732126571037
2024-01-08,9.875046802498844e-08
2024-01-09,0.00021858650045292194
2024-01-10,0.00010923152696995508
2024-01-11,0.00054644097665979
2024-01-12,0.00010906706681890199
2024-01-16,0.00021855746208387927
2024-01-17,0.0001093099118814056
2024-01-18,0.0004365189224164734
2024-01-19,0.00021848331944807065
2024-01-22,0.00010884949149758683
2024-01-23,0.000109208787438142
2024-01-24,0.00010919686218135993
2024-01-25,0.000545182574009484
2024-01-26,0.00010894001642158813
2024-01-29,0.0001092989690205659
2024-01-30,0.00010882355067698413
2024-01-31,0.0002179884336386273
2024-02-01,0.00039420004101820005
2024-02-02,0.00021878704536160143
2024-02-05,0.00010930125294272841
2024-02-06,0.00010951857221663808
2024-02-07,0.00021870643741994655
2024-02-08,0.0004372036283242231
2024-02-09,-2.093154114479745e-07
2024-02-12,0.00021882558851138434
2024-02-13,0.0
2024-02-14,0.0002185001950498755
2024-02-15,0.0006551874995890383
2024-02-16,-3.929469571950506e-08
2024-02-20,0.0003276883275407094
2024-02-21,-3.846736974510989e-07
2024-02-22,0.000436451815533756
2024-02-23,0.00010908053772595849
2024-02-26,0.00021814910716111413
2024-02-27,0.00010911299525018237
2024-02-28,0.00010893150654589512
2024-02-29,0.00043632470052856753
2024-03-01,0.00016396834480336686
2024-03-04,0.00021852454003878918
2024-03-05,0.00010936077334999794
2024-03-06,0.00021856821077048671
2024-03-07,0.00043710666979190904
2024-03-08,1.1526753085355779e-07
2024-03-11,0.0002185773730436491
2024-03-12,0.00010932250863504578
2024-03-13,0.00021848266704171948
2024-03-14,0.00032765256344591265
2024-03-15,0.00021794911813488582
2024-03-18,0.00010918095869349997
2024-03-19,0.00010928414633637473
2024-03-20,0.0001089642596709961
2024-03-21,0.0004361984777181416
2024-03-22,0.0001093735928727746
2024-03-25,0.00032724285631058336
2024-03-26,-7.771431476122359e-08
2024-03-27,0.0005449972929474356
2024-03-28,0.00010896760138034978
2024-04-01,0.00027364140442553975
2024-04-02,0.0002185409037103181
2024-04-03,0.00010930125294272841
2024-04-04,0.00032820023701107814
2024-04-05,0.00021830579464188204
2024-04-08,0.0002188175979151996
2024-04-09,-1.005171369472535e-07
2024-04-10,0.00010938014218742076
2024-04-11,0.0004372909881731335
2024-04-12,0.00010904559334745656
2024-04-15,0.00010921673507757745
2024-04-16,0.00032752458533291673
2024-04-17,0.0001090861528529885
2024-04-18,0.00032708848385176736
2024-04-19,0.00021825235640626772
2024-04-22,0.00021828763018127972
2024-04-23,0.00010916578656328113
2024-04-24,0.0
2024-04-25,0.0005451283492015069
2024-04-26,0.00010892008068053016
2024-04-29,0.00010925681954754296
2024-04-30,0.00010888759789473568
2024-05-01,0.00030641292712840773
2024-05-02,0.0004372848377338645
2024-05-03,0.00010943478715197408
2024-05-06,0.00010925345943579856
2024-05-07,0.00010922002530655561
2024-05-08,0.00010939346233485026
2024-05-09,0.00043716876629873447
2024-05-10,0.00010916992356935218
2024-05-13,0.00010923041759358654
2024-05-14,0.0003276827551979
2024-05-15,0.00010918816470861792
2024-05-16,0.0004366136904618845
2024-05-17,0.00010912859691614152
2024-05-20,0.00010865506084889454
2024-05-21,0.00021830631706576398
2024-05-22,0.00010916680559169833
2024-05-23,0.0005452489469250921
2024-05-24,0.00010891055287398643
2024-05-28,1.0454451881969362e-07
2024-05-29,0.00010917460773218757
2024-05-30,0.00021797179489690954
2024-05-31,0.0003269829992125217
2024-06-03,0.00038231758523576964
2024-06-04,2.9129049305964827e-07
2024-06-05,0.00021862175307618692
2024-06-06,0.00010931617056453291
2024-06-07,0.00032797105364701373
2024-06-10,0.00010932673009356186
2024-06-11,0.00032774361907006444
2024-06-12,0.00010909709424122838
2024-06-13,0.00021881382886568268
2024-06-14,0.00021799913805131688
2024-06-17,0.0003278209779646879
2024-06-18,0.00010891096598841798
2024-06-20,0.00021821918540898544
2024-06-21,0.00043639848880094867
2024-06-24,0.0002181747858769345
2024-06-25,0.00010905076425360427
2024-06-26,-3.2549125728031925e-08
2024-06-27,0.0002179218928364257
2024-06-28,0.0003271292210331733
2024-07-01,0.0003501541903070393
2024-07-02,0.00010936221245372302
2024-07-03,0.0003280507610043948
2024-07-05,0.0004375759023320658
2024-07-08,-1.8334981233270042e-07
2024-07-09,0.00021854254717390553
2024-07-10,0.00021847822238307835
2024-07-11,4.4230420881419263e-08
2024-07-12,0.00043723769021486447
2024-07-15,0.00010885324115861295
2024-07-16,0.00021841110667963903
2024-07-17,0.00010921657905127446
2024-07-18,0.00010913069595441804
2024-07-19,0.0005458314663058239
2024-07-22,-2.7339250296964934e-07
2024-07-23,0.00010909834420980147
2024-07-24,0.00032730140354431114
2024-07-25,0.0
2024-07-26,0.000544932184911362
2024-07-29,0.00010899135443320773
2024-07-30,0.00010911394036172695
2024-07-31,1.7850386124784734e-07
2024-08-01,0.00024011633583476133
2024-08-02,0.0005469208940103165
2024-08-05,0.00010936077334999794
2024-08-06,0.00010946499725039693
2024-08-07,0.00021853285666217914
2024-08-08,0.0001095029119979607
2024-08-09,0.000327581806601529
2024-08-12,0.00010948779795949548
2024-08-13,0.00021834938791931435
2024-08-14,0.00010905868494814897
2024-08-15,0.0002184581359019333
2024-08-16,0.00032748247262448515
2024-08-19,0.00032747363953777864
2024-08-20,2.588558589700085e-08
2024-08-21,0.0003271357985414891
2024-08-22,0.0
2024-08-23,0.00043641120557791346
2024-08-26,0.00010887524938962834
2024-08-27,0.00021808667271794313
2024-08-28,0.0001088396603807773
2024-08-29,0.00010899135443320773
2024-08-30,0.0005447992206959462
2024-09-03,0.00017563886071347845
2024-09-04,-0.001732231946042436
2024-09-05,0.00740499353359958
2024-09-06,0.00010209114190407043
2024-09-09,0.0004083229142080036
2024-09-10,0.0021428202960382947
2024-09-11,0.002138238435321238
2024-09-12,0.0005080181161698505
2024-09-13,0.0019294886631819885
2024-09-16,0.0003040694090923335
2024-09-17,0.0009119309261431674
2024-09-18,-0.003543166928631769
2024-09-19,-0.004774885235448667
2024-09-20,0.0005104036345748852
2024-09-23,-0.0009182578557224153
2024-09-24,-0.0013275915271905303
2024-09-25,0.0018406472841314692
2024-09-26,-0.0012248436878576907
2024-09-27,0.0008175638501304316
2024-09-30,0.0008679519702687877
2024-10-01,0.0014477311435197038
2024-10-02,-0.004291294959351655
2024-10-03,-0.0010261403681476322
2024-10-04,-0.011093699655918332
2024-10-07,-0.00477810111783461
2024-10-08,-0.0014611863901377031
2024-10-09,0.0006271391105316937
2024-10-10,-0.0027158995320608614
2024-10-11,-0.0004189685789470765
2024-10-14,-0.002829223235616851
2024-10-15,0.006305000996169596
2024-10-16,0.0031327485155732138
2024-10-17,-0.00468444757716624
2024-10-18,0.0008367102032502682
2024-10-21,-0.004389056201743902
2024-10-22,-0.002624050564125846
2024-10-23,-0.005156670463010826
2024-10-24,0.001586754965239301
2024-10-25,0.003485330555706545
2024-10-28,-0.004209969963602678
2024-10-29,-0.006764429982078157
2024-10-30,0.007023327226749254
2024-10-31,-0.0053892659143375266
2024-11-01,0.0025180209217199323
2024-11-04,-0.0004783749341469301
2024-11-05,-0.00287162337400948
2024-11-06,-0.01077293436194593
2024-11-07,0.006361633729060845
2024-11-08,0.0061071337827285355
2024-11-11,-0.002981785383738722
2024-11-12,-0.0037383787671818602
2024-11-13,0.0021442323961158305
2024-11-14,-0.003530413421633627
2024-11-15,-0.0036502826461435323
2024-11-18,0.0019395826007362338
2024-11-19,0.005807483719283413
2024-11-20,-0.00374237602976657
2024-11-21,0.002039207039208568
2024-11-22,0.00010710827452897753
2024-11-25,0.008460647140988709
2024-11-26,-0.0005309914637033897
2024-11-27,0.004037679110829195
2024-11-29,0.003598132159940315
2024-12-02,-0.002413451583181736
2024-12-03,0.004029078001583253
2024-12-04,-0.006441776055958082
2024-12-05,0.003401202135483228
2024-12-06,0.006991200919050478
2024-12-09,-0.002261625186432026
2024-12-10,-0.004269927673401508
2024-12-11,0.0018000011910117575
2024-12-12,-0.0056016853925154875
2024-12-13,-0.004251502666539064
2024-12-16,-0.001280896537257492
2024-12-17,-0.001710052453712807
2024-12-18,8.007062573245349e-05
2024-12-19,-0.01095533157696138
2024-12-20,0.00401801147009051
2024-12-23,-0.0022713666265080645
2024-12-24,-0.005745546954049829
2024-12-26,-0.0005451650050241064
2024-12-27,0.0032727742206053456
2024-12-30,0.0029358883001535663
2024-12-31,0.0023852025915234165
2025-01-02,-0.001081603146234067
2025-01-03,-0.000541387144866956
2025-01-06,-0.0039000989018781462
2025-01-07,-0.0010876025534326539
2025-01-08,-0.0046817829344375506
2025-01-10,-0.0027894658324586485
2025-01-13,-0.0019196942179886545
2025-01-14,-0.0007693546174396548
2025-01-15,0.010119303098767185
2025-01-16,-0.0005444526453591836
2025-01-17,0.004793793265686297
2025-01-21,0.002493891270415549
2025-01-22,-0.000324480945012362
2025-01-23,-0.006383529945722888
2025-01-24,0.0013066863511617122
2025-01-27,0.009026119568922075
2025-01-28,-0.0025866151793539904
2025-01-29,0.003673874410990541
2025-01-30,-0.00010765959786618318
2025-01-31,0.00032301358047903683
2025-02-03,0.0009387123479831505
2025-02-04,-0.004207288103639684
2025-02-05,0.008666798290075883
2025-02-06,0.0006444247643278
2025-02-07,-0.0033273837363471115
2025-02-10,0.0009692396606788556
2025-02-11,-0.0037656155845245953
2025-02-12,-0.00680372828419884
2025-02-13,0.0049474649643339585
2025-02-14,0.007033011520355403
2025-02-18,-0.0035993913769194474
2025-02-19,-0.0028036489068105075
2025-02-20,0.003784753888127046
2025-02-21,0.0017236496154413583
2025-02-24,0.003656452990439707
2025-02-25,0.00942928296456258
2025-02-26,0.001167650260223585
2025-02-27,-0.0002120524350905928
2025-02-28,0.005302435517154036
2025-03-03,-0.0010081675377765498
2025-03-04,0.00868394413891238
2025-03-05,-0.004514571301268089
2025-03-06,-0.006327969888514473
2025-03-07,0.0049884766773133915
2025-03-10,-0.0004224438573829925
2025-03-11,0.0011622115741727335
2025-03-12,-0.006754108529487435
2025-03-13,-0.001275006879271512
2025-03-14,0.0029256209648635956
2025-03-17,0.000848607025217607
2025-03-18,-0.002384683615159755
2025-03-19,0.001806067857317073
2025-03-20,0.00933220254025069
2025-03-21,-0.0023114794379971437
2025-03-24,-0.005212878204546634
2025-03-25,-0.0030170818047844383
2025-03-26,0.0
2025-03-27,-0.0018051089787343155
2025-03-28,0.005105995192297819
2025-03-31,0.0075142501765899095
2025-04-01,0.0008857475556915961
2025-04-02,0.005580235437131265
2025-04-03,0.0063868947437608625
2025-04-04,0.008219057959314435
2025-04-07,-0.00737812639200508
2025-04-08,-0.01642529941650972
2025-04-09,-0.007134320765657565
2025-04-10,0.0030871402303898066
2025-04-11,-0.011143176169912672
2025-04-14,0.004829462486008573
2025-04-15,0.0035245839702726656
2025-04-16,0.004363648529562614
2025-04-17,0.002543233074836504
2025-04-21,-0.005284961346128547
2025-04-22,0.0002125216179578171
2025-04-23,0.006533651343456848
2025-04-24,-0.0033247813826743355
2025-04-25,0.004130127775844095
2025-04-28,-0.00010546513651821243
2025-04-29,0.004640955079574294
2025-04-30,0.003779604088301136
2025-05-01,0.0030727922986297784
2025-05-02,-0.021425684616988457
2025-05-05,-0.004176241540485459
2025-05-06,-0.00626190915764846
2025-05-07,0.012949599781515886
2025-05-08,0.001084361494148478
2025-05-09,-0.011572997280297925
2025-05-12,-0.00715198998776212
2025-05-13,-0.0029046408842814397
2025-05-14,-0.004427915663614224
2025-05-15,-0.0014045081936787662
2025-05-16,0.014533664029949822
2025-05-19,-0.022643473104899114
2025-05-20,0.006087530931669027
2025-05-21,-0.008752950207455035
2025-05-22,-0.0137372472101297
2025-05-23,0.015010186351084087
2025-05-27,0.0068672243919594145
2025-05-28,0.0007055573063909915
2025-05-29,0.004230359052915356
2025-05-30,0.0036859711989238875
2025-06-02,-0.005572332885113718
2025-06-03,0.0017651147490029828
2025-06-04,0.004111344099207992
2025-06-05,0.010411754397739337
2025-06-06,-0.010304466820009739
2025-06-09,-0.008773950326786628
2025-06-10,0.01245127029400539
2025-06-11,-0.0033222471110836427
2025-06-12,0.01263153305226794
2025-06-13,-0.0018479952137182565
2025-06-16,-0.007521380042130099
2025-06-17,-0.0009327236806643269
2025-06-18,0.01026953914185147
2025-06-20,-0.008547965162947424
2025-06-23,0.009204207621948735
2025-06-24,-0.005310532791725886
2025-06-25,0.007428014082112133
2025-06-26,0.005529934126945912
2025-06-27,-0.00022914675499352555
2025-06-30,0.0033233894913227147
2025-07-01,0.0068426698074139924
2025-07-02,-0.010703533868416049
2025-07-03,-0.0002877483803758185
2025-07-07,-0.007195780023467102
2025-07-08,-0.011248794455973932
2025-07-09,0.007271749504730973
2025-07-10,0.00745213204607853
2025-07-11,-0.006934695523425183
2025-07-14,-0.008030589540457655
2025-07-15,0.004106464775507801
2025-07-16,-0.007186135638838076
2025-07-17,-0.0006473142301101076
2025-07-18,0.0024731643139805914
2025-07-21,0.009222115967398414
2025-07-22,-0.0005238255528553504
2025-07-23,-0.0013976002275283284
2025-07-24,-0.005831484367269546
2025-07-25,0.0029328450235410752
2025-07-28,0.0022224441400124917
2025-07-29,0.002801072624645906
2025-07-30,0.006284809204521125
2025-07-31,0.0041637047213420875
2025-08-01,0.00880552770837828
2025-08-04,0.0003125284446132727
2025-08-05,-0.0013615154887621772
2025-08-06,-0.00041949900540949603
2025-08-07,0.0007344313472708031
2025-08-08,-0.002096835279330689
2025-08-11,-0.0002101241268634979
2025-08-12,-0.0016813462737754747
2025-08-13,0.0038946615375177185
2025-08-14,-0.0009436748106130821
2025-08-15,-0.001994084141325958
2025-08-18,-0.0008938727291881721
2025-08-19,-0.0001578833746090913
2025-08-20,0.0010000859288856745
2025-08-21,0.0001577505416083813
2025-08-22,5.2575223719708575e-05
2025-08-25,0.002155470696126427
2025-08-26,0.0006295125771835774
2025-08-27,0.00041941103415821246
2025-08-28,0.002934646361899107
2025-08-29,0.0014630297007489634
2025-09-02,-0.003621886596863244
2025-09-03,-0.0004839822469393483
2025-09-04,0.012730105205875253
2025-09-05,0.013838627548438343
2025-09-08,0.01080603937785396
2025-09-09,0.0025882304859765615
2025-09-10,0.0
2025-09-11,0.005724303960291222
2025-09-12,-0.0008928192598373075
2025-09-15,0.003574468405127318
2025-09-16,-0.0006678256990458875
2025-09-17,0.006905477273387417
2025-09-18,-0.016039148558603666
2025-09-19,-0.0021359401909089026
2025-09-22,-0.0028164634243845743
2025-09-23,0.0016381626072481392
2025-09-24,0.0012971075476209126
2025-09-25,-0.0026471773962138956
2025-09-26,0.0016377000639358208
2025-09-29,0.0033828049170789853
2025-09-30,0.004158060166185251
2025-10-01,0.001139415596097093
2025-10-02,-0.001570477441424356
2025-10-03,0.0035953090866325255
2025-10-06,-0.010299483797829856
2025-10-07,0.0029410146161392703
2025-10-08,0.007105407528642527
2025-10-09,-0.004815506456992358
2025-10-10,0.009114963474615712
2025-10-13,0.003345419030886587
2025-10-14,0.004112259576378063
2025-10-15,0.003375952796952797
2025-10-16,-0.0048538406479218255
2025-10-17,0.008147667660297175
2025-10-20,0.0023090913353693843
2025-10-21,0.0058142810003698475
2025-10-22,1.0906920489661687e-05
2025-10-23,-0.004155493316390868
2025-10-24,-0.0002738079690872697
2025-10-27,-0.002903159430177271
2025-10-28,0.005823224598470844
2025-10-29,0.0003277081612163002
2025-10-30,-0.01627084025016634
2025-10-31,0.001887109448521107
2025-11-03,-0.006826405467372121
2025-11-04,0.001791393089527249
2025-11-05,-0.0030175701820502887
2025-11-06,0.0005605006455577932
2025-11-07,-0.002296765293391956
2025-11-10,0.0015159858345410449
2025-11-11,0.005157762280824318
2025-11-12,0.0
2025-11-13,-0.0016732487834030252
2025-11-14,-0.00011173688785093283
2025-11-17,-0.007934205202159261
2025-11-18,0.003041363763221172
2025-11-19,-0.0014037694003136147
2025-11-20,-0.002642796369099143
2025-11-21,0.007441989374069591
2025-11-24,0.0033577342161903445
2025-11-25,0.004015797077876249
2025-11-26,-0.001777659974456336
2025-11-28,0.003450349754870796
2025-12-01,-0.014398108479683702
2025-12-02,-0.003049398754317423
2025-12-03,0.003908372144504568
2025-12-04,-0.0001128451025804722
2025-12-05,-0.00406288237712038
2025-12-08,-0.004136115865720713
2025-12-09,0.001763727749765076
2025-12-10,-0.00386201060634328
2025-12-11,0.007867996049939041
2025-12-12,-0.014877746028504668
2025-12-15,0.003904812406360758
2025-12-16,-0.006063237657223275
2025-12-17,0.005064337551599296
2025-12-18,0.0057831902879510455
2025-12-19,-0.0020907233385397683
2025-12-22,-0.0021763229196849476
2025-12-23,-0.003960363288743496
2025-12-24,0.007952220258663267
2025-12-26,0.003887570526051709
2025-12-29,-0.0017084628787130685
2025-12-30,-0.0023959414025004344
2025-12-31,-0.0006861987751618503
2026-01-02,-0.0032044598510657663
2026-01-05,-0.002525883989310751
2026-01-06,-0.00034531093905965093
2026-01-07,0.0079448950810177
2026-01-08,-0.0058260265800045286
2026-01-09,-0.00034471576842709517
2026-01-12,0.0022988975969069347
2026-01-13,0.004357887090932655
2026-01-14,0.00034255091886259414
2026-01-15,0.00827547912475346
2026-01-16,-0.005716988426173963
2026-01-20,-0.01707879303234261
2026-01-21,0.0019692285923889052
2026-01-22,0.005433637784298728
2026-01-23,0.00643913371713456
2026-01-26,0.006455060971671367
2026-01-27,-0.003235209236346237
2026-01-28,-0.006890015500150004
2026-01-29,-0.0040709505645178945
2026-01-30,0.0025907266550677654
2026-02-02,-0.0002556650556159168
2026-02-03,-0.00616932525667091
2026-02-04,0.001682439631746746
2026-02-05,0.0034750630081341605
2026-02-06,0.0060025831824683795
2026-02-09,-0.0028686380577712667
2026-02-10,0.011967865819456636
2026-02-11,-0.0022742942074321926
2026-02-12,0.0035901784945293613
2026-02-13,0.014479690222736874
2026-02-17,0.0033583579532974195
2026-02-18,-0.0027334789938946447
2026-02-19,-0.003188476912581728
2026-02-20,0.0033670271765402493
2026-02-23,-0.001677864173997623
2026-02-24,0.004425801551680264
2026-02-25,-0.002621469707409063
2026-02-26,0.003914578526815982
2026-02-27,0.006963061352302402
2026-03-02,-0.004529212308399089
2026-03-03,-0.01111419838854788
2026-03-04,0.003315538081996694
2026-03-05,-0.007169261794171433
2026-03-06,-0.0034976870127545467
2026-03-09,-0.00028306159247948326
2026-03-10,0.005719463156025784
2026-03-11,-0.011824324321002
2026-03-12,-0.00962962962424685
2026-03-13,0.00023013634971524866
2026-03-16,0.002876042571289039
2026-03-17,0.00212216804915788
2026-03-18,0.0
2026-03-19,-0.0034340659364049397
2026-03-20,-0.002871582810635598
2026-03-23,-0.007257228437161478
2026-03-24,-0.005337665352103782
2026-03-25,0.012015865611668008
2026-03-26,-0.004726224787868993
2026-03-27,-0.00972897844747933
2026-03-30,0.013216374264492847
2026-03-31,0.003463003580796764
2026-04-01,-0.0035140965232360877
2026-04-02,-0.0008692628668531821
2026-04-06,0.003422075292601967
2026-04-07,0.00023121386160807056
2026-04-08,0.00970873787213522
2026-04-09,-0.007669413923374835
2026-04-10,-0.0010381820300230382
2026-04-13,-0.0018475750498125887
2026-04-14,0.0030078667227546596
2026-04-15,0.003690888115780444
2026-04-16,-0.0012066191588393504
2026-04-17,0.001553241664407512
2026-04-20,0.0006892590479263827
2026-04-21,-0.0016071633483306647
2026-04-22,0.0009198574123319148
2026-04-23,-0.0025847214181057288
2026-04-24,-0.004203858332604948
2026-04-27,0.00033541521925073425
2026-04-28,-0.004266438512932957
2026-04-29,-0.0015675801122029265
2026-04-30,-0.0011629935477385223
2026-05-01,-0.0008025596799516865
2026-05-04,-0.0017543859690474228
2026-05-05,-0.0024018746308742678
2026-05-06,0.010617182454199403
2026-05-07,0.002684516966658057
2026-05-08,-0.0025498377443745612
2026-05-11,-0.0020915640253490464
2026-05-12,-0.008034466690859388
2026-05-13,-0.0029346167420138958
2026-05-14,0.0037673651928102903
2026-05-15,-0.016303072950057618
2026-05-18,-0.002026946466342605
2026-05-19,-0.008841099162068988
2026-05-20,0.0012054001916577128
2026-05-21,0.006750541783540287
2026-05-22,0.011771008846735098
2026-05-26,0.008628331658595556
2026-05-27,-0.0009960742961994118
2026-05-28,0.0012903225781744077
2026-05-29,0.005271790066254445
2026-06-01,-0.006364788684764977
2026-06-02,0.00047236715664511833
2026-06-03,-0.0036043676387187418
2026-06-04,0.002234280240871911
2026-06-05,-0.005254777069861771
2026-06-08,0.0010138199602809372
2026-06-09,-0.00095948826608383
2026-06-10,0.0011738341632518967
2026-06-11,-0.00015988062311134144
2026-06-12,0.003784446462601565
2026-06-15,0.0023895497015773426
2026-06-16,-0.00010594903893812457
2026-06-17,0.001642384101929295
2026-06-18,-0.0010578652216117757
2026-06-22,-0.003388753577061032
2026-06-23,0.0005312931697052381
2026-06-24,0.004301189460708343
2026-06-25,0.0031195474031926462
2026-06-26,-0.00031625553574299303
2026-06-29,0.0015817779247397912
2026-06-30,-0.0010528532364857401
2026-07-01,-0.005582446163469368
2026-07-02,0.000531688643130579
2026-07-06,0.0005314061005419202
2026-07-07,-0.0014871468026343981
2026-07-08,-0.0050000000000000044
2026-07-09,0.0006415053993371611
2026-07-10,0.0016027353349716833
2026-07-13,-0.0025602730957968722
2026-07-14,0.0010695187165774556
2026-07-15,0.00042735042735042583
2026-07-16,-0.000640751815463525
2026-07-17,0.004060696730070479
2026-07-20,-0.002
2026-07-21,0.0
2026-07-22,0.0
2026-07-23,0.0
2026-07-24,0.0
2026-07-27,0.0
