date,ret
2007-06-01,0.0
2007-06-04,0.0
2007-06-05,0.0
2007-06-06,0.0
2007-06-07,0.0
2007-06-08,0.0
2007-06-11,0.0
2007-06-12,0.0
2007-06-13,0.0
2007-06-14,0.0
2007-06-15,0.0
2007-06-18,0.0
2007-06-19,0.0
2007-06-20,0.0
2007-06-21,0.0
2007-06-22,0.0
2007-06-25,0.0
2007-06-26,0.0
2007-06-27,0.0
2007-06-28,0.0
2007-06-29,0.0
2007-07-02,0.0
2007-07-03,0.0
2007-07-05,0.0
2007-07-06,0.0
2007-07-09,0.0
2007-07-10,0.0
2007-07-11,0.0
2007-07-12,0.0
2007-07-13,0.0
2007-07-16,0.0
2007-07-17,0.0
2007-07-18,0.0
2007-07-19,0.0
2007-07-20,0.0
2007-07-23,0.0
2007-07-24,0.0
2007-07-25,0.0
2007-07-26,0.0
2007-07-27,0.0
2007-07-30,0.0
2007-07-31,0.0
2007-08-01,0.0
2007-08-02,0.0
2007-08-03,0.0
2007-08-06,0.0
2007-08-07,0.0
2007-08-08,0.0
2007-08-09,0.0
2007-08-10,0.0
2007-08-13,0.0
2007-08-14,0.0
2007-08-15,0.0
2007-08-16,0.0
2007-08-17,0.0
2007-08-20,0.0
2007-08-21,0.0
2007-08-22,0.0
2007-08-23,0.0
2007-08-24,0.0
2007-08-27,0.0
2007-08-28,0.0
2007-08-29,0.0
2007-08-30,0.0
2007-08-31,0.0
2007-09-04,0.0
2007-09-05,0.0
2007-09-06,0.0
2007-09-07,0.0
2007-09-10,0.0
2007-09-11,0.0
2007-09-12,0.0
2007-09-13,0.0
2007-09-14,0.0
2007-09-17,0.0
2007-09-18,0.0
2007-09-19,0.0
2007-09-20,0.0
2007-09-21,0.0
2007-09-24,0.0
2007-09-25,0.0
2007-09-26,0.0
2007-09-27,0.0
2007-09-28,0.0
2007-10-01,0.0
2007-10-02,0.0
2007-10-03,0.0
2007-10-04,0.0
2007-10-05,0.0
2007-10-08,0.0
2007-10-09,0.0
2007-10-10,0.0
2007-10-11,0.0
2007-10-12,0.0
2007-10-15,0.0
2007-10-16,0.0
2007-10-17,0.0
2007-10-18,0.0
2007-10-19,0.0
2007-10-22,0.0
2007-10-23,0.0
2007-10-24,0.0
2007-10-25,0.0
2007-10-26,0.0
2007-10-29,0.0
2007-10-30,0.0
2007-10-31,0.0
2007-11-01,0.0
2007-11-02,0.0
2007-11-05,0.0
2007-11-06,0.0
2007-11-07,0.0
2007-11-08,0.0
2007-11-09,0.0
2007-11-12,0.0
2007-11-13,0.0
2007-11-14,0.0
2007-11-15,0.0
2007-11-16,0.0
2007-11-19,0.0
2007-11-20,0.0
2007-11-21,0.0
2007-11-23,0.0
2007-11-26,0.0
2007-11-27,0.0
2007-11-28,0.0
2007-11-29,0.0
2007-11-30,0.0
2007-12-03,0.0
2007-12-04,0.0
2007-12-05,0.0
2007-12-06,0.0
2007-12-07,0.0
2007-12-10,0.0
2007-12-11,0.0
2007-12-12,0.0
2007-12-13,0.0
2007-12-14,0.0
2007-12-17,0.0
2007-12-18,0.0
2007-12-19,0.0
2007-12-20,0.0
2007-12-21,0.0
2007-12-24,0.0
2007-12-26,0.0
2007-12-27,0.0
2007-12-28,0.0
2007-12-31,0.0
2008-01-02,0.0
2008-01-03,0.0
2008-01-04,0.0
2008-01-07,0.0
2008-01-08,0.0
2008-01-09,0.0
2008-01-10,0.0
2008-01-11,0.0
2008-01-14,0.0
2008-01-15,0.0
2008-01-16,0.0
2008-01-17,0.0
2008-01-18,0.0
2008-01-22,0.0
2008-01-23,0.0
2008-01-24,0.0
2008-01-25,0.0
2008-01-28,0.0
2008-01-29,0.0
2008-01-30,0.0
2008-01-31,0.0
2008-02-01,0.0
2008-02-04,0.0
2008-02-05,0.0
2008-02-06,0.0
2008-02-07,0.0
2008-02-08,0.0
2008-02-11,0.0
2008-02-12,0.0
2008-02-13,0.0
2008-02-14,0.0
2008-02-15,0.0
2008-02-19,0.0
2008-02-20,0.0
2008-02-21,0.0
2008-02-22,0.0
2008-02-25,0.0
2008-02-26,0.0
2008-02-27,0.0
2008-02-28,0.0
2008-02-29,0.0
2008-03-03,0.0
2008-03-04,0.0
2008-03-05,0.0
2008-03-06,0.0
2008-03-07,0.0
2008-03-10,0.0
2008-03-11,0.0
2008-03-12,0.0
2008-03-13,0.0
2008-03-14,0.0
2008-03-17,0.0
2008-03-18,0.0
2008-03-19,0.0
2008-03-20,0.0
2008-03-24,0.0
2008-03-25,0.0
2008-03-26,0.0
2008-03-27,0.0
2008-03-28,0.0
2008-03-31,0.0
2008-04-01,0.0
2008-04-02,0.0
2008-04-03,0.0
2008-04-04,0.0
2008-04-07,0.0
2008-04-08,0.0
2008-04-09,0.0
2008-04-10,0.0
2008-04-11,0.0
2008-04-14,0.0
2008-04-15,0.0
2008-04-16,0.0
2008-04-17,0.0
2008-04-18,0.0
2008-04-21,0.0
2008-04-22,0.0
2008-04-23,0.0
2008-04-24,0.0
2008-04-25,0.0
2008-04-28,0.0
2008-04-29,0.0
2008-04-30,0.0
2008-05-01,0.0
2008-05-02,0.0
2008-05-05,0.0
2008-05-06,0.0
2008-05-07,0.0
2008-05-08,0.0
2008-05-09,0.0
2008-05-12,0.0
2008-05-13,0.0
2008-05-14,0.0
2008-05-15,0.0
2008-05-16,0.0
2008-05-19,0.0
2008-05-20,0.0
2008-05-21,0.0
2008-05-22,0.0
2008-05-23,0.0
2008-05-27,0.0
2008-05-28,0.0
2008-05-29,0.0
2008-05-30,0.0
2008-06-02,0.0
2008-06-03,-0.002793725334337747
2008-06-04,0.00605909606835886
2008-06-05,-0.007602347192628867
2008-06-06,0.0038806573945595613
2008-06-09,-0.004064170513297216
2008-06-10,-0.0024873063352750524
2008-06-11,-0.0006976535624746427
2008-06-12,-0.002895368101848983
2008-06-13,-0.0032035219100198242
2008-06-16,4.2520456133843254e-07
2008-06-17,0.0013048561465804909
2008-06-18,0.0016057292073832219
2008-06-19,0.000500844966689229
2008-06-20,0.0020010890532924375
2008-06-23,-0.001798170059162607
2008-06-24,6.804679975047634e-07
2008-06-25,0.001100096845919163
2008-06-26,0.0020996207055556937
2008-06-27,-0.0025934902789598313
2008-06-30,0.006700437590745789
2008-07-01,0.003440176914582871
2008-07-02,-0.006062477322034798
2008-07-03,-0.0013993210621694452
2008-07-07,-0.0028039035049162164
2008-07-08,0.0041172111045362225
2008-07-09,0.0049998417895960046
2008-07-10,0.002686244139733951
2008-07-11,0.0028783186209040412
2008-07-14,-0.008312105592281238
2008-07-15,0.004191184111850266
2008-07-16,-0.0012924616106753106
2008-07-17,-0.0050735301259077215
2008-07-18,-0.00660082939694584
2008-07-21,-9.990503751933222e-05
2008-07-22,0.0009060579800950208
2008-07-23,-0.0022131132121261388
2008-07-24,0.002116967624106625
2008-07-25,0.003922600228185802
2008-07-28,0.0015033896619232046
2008-07-29,-0.0015003482105083732
2008-07-30,0.0007012940920856359
2008-07-31,0.005006332028490101
2008-08-01,0.0022194437168512327
2008-08-04,-0.0037930377962114292
2008-08-05,-0.0001003304432261043
2008-08-06,-0.003506682102679237
2008-08-07,7.831607213848457e-07
2008-08-08,0.003518721969237859
2008-08-11,-0.0029061663510622227
2008-08-12,0.0018090206844671997
2008-08-13,0.0017054610103774959
2008-08-14,0.00020045515199207387
2008-08-15,0.003503752528681181
2008-08-18,0.00019938043704570418
2008-08-19,0.0012963868219295627
2008-08-20,0.0007974203413423364
2008-08-21,-9.991979004042584e-05
2008-08-22,-0.0025875892685952584
2008-08-25,0.005689076699231688
2008-08-26,-0.0023818261504662264
2008-08-27,0.0005968215008558264
2008-08-28,0.0022858409595858387
2008-08-29,0.004464301587317143
2008-09-02,-0.005492456062329731
2008-09-03,0.003887683444049994
2008-09-04,0.002880270013650099
2008-09-05,0.0024756158967380593
2008-09-08,-0.0027662373872392454
2008-09-09,0.005052622318391098
2008-09-10,-0.0006903280684408264
2008-09-11,0.004930523239691231
2008-09-12,-0.001963123322237692
2008-09-15,-0.0034407344460092304
2008-09-16,0.006610328369275553
2008-09-17,-0.012251822174895732
2008-09-18,-0.002679972033181599
2008-09-19,-0.004975041819436088
2008-09-22,-0.0011999811291065754
2008-09-23,-0.005606898652467662
2008-09-24,-0.003221019472504638
2008-09-25,0.005049644190619373
2008-09-26,-0.008441826244433237
2008-09-29,-0.0011143135662945447
2008-09-30,-0.003045307022677135
2008-10-01,0.00039557987142924134
2008-10-02,-0.004596427769358202
2008-10-03,0.007901235497415504
2008-10-06,0.004072807960671554
2008-10-07,-0.0021295769526605834
2008-10-08,-0.0227626505494809
2008-10-09,-0.01715652541351087
2008-10-10,-0.03406727477028104
2008-10-13,-0.009967113017866569
2008-10-14,0.02478166536399451
2008-10-15,0.01932413900746588
2008-10-16,0.008790593857151752
2008-10-17,-0.01963192308297146
2008-10-20,0.01616926350349268
2008-10-21,0.016019489891578864
2008-10-22,0.008919881902817561
2008-10-23,0.007196963709875437
2008-10-24,-0.01857682094810631
2008-10-27,-0.015081181678092137
2008-10-28,-9.600684902633105e-07
2008-10-29,0.005386487978068288
2008-10-30,0.011973686692370533
2008-10-31,-0.00840775540869032
2008-11-03,0.008915887044719684
2008-11-04,-0.008646636279618036
2008-11-05,0.01754929088085322
2008-11-06,0.006816851124567869
2008-11-07,-0.0063599376276539665
2008-11-10,0.004335976934229935
2008-11-11,-0.01377374366125328
2008-11-12,0.01698849818670367
2008-11-13,-0.009224172646152828
2008-11-14,0.0033110118555077506
2008-11-17,-0.0009286259017520226
2008-11-18,0.001651471609813271
2008-11-19,0.004017636976819672
2008-11-20,0.004514403945298895
2008-11-21,-0.005107685299962195
2008-11-24,-0.0029767832149077966
2008-11-25,0.006487782409555276
2008-11-26,0.01493699073053878
2008-11-28,-0.002721091879123172
2008-12-01,0.004616386356601998
2008-12-02,0.0003032404208256345
2008-12-03,0.005959327400138603
2008-12-04,0.0002007796399789985
2008-12-05,-0.0011030938247361677
2008-12-08,0.0031149148189602016
2008-12-09,-0.000701398379814977
2008-12-10,-0.0010028863103452856
2008-12-11,0.005519347460335666
2008-12-12,0.003992067816057876
2008-12-15,-0.0016893279432083075
2008-12-16,0.006970001823816574
2008-12-17,0.006229511405715371
2008-12-18,0.0014742111452572537
2008-12-19,0.00019583906796460937
2008-12-22,0.0036300157332072036
2008-12-23,-9.796974890952104e-05
2008-12-24,0.00967875072319413
2008-12-26,0.007938551079164524
2008-12-29,-0.006674764229925079
2008-12-30,0.006115219831861252
2008-12-31,0.005593678669620683
2009-01-02,-0.004699551076038921
2009-01-05,-0.0024098753982222387
2009-01-06,0.01198066799419184
2009-01-07,-0.005060639492389218
2009-01-08,-0.0028786769327723283
2009-01-09,-0.011547492279358473
2009-01-12,-0.0020454293199754225
2009-01-13,0.007804827681234805
2009-01-14,0.0014519378876385325
2009-01-15,-0.00580037776402742
2009-01-16,0.0011669101445528351
2009-01-20,-0.0025251045881338197
2009-01-21,0.005063009140080954
2009-01-22,-0.005230151251615078
2009-01-23,-0.006524820358236982
2009-01-26,-0.0028430087922762803
2009-01-27,-0.0009830444111663672
2009-01-28,0.010921943408006562
2009-01-29,-0.004574713989954904
2009-01-30,-0.006061583895336842
2009-02-02,0.004286812334763246
2009-02-03,0.0003930677727668197
2009-02-04,-0.0045199077791824305
2009-02-05,-0.0002963772843368462
2009-02-06,-0.0034558599246529154
2009-02-09,0.0022787127474122038
2009-02-10,4.5784885194244396e-07
2009-02-11,0.0032625201092517653
2009-02-12,0.004138249570944774
2009-02-13,-0.005004455133163166
2009-02-17,0.007496084255629087
2009-02-18,-0.0025454387635244213
2009-02-19,-0.002846907086728412
2009-02-20,0.0007871933513259322
2009-02-23,-0.0002948052539601953
2009-02-24,-0.003048864517397387
2009-02-25,-0.000888276201985394
2009-02-26,-0.0047412033080620475
2009-02-27,-0.0014885191974968182
2009-03-02,0.004056243461390441
2009-03-03,-0.001489126675479624
2009-03-04,-0.0016910564266061634
2009-03-05,-0.000896628507796926
2009-03-06,0.0026921430337387697
2009-03-09,0.0014920647963851952
2009-03-10,-0.008043682194198487
2009-03-11,0.004304612682820119
2009-03-12,0.0009971936538144544
2009-03-13,-0.0002992551713967284
2009-03-16,-0.0015938838386613252
2009-03-17,0.002793898830094399
2009-03-18,-0.0031836224653439826
2009-03-19,0.01536878590361046
2009-03-20,0.0014744871732235154
2009-03-23,-0.004416497702795175
2009-03-24,-0.006012942263458498
2009-03-25,-0.00168668192349819
2009-03-26,-0.0027815138252028637
2009-03-27,0.002391195826994652
2009-03-30,-0.0020871117199678935
2009-03-31,0.005876230159645557
2009-04-01,0.005358670475479332
2009-04-02,-0.0007905708776878573
2009-04-03,-0.0020773692224920204
2009-04-06,-0.0023781642112152834
2009-04-07,-0.0023845402595896736
2009-04-08,9.910544466040783e-05
2009-04-09,-0.00149328150468242
2009-04-13,0.005385717658670686
2009-04-14,-0.0011904034727300283
2009-04-15,0.00506410498366483
2009-04-16,0.0004941751667240091
2009-04-17,-0.0020733177805875025
2009-04-20,0.0005928540473438826
2009-04-21,0.0029675057666773696
2009-04-22,-0.003846635027191403
2009-04-23,0.0017826030326266729
2009-04-24,0.001680104188567455
2009-04-27,0.002071289032461676
2009-04-28,0.003249056507834025
2009-04-29,-0.0021585991803780846
2009-04-30,-0.0035417841863565336
2009-05-01,0.0007731405988211648
2009-05-04,0.002276041822488084
2009-05-05,9.852997766990335e-05
2009-05-06,0.0005920110593944372
2009-05-07,0.001183890825599887
2009-05-08,-0.0041386016202151765
2009-05-11,0.0005932741800878105
2009-05-12,0.0015821963352617985
2009-05-13,0.006417265967725738
2009-05-14,0.0009810465135220436
2009-05-15,-0.002057784294750342
2009-05-18,0.00343640451647631
2009-05-19,-0.0033273527904711386
2009-05-20,0.000981851302143566
2009-05-21,0.0034332441465996233
2009-05-22,-0.004007942915139839
2009-05-26,-0.00019606258463067405
2009-05-27,-0.004123272012816481
2009-05-28,-0.0060125103702662885
2009-05-29,-0.0003968359718024006
2009-06-01,0.0073071289628825475
2009-06-02,-0.0016800021993924608
2009-06-03,-0.0005938166321696192
2009-06-04,0.002872272846331958
2009-06-05,-0.007799407594925589
2009-06-08,-0.004478091176886023
2009-06-09,0.0008997625729374459
2009-06-10,-0.001298823198902399
2009-06-11,-0.0010999569955291166
2009-06-12,0.0043048278852797495
2009-06-15,0.007674367566731455
2009-06-16,0.0002976669221110839
2009-06-17,0.0036579508890244306
2009-06-18,-0.0014770257506478979
2009-06-19,-0.006809607242645788
2009-06-22,0.008941233987175279
2009-06-23,-0.0011809276171538263
2009-06-24,0.002069872438870135
2009-06-25,-0.0006879592158133274
2009-06-26,0.005020548241772893
2009-06-29,-0.0005878300127349911
2009-06-30,-0.000489699537315702
2009-07-01,-0.00018334563947830507
2009-07-02,0.001279140796322853
2009-07-06,0.001374858047732186
2009-07-07,0.00098204339109631
2009-07-08,0.002353489196952996
2009-07-09,0.002249588050615925
2009-07-10,0.0025382879936315383
2009-07-13,0.0017518543596477532
2009-07-14,-0.0029154530505143272
2009-07-15,-0.0038010029657714606
2009-07-16,-0.001956190262858759
2009-07-17,0.0
2009-07-20,-2.9599018935844157e-07
2009-07-21,0.0007839397735482923
2009-07-22,0.007836407558084568
2009-07-23,-0.0014575622446774128
2009-07-24,-0.00525599500443219
2009-07-27,-0.0019575657718974293
2009-07-28,9.858271798912632e-05
2009-07-29,0.0053909326950081216
2009-07-30,-0.002729722511322752
2009-07-31,0.006551147625856846
2009-08-03,0.0015937447590315124
2009-08-04,9.64420322318027e-05
2009-08-05,-0.004474801114739524
2009-08-06,-0.0012697386094702168
2009-08-07,-0.004795064859014597
2009-08-10,0.00324363464255617
2009-08-11,0.005782815052025159
2009-08-12,0.001461769989650863
2009-08-13,-0.00019514288559197013
2009-08-14,0.003990540007716925
2009-08-17,0.0015509787605441083
2009-08-18,0.0008709870792458219
2009-08-19,-0.0008709497791821175
2009-08-20,0.0018388853958450913
2009-08-21,0.0010623281047215105
2009-08-24,-0.005113925492088445
2009-08-25,0.0011637538926754232
2009-08-26,0.00445648204486937
2009-08-27,-0.0017363862171386746
2009-08-28,-9.63567157308276e-05
2009-08-31,0.0025128035911639035
2009-09-01,0.0013637113654074717
2009-09-02,0.000966942519411873
2009-09-03,0.001639662687007215
2009-09-04,0.00019203121396893508
2009-09-08,-0.002888021884611791
2009-09-09,-0.0006769797575254533
2009-09-10,0.0037682906156177864
2009-09-11,0.00423698099944958
2009-09-14,-0.0029717634636650114
2009-09-15,-0.0003846711913410017
2009-09-16,0.001442154454225797
2009-09-17,-0.00038369675897820255
2009-09-18,0.0017297316171838162
2009-09-21,-0.00047982361709042465
2009-09-22,-0.0016311585527217787
2009-09-23,0.0010570334528274827
2009-09-24,0.0024004574766849363
2009-09-25,0.0016290025488610027
2009-09-28,0.001625466365049233
2009-09-29,-0.0005721772622596655
2009-09-30,-0.00019157072175179923
2009-10-01,0.003174252887778728
2009-10-02,0.0035357113260103823
2009-10-05,-0.0018093248376559457
2009-10-06,-0.00028596169061190224
2009-10-07,0.0006677140789734803
2009-10-08,0.0022891636470498966
2009-10-09,-0.003996571980082186
2009-10-12,-0.0023879487787950016
2009-10-13,0.0012446792889140301
2009-10-14,-0.0025815829172568527
2009-10-15,-0.00057578625669652
2009-10-16,-0.00047987479480005035
2009-10-19,0.0012481987457959587
2009-10-20,0.0023964170924963835
2009-10-21,-0.0002864867381076053
2009-10-22,-0.0012438472447766635
2009-10-23,-0.0006708537274632276
2009-10-26,-0.00047841987899965854
2009-10-27,-0.0006717659006777454
2009-10-28,0.0025904958308540227
2009-10-29,0.00047930499745918453
2009-10-30,-0.00028813195269905556
2009-11-02,0.003581622837297349
2009-11-03,-0.018921538984908445
2009-11-04,0.02476519934855781
2009-11-05,0.013843225292525796
2009-11-06,-0.0046284336798125825
2009-11-09,0.029760513883154482
2009-11-10,0.0022579150069970133
2009-11-11,0.013065821966310454
2009-11-12,-0.007560375348175663
2009-11-13,-0.01075512355372954
2009-11-16,0.019932309344938615
2009-11-17,-0.0013327375775405992
2009-11-18,0.004892211550378667
2009-11-19,-0.01703887799924486
2009-11-20,-0.019135961648691358
2009-11-23,0.030984867064118404
2009-11-24,-0.0044522110497769996
2009-11-25,0.0033540033050902807
2009-11-27,-0.035435824133350224
2009-11-30,0.009473019371278868
2009-12-01,0.024948901407490398
2009-12-02,0.004465932199441358
2009-12-03,0.011116540382669848
2009-12-04,-0.001979165276228656
2009-12-07,-0.01498084158103119
2009-12-08,-0.008275728542947447
2009-12-09,-0.011051189715958532
2009-12-10,0.00889400816476038
2009-12-11,0.0009040935649318182
2009-12-14,0.006097874517186241
2009-12-15,-0.011448242351378313
2009-12-16,0.0084019267323725
2009-12-17,-0.014186210205307193
2009-12-18,-0.0043400763251250085
2009-12-21,-0.0002292484850471288
2009-12-22,0.005048323260444132
2009-12-23,0.009131955642665224
2009-12-24,0.008543765042605234
2009-12-28,0.006634475060868228
2009-12-29,0.0011363827850490171
2009-12-30,-0.01044271296529331
2009-12-31,0.012158866648044553
2010-01-04,0.0122396421265476
2010-01-05,-0.0006103191794659645
2010-01-06,0.0019301999040659545
2010-01-07,-0.0015412849618170466
2010-01-08,0.002026022787404713
2010-01-11,-0.002118407079988005
2010-01-12,0.002122158514979988
2010-01-13,0.002118628711048842
2010-01-14,-0.0011523326849872673
2010-01-15,0.0031734723500416173
2010-01-19,-0.0009592187509278594
2010-01-20,0.0006722949040500747
2010-01-21,0.0009589993512317818
2010-01-22,9.635801622076556e-05
2010-01-25,0.0010534429087598607
2010-01-26,0.0015304854496456244
2010-01-27,-0.0017194556584593235
2010-01-28,-0.0006698391589250452
2010-01-29,-0.0005752312633543477
2010-02-01,0.003327301413307282
2010-02-02,0.011849831881673992
2010-02-03,0.0009459527578632443
2010-02-04,-0.020075527275567717
2010-02-05,-0.034225448461759456
2010-02-08,-0.006987854607895971
2010-02-09,0.014073904796129355
2010-02-10,0.006443926072916328
2010-02-11,-0.003940110930645724
2010-02-12,-0.0012363865366857851
2010-02-16,0.012871643105214492
2010-02-17,0.02370460946069386
2010-02-18,-0.006445257479970268
2010-02-19,-0.004084623751655303
2010-02-22,0.014957673833533969
2010-02-23,-0.009983225031129694
2010-02-24,-0.008883869882211792
2010-02-25,-0.014292710956216759
2010-02-26,0.013762792623788656
2010-03-01,0.013333208062586088
2010-03-02,0.014832650648987533
2010-03-03,0.008486648075955117
2010-03-04,0.001402561516329781
2010-03-05,0.002100791470058816
2010-03-08,0.01583984897893842
2010-03-09,-0.008713570100822299
2010-03-10,0.007864586529891415
2010-03-11,0.002524652754615886
2010-03-12,0.012591916400058079
2010-03-15,-0.009722121955069385
2010-03-16,0.0022833860010122997
2010-03-17,0.01366708747413048
2010-03-18,-0.0006741980816438176
2010-03-19,-0.015066062562333893
2010-03-22,-0.010730596972989948
2010-03-23,0.01569341236965749
2010-03-24,-0.007497887257453595
2010-03-25,0.0075544397447881995
2010-03-26,-0.005907666136484746
2010-03-29,0.0093717293905482
2010-03-30,0.009057882117919469
2010-03-31,-0.005386033910911192
2010-04-01,0.013086388542358218
2010-04-05,0.010467798715420473
2010-04-06,-0.005289605481016535
2010-04-07,0.0033234490696953944
2010-04-08,-0.013250844067235312
2010-04-09,0.012757526570424282
2010-04-12,0.009944637004897228
2010-04-13,-0.001751012447720246
2010-04-14,0.00657669957647089
2010-04-15,0.0004354322283171008
2010-04-16,-0.00478851992503504
2010-04-19,-0.025809532586397288
2010-04-20,0.016165287167884124
2010-04-21,-0.0019885097551389785
2010-04-22,-0.01992509257460051
2010-04-23,0.00835805590063421
2010-04-26,0.014113253649261415
2010-04-27,-0.015905050241801555
2010-04-28,-0.019304166668450584
2010-04-29,0.005035350267980965
2010-04-30,0.0077433800321735635
2010-05-03,-0.011977406254017997
2010-05-04,-0.019213679001964024
2010-05-05,-0.03684640618506696
2010-05-06,-0.006779582479916946
2010-05-07,-0.027303866248234
2010-05-10,0.04837094496779426
2010-05-11,-0.010519184327286824
2010-05-12,0.012321945154327718
2010-05-13,-0.001670644701651236
2010-05-14,-0.01673415172549153
2010-05-17,-0.01167030220693177
2010-05-18,0.0007378268972679791
2010-05-19,-0.03220259676596349
2010-05-20,-0.023368012563283025
2010-05-21,-0.027307974433450677
2010-05-24,0.027272546941127462
2010-05-25,-0.042425738387787626
2010-05-26,0.030442915625687794
2010-05-27,0.02294919897816383
2010-05-28,0.01624521362396303
2010-06-01,-0.024105499311037004
2010-06-02,-0.001531714919485113
2010-06-03,-0.002557241049577108
2010-06-04,0.003323368320917508
2010-06-07,-0.0009461656979036226
2010-06-08,0.003694502038951386
2010-06-09,-0.0015104621391393014
2010-06-10,-0.000378058031374362
2010-06-11,-0.0011343360215081422
2010-06-14,-3.3924564590837036e-07
2010-06-15,0.0020825560580672864
2010-06-16,-0.001322261341566544
2010-06-17,0.002175458573610456
2010-06-18,0.0036807003287111506
2010-06-21,-0.0034790191552550587
2010-06-22,0.0029252023313575126
2010-06-23,0.000658177335860044
2010-06-24,0.004231381421870184
2010-06-25,-0.0030895292155657117
2010-06-28,0.004696634347279183
2010-06-29,0.001869965551546393
2010-06-30,0.0013990707189508456
2010-07-01,3.8846766901246e-05
2010-07-02,-0.002
2010-07-06,0.0
2010-07-07,-0.006920879969401604
2010-07-08,0.03752545332045587
2010-07-09,0.0012149532625731485
2010-07-12,0.004387193129194555
2010-07-13,0.01440520446223359
2010-07-14,0.0014658726559089175
2010-07-15,0.0027444881484974815
2010-07-16,-0.004744092692759994
2010-07-19,-0.018700155835700283
2010-07-20,-0.011022886494439277
2010-07-21,0.029942382159277026
2010-07-22,-0.006419662502510359
2010-07-23,0.008307181094321159
2010-07-26,0.012449652139011391
2010-07-27,0.014195298374186649
2010-07-28,-0.007577783717922504
2010-07-29,0.0017966223434000561
2010-07-30,-0.0210724533685257
2010-08-02,0.02583127233492033
2010-08-03,0.004375390659663081
2010-08-04,0.00044452346105749996
2010-08-05,-0.002488225357370921
2010-08-06,-0.00454342984434053
2010-08-09,0.010560229107274166
2010-08-10,-0.00788168615794449
2010-08-11,-0.012318129070077344
2010-08-12,-0.02711251694553285
2010-08-13,0.005945192757523365
2010-08-16,-0.006648813376501139
2010-08-17,0.01505996095853157
2010-08-18,0.0032054217385812933
2010-08-19,-0.002921307281022245
2010-08-20,-0.015198681563830974
2010-08-23,0.004462625510932572
2010-08-24,-0.019344687143829198
2010-08-25,-0.009438414346400581
2010-08-26,0.01419723677920226
2010-08-27,-0.005167230365680231
2010-08-30,0.006516196045365907
2010-08-31,-0.015575154805635871
2010-09-01,0.017251239034872468
2010-09-02,0.018645179424602754
2010-09-03,-0.002
2010-09-07,0.0
2010-09-08,-0.006620820875472664
2010-09-09,0.016293464404625313
2010-09-10,-0.004746977161463661
2010-09-13,0.013138948883319124
2010-09-14,-0.0007106057823221823
2010-09-15,-0.0016000000039120277
2010-09-16,0.0036502848983401837
2010-09-17,0.0027499334652465457
2010-09-20,-0.001415428159680543
2010-09-21,0.012579730685755575
2010-09-22,-0.0043744531933694875
2010-09-23,-0.011511423546055166
2010-09-24,0.011200995638843247
2010-09-27,0.009758241760658537
2010-09-28,-0.003830750477578082
2010-09-29,-0.0003495892335069195
2010-09-30,0.005857667417335843
2010-10-01,-0.0005215123765733853
2010-10-04,-0.005391773200222105
2010-10-05,0.003759727199703189
2010-10-06,0.010627177694430223
2010-10-07,0.004137217731240206
2010-10-08,-0.0038626609536502876
2010-10-11,0.0057733735495217875
2010-10-12,-0.0038553803965076794
2010-10-13,0.011954932482478364
2010-10-14,0.0012748597685519059
2010-10-15,0.003989474577102969
2010-10-18,-0.00456543794470976
2010-10-19,-0.004671309666427814
2010-10-20,-0.0021332878179909365
2010-10-21,0.012485035059894178
2010-10-22,-0.0007601351369952436
2010-10-25,0.007015467835242983
2010-10-26,-0.0087292261214158
2010-10-27,-0.0017781541007001467
2010-10-28,0.009924505888504687
2010-10-29,-0.006551318658400307
2010-11-01,0.006679066617265139
2010-11-02,0.0029394473911048546
2010-11-03,0.0021771897455504785
2010-11-04,0.0133689839593496
2010-11-05,0.008740105542145438
2010-11-08,0.0
2010-11-09,0.003923491907410703
2010-11-10,-0.010096075562540774
2010-11-11,-0.004359269617353334
2010-11-12,-0.001900041299809585
2010-11-15,-0.001986426093259941
2010-11-16,-0.01069829158647817
2010-11-17,-0.00905356693939352
2010-11-18,0.009728449372926606
2010-11-19,0.004524128687159346
2010-11-22,-0.0017514595539105393
2010-11-23,-0.007686523517505539
2010-11-24,-0.002
2010-11-26,0.0
2010-11-29,-0.007538771392860853
2010-11-30,-0.004388185654421117
2010-12-01,0.018816748595662958
2010-12-02,0.008319467554127158
2010-12-03,0.007755775576394397
2010-12-06,0.004011789749296613
2010-12-07,0.01068254098318211
2010-12-08,-0.007745683394411396
2010-12-09,0.008050089445242659
2010-12-10,0.0013712995014376617
2010-12-13,0.0073304333799453225
2010-12-14,-0.0023990403799570847
2010-12-15,-0.00248496993616798
2010-12-16,-0.0020893603394086524
2010-12-17,-0.0008052826561856241
2010-12-20,0.004513217280394333
2010-12-21,0.002808087298284967
2010-12-22,0.003920313624895311
2010-12-23,-0.002
2010-12-27,0.0
2010-12-28,0.0041536002610542706
2010-12-29,0.0006354249419837643
2010-12-30,-0.0014287982254339582
2010-12-31,-0.0021462639162257435
2011-01-03,0.009400143395609684
2011-01-04,-0.0013446006389541375
2011-01-05,-0.003783934751702689
2011-01-06,0.00028418254121120867
2011-01-07,8.35012881061914e-07
2011-01-10,0.0026582886446333553
2011-01-11,0.002084178885338961
2011-01-12,-0.003025086702034274
2011-01-13,-0.0005688771352960753
2011-01-14,0.005312094288185021
2011-01-18,-0.002831304486942021
2011-01-19,-0.001230040475972971
2011-01-20,-0.0004736633906925469
2011-01-21,-0.00246365724086528
2011-01-24,0.002280394252768936
2011-01-25,0.0007584853511914957
2011-01-26,0.0016100188752592448
2011-01-27,-0.0009453869917288582
2011-01-28,-0.0003790475369979118
2011-01-31,0.0023669795821978923
2011-02-01,-0.0026852318634673633
2011-02-02,0.0032609300158659184
2011-02-03,-0.0010736196345287885
2011-02-04,0.004375863658634405
2011-02-07,0.004662539175043223
2011-02-08,0.004945222148090123
2011-02-09,0.0009084714989349152
2011-02-10,-0.0046138718725681205
2011-02-11,0.0015197568426330577
2011-02-14,0.009332321694570433
2011-02-15,-7.517101424137085e-05
2011-02-16,0.0033077732752946343
2011-02-17,0.0
2011-02-18,-0.002
2011-02-22,0.0
2011-02-23,-0.012291466343837818
2011-02-24,-0.006603415557390413
2011-02-25,0.004584352080118093
2011-02-28,0.010191664128455402
2011-03-01,0.005646739944219492
2011-03-02,-0.01768722361531094
2011-03-03,0.0122442630692845
2011-03-04,0.00302422456360385
2011-03-07,0.000804623720884301
2011-03-08,-0.013657600359078481
2011-03-09,0.0036653534152260026
2011-03-10,-0.017244787238951287
2011-03-11,-0.013831411977463737
2011-03-14,-0.009420845529196642
2011-03-15,-0.039306438797036325
2011-03-16,0.021337615637077922
2011-03-17,0.005599459944664487
2011-03-18,0.01435008829088713
2011-03-21,0.014569065697098482
2011-03-22,0.004995162608844694
2011-03-23,-0.004556356943652196
2011-03-24,0.012066417711474209
2011-03-25,0.002466229493830907
2011-03-28,-0.003485422998249166
2011-03-29,-0.004115470019745993
2011-03-30,0.016115803654969785
2011-03-31,0.0024400967326776435
2011-04-01,0.005882416405560642
2011-04-04,-0.0009442952849170148
2011-04-05,0.0005712291496831057
2011-04-06,-0.0018090237835867162
2011-04-07,-0.002000420590091867
2011-04-08,-0.000668438750975886
2011-04-11,-0.00019239655888414475
2011-04-12,0.002199521123713577
2011-04-13,0.0005727430601933925
2011-04-14,0.0028600654550099414
2011-04-15,0.0011406885222122742
2011-04-18,0.0017084306192647336
2011-04-19,0.0030343026314227917
2011-04-20,-0.000567713270340664
2011-04-21,-0.00047252560960620027
2011-04-25,0.00047340454001387755
2011-04-26,0.0015129573691221587
2011-04-27,0.0010385364827136812
2011-04-28,0.0024514596251532517
2011-04-29,-0.0003758133100391081
2011-05-02,0.0026936486009769833
2011-05-03,-0.013990299252761736
2011-05-04,-0.004851492546743108
2011-05-05,-0.02203557593004135
2011-05-06,0.006579842496661881
2011-05-09,-0.008914143387154572
2011-05-10,0.007595636218618251
2011-05-11,0.001190258869934624
2011-05-12,-0.0188234719567989
2011-05-13,0.004847047192430454
2011-05-16,-0.016278372661476248
2011-05-17,-0.002451714420225959
2011-05-18,0.007578010570372218
2011-05-19,0.009348945406709719
2011-05-20,-0.003020374771090628
2011-05-23,-0.028479129587517416
2011-05-24,0.007692137343115801
2011-05-25,-0.004539002741512976
2011-05-26,0.01139936964669408
2011-05-27,0.013524587788492415
2011-05-31,0.017994432588950726
2011-06-01,-0.0017877376479108475
2011-06-02,-0.013927466393025778
2011-06-03,-0.010088768867841158
2011-06-06,0.006522686064239558
2011-06-07,0.000607049940053006
2011-06-08,-0.008500017904609858
2011-06-09,-0.004286147547591601
2011-06-10,-0.0006153907405658243
2011-06-13,-0.009846435145285937
2011-06-14,0.009530044707980023
2011-06-15,-0.012107602747775559
2011-06-16,-0.01599501162203698
2011-06-17,0.009288919278667596
2011-06-20,-0.009203071870900859
2011-06-21,0.013087985914979283
2011-06-22,0.006042673244549324
2011-06-23,-0.019883691487355026
2011-06-24,0.011834268797447534
2011-06-27,-0.01315770098147706
2011-06-28,0.013333537476188484
2011-06-29,0.01942356609785878
2011-06-30,0.0127016615831963
2011-07-01,0.006676282347314988
2011-07-04,-0.002
2011-07-05,0.0
2011-07-06,-0.006795837379881651
2011-07-07,0.007629193224970576
2011-07-08,-0.010559430062884956
2011-07-11,-0.018929014047478376
2011-07-12,-0.014367922075919859
2011-07-13,0.008954746097209254
2011-07-14,0.010319948642431687
2011-07-15,-0.007967418372389568
2011-07-18,-0.011943892211985219
2011-07-19,0.006669188089747147
2011-07-20,0.013043734795652018
2011-07-21,0.010627367943492061
2011-07-22,0.010313534613577868
2011-07-25,-0.006004562061043606
2011-07-26,0.0048325201824435116
2011-07-27,-0.006412215686136702
2011-07-28,-0.014724590466448806
2011-07-29,-0.008187762174293511
2011-08-01,0.014860445385508791
2011-08-02,-0.004
2011-08-03,0.0
2011-08-04,-0.04906756343490981
2011-08-05,-0.02137919948879108
2011-08-08,-0.03983245729021534
2011-08-09,-0.024292190581102102
2011-08-10,0.010432190764228189
2011-08-11,-0.017352073572880267
2011-08-12,0.045382306201385614
2011-08-15,0.006672297292974472
2011-08-16,0.002349190374078214
2011-08-17,0.006528835686470114
2011-08-18,-0.031185031180106515
2011-08-19,-0.030386266095260073
2011-08-22,0.019564447585807665
2011-08-23,-0.01753928974614083
2011-08-24,0.026866990721350348
2011-08-25,0.02186074533190774
2011-08-26,-0.02560431230619642
2011-08-29,0.033451465119781476
2011-08-30,0.010622281705182202
2011-08-31,0.013490027313775244
2011-09-01,-0.0013882083979730453
2011-09-02,-0.031646087167375825
2011-09-06,-0.034031413613241135
2011-09-07,0.03820264008822827
2011-09-08,0.006820478271635455
2011-09-09,-0.01580664045954383
2011-09-12,-0.027277362332701394
2011-09-13,0.0225386564075718
2011-09-14,0.011020931232132991
2011-09-15,0.01952002703686917
2011-09-16,0.005304600085759059
2011-09-19,-0.014510676895400754
2011-09-20,0.010792269729117843
2011-09-21,-0.004883297469145842
2011-09-22,-0.05805539382840752
2011-09-23,-0.010066225168639753
2011-09-26,0.02229952725021178
2011-09-27,0.03420294913041633
2011-09-28,-0.006327512017177295
2011-09-29,-0.006197996269024286
2011-09-30,-0.02221272959458709
2011-10-03,-0.01712538226216065
2011-10-04,-0.0010942690124497965
2011-10-05,-0.004798263745675269
2011-10-06,-0.0025485758884165044
2011-10-07,-0.0035574255667776278
2011-10-10,-0.0006405655044350311
2011-10-11,-0.0007330504362960122
2011-10-12,-0.0017426059149746598
2011-10-13,0.0025717940453140464
2011-10-14,-0.0035719729091587826
2011-10-17,0.0021139112011643313
2011-10-18,0.0028438210517944817
2011-10-19,-0.00045742123115199984
2011-10-20,0.0010069116595781136
2011-10-21,0.0007311866131680667
2011-10-24,5.507261313653089e-11
2011-10-25,-0.0011882478040150524
2011-10-26,0.0023788820537018474
2011-10-27,-0.001824667272240843
2011-10-28,-0.0020117444106413362
2011-10-31,0.006046193503287833
2011-11-01,0.003254381892531244
2011-11-02,0.010750471201757431
2011-11-03,0.011628845997400772
2011-11-04,-0.0003193102905562073
2011-11-07,-0.002
2011-11-08,0.0
2011-11-09,-0.017994327135805954
2011-11-10,-0.0008007046220249725
2011-11-11,0.008334001122702661
2011-11-14,0.0028610029377644786
2011-11-15,-0.008083049370433804
2011-11-16,-0.002876088516897135
2011-11-17,-0.007691691370128706
2011-11-18,-0.010900282596990385
2011-11-21,-0.0187755102100694
2011-11-22,-0.006655574039233558
2011-11-23,-0.011139028482492375
2011-11-25,-0.014313542807293023
2011-11-28,0.027152431682219147
2011-11-29,0.0042663543586183295
2011-11-30,0.028654727206225195
2011-12-01,0.011013037490144706
2011-12-02,0.010172206643503268
2011-12-05,0.005708848719816251
2011-12-06,-0.004966887419739829
2011-12-07,-0.002931621897505954
2011-12-08,0.0004767959325087112
2011-12-09,-0.011040508347547773
2011-12-12,0.0035338527112684925
2011-12-13,-0.0007202881170079722
2011-12-14,-0.018420631112764818
2011-12-15,0.003834856396301989
2011-12-16,-0.006502479066231581
2011-12-19,-0.001390820587552688
2011-12-20,0.0009831230566479388
2011-12-21,0.014323129813573976
2011-12-22,0.005648349869018521
2011-12-23,0.008344700313771547
2011-12-27,0.003978674305746832
2011-12-28,0.0026947768852418896
2011-12-29,-0.010038732111688153
2011-12-30,0.0062280421547911136
2012-01-03,0.013807332174281983
2012-01-04,-0.0051795252989970085
2012-01-05,-0.001453707481612998
2012-01-06,0.0010916974376495858
2012-01-09,0.0009088896581861405
2012-01-10,-0.0009077671284875022
2012-01-11,0.0009085915601390049
2012-01-12,0.001816376642081341
2012-01-13,0.0007253075535962328
2012-01-17,0.0024454713792307903
2012-01-18,-0.0010842099223918877
2012-01-19,-0.001175857427610616
2012-01-20,-0.0009955544319250054
2012-01-23,-0.004987000040218348
2012-01-24,0.001823518919268352
2012-01-25,9.069325291188868e-05
2012-01-26,0.0037273158944990392
2012-01-27,0.0012680709997456852
2012-01-30,0.001990757542191801
2012-01-31,0.0008123529137693541
2012-02-01,0.0004024434469414029
2012-02-02,-0.0006739738464358568
2012-02-03,0.009568296546873079
2012-02-06,-0.00014925373170815437
2012-02-07,0.001418122102120556
2012-02-08,0.005142729376676591
2012-02-09,0.004078303426691798
2012-02-10,-0.009231223695541635
2012-02-13,0.008646392370292189
2012-02-14,-0.0023647649982333485
2012-02-15,0.004666666659965513
2012-02-16,-0.007815380079287615
2012-02-17,0.014490599687099648
2012-02-21,0.0015382361596487648
2012-02-22,-0.003437431433693572
2012-02-23,-0.0022016732681072737
2012-02-24,0.0071344513086744055
2012-02-27,-0.006645731402933008
2012-02-28,0.00867519482760093
2012-02-29,0.004081632654152401
2012-03-01,-0.003193960509982441
2012-03-02,0.0022575007248504253
2012-03-05,-0.004214197487462212
2012-03-06,-0.012842028452588972
2012-03-07,-0.001700051744868314
2012-03-08,0.010661928040036184
2012-03-09,0.005860805857223372
2012-03-12,0.0018208302941706833
2012-03-13,0.005597964381434561
2012-03-14,0.012868710233283398
2012-03-15,0.0001427551752251066
2012-03-16,0.0017128175891263364
2012-03-19,-0.0010686805383806064
2012-03-20,-0.0011411454275159771
2012-03-21,0.002927525890793925
2012-03-22,-0.009184109360031001
2012-03-23,0.0014370913306760436
2012-03-26,0.008968931616499809
2012-03-27,0.007964727636899482
2012-03-28,-0.004585861439040939
2012-03-29,-0.01041888156451276
2012-03-30,0.00923936399310743
2012-04-02,-0.00191611667490299
2012-04-03,0.0068259385659001914
2012-04-04,-0.010098870055358145
2012-04-05,-0.005493329524449475
2012-04-06,-0.00014347202330666775
2012-04-09,-0.009685751189974168
2012-04-10,-0.000579584140938505
2012-04-11,-0.004784342155794041
2012-04-12,-0.0011654162749784591
2012-04-13,0.00977174944096948
2012-04-16,-0.0045497219637335995
2012-04-17,0.0
2012-04-18,0.004497968661456575
2012-04-19,0.0012277914140781387
2012-04-20,-0.002164033755413408
2012-04-23,-0.0129400708502454
2012-04-24,0.0027098286282971618
2012-04-25,0.01270907895235629
2012-04-26,0.0017309772851661354
2012-04-27,0.012167902651345042
2012-04-30,-0.0033432920751891304
2012-05-01,-0.002283919774192178
2012-05-02,0.0009299663804158698
2012-05-03,0.003001715264472349
2012-05-04,-0.013039760587230775
2012-05-07,-0.014439390657839168
2012-05-08,-0.0016848582473214524
2012-05-09,-0.00865864397156424
2012-05-10,0.011695040712117244
2012-05-11,-0.01104770266339683
2012-05-14,-0.00636235850900968
2012-05-15,-0.0021591839826525794
2012-05-16,-0.0005969258243081477
2012-05-17,-0.008063311932184458
2012-05-18,-0.011214812584520395
2012-05-21,-0.009210626478772799
2012-05-22,0.016518131533347358
2012-05-23,-0.008011488172854908
2012-05-24,0.010514285712099225
2012-05-25,-0.0011309658383870103
2012-05-28,0.0
2012-05-29,-0.002
2012-05-30,0.0
2012-05-31,-0.008412190703380616
2012-06-01,-0.017462607239567052
2012-06-04,-0.007881925663014044
2012-06-05,-0.0042059350424403785
2012-06-06,0.016581931953848272
2012-06-07,0.026929291374947928
2012-06-08,-0.013186483858819709
2012-06-11,0.01867739731163498
2012-06-12,-0.017738689719914325
2012-06-13,0.005614993545543401
2012-06-14,-0.0014336376612366086
2012-06-15,0.007858546169720926
2012-06-18,0.001499475178189602
2012-06-19,0.011229225932112064
2012-06-20,0.004663902874760595
2012-06-21,-0.000515805763551147
2012-06-22,-0.018504865821591943
2012-06-25,-0.008112371367858029
2012-06-26,-0.002650511167256009
2012-06-27,0.00546697039135835
2012-06-28,-0.000981724817384455
2012-06-29,0.021997127521288462
2012-07-02,0.00946745562641671
2012-07-03,0.0
2012-07-05,0.0030773739727765204
2012-07-06,-0.010445580714619429
2012-07-09,-0.0006643537330781601
2012-07-10,0.00465356772859149
2012-07-11,-0.013234321002329685
2012-07-12,-0.006184337974731613
2012-07-13,0.003598740440486914
2012-07-16,0.011803376663675813
2012-07-17,0.003913171884774913
2012-07-18,-0.002
2012-07-19,0.0
2012-07-20,-0.007085361418604051
2012-07-23,-0.018108798831349526
2012-07-24,0.005354354125944649
2012-07-25,-0.0072490568825844814
2012-07-26,0.012517696151173485
2012-07-27,0.007358893222473961
2012-07-30,0.011907370875144485
2012-07-31,-0.00021657521550033643
2012-08-01,0.0015163549663583797
2012-08-02,-0.015501081473526468
2012-08-03,0.014719882827101127
2012-08-06,0.008371824483257795
2012-08-07,0.003292298882797473
2012-08-08,-0.002354116133444051
2012-08-09,0.003146228100496584
2012-08-10,-0.0017820229568192847
2012-08-13,0.003998857470374206
2012-08-14,0.004907539121403737
2012-08-15,-0.004600467126966601
2012-08-16,0.003626279863677695
2012-08-17,0.007651434645427724
2012-08-20,-0.0017577163705961851
2012-08-21,0.0039442174878461245
2012-08-22,-0.007997755010023755
2012-08-23,0.0004950495061617488
2012-08-24,-0.008199618296400812
2012-08-27,0.011260779703519797
2012-08-28,-0.005003876245787575
2012-08-29,0.002408273123747584
2012-08-30,-0.004381006211673477
2012-08-31,0.0027679205090966885
2012-09-04,-0.0017694104367766972
2012-09-05,0.0003545093599166549
2012-09-06,0.004961372177290979
2012-09-07,0.01572748430318005
2012-09-10,0.0013192612169568019
2012-09-11,-0.0040219124901077485
2012-09-12,0.005221750334999387
2012-09-13,-0.00034630835380489167
2012-09-14,0.01773713018883183
2012-09-17,0.00040846892332213613
2012-09-18,-0.002858115012094209
2012-09-19,0.001569644445261531
2012-09-20,-0.005178522754267112
2012-09-21,0.004383561637806732
2012-09-24,-0.010092744135024367
2012-09-25,0.005511160104285651
2012-09-26,-0.012674705404610909
2012-09-27,-0.0015960030486528165
2012-09-28,0.0009035307137585935
2012-10-01,0.003402541498521927
2012-10-02,0.0027681660882732384
2012-10-03,-0.00013802622532044229
2012-10-04,0.005176697952721243
2012-10-05,0.008858064964066825
2012-10-08,-0.009120609861374196
2012-10-09,-0.0004121445263575163
2012-10-10,-0.009070918083909696
2012-10-11,0.0005547850221638839
2012-10-12,-0.005822012750290706
2012-10-15,-0.0014640267743563085
2012-10-16,0.01068211966822874
2012-10-17,0.006009947497138013
2012-10-18,0.0015106777486730838
2012-10-19,-0.0023997257431205288
2012-10-22,-0.01580756014249829
2012-10-23,-0.009217877091945992
2012-10-24,0.00042289258631833526
2012-10-25,0.000915879942901654
2012-10-26,-0.005279087769369251
2012-10-31,0.0036795924147361436
2012-11-01,-0.0012690355361012484
2012-11-02,0.014541860794569983
2012-11-05,-0.01635123851686926
2012-11-06,0.006366272899183123
2012-11-07,-0.004357911016348193
2012-11-08,-0.013625132367388049
2012-11-09,-0.015101631837097784
2012-11-12,0.006830898916211137
2012-11-13,-0.0074341393004802026
2012-11-14,0.005017452010401602
2012-11-15,-0.01635192822100262
2012-11-16,-0.000220669364276449
2012-11-19,0.014714537963529173
2012-11-20,0.007033062644489663
2012-11-21,0.003023975806791146
2012-11-23,0.007034670877570592
2012-11-26,0.0025661130491054784
2012-11-27,0.0018485602604856322
2012-11-28,-0.008161237672050015
2012-11-29,0.015955924445991032
2012-11-30,0.0010564124173833012
2012-12-03,0.004643309416035635
2012-12-04,-0.009523809521445048
2012-12-05,-0.0004949095034729734
2012-12-06,0.0
2012-12-07,0.008205418399740427
2012-12-10,-0.002245141370676107
2012-12-11,0.005977076152432925
2012-12-12,0.006570669656667638
2012-12-13,-0.004027777779136099
2012-12-14,-0.007669781064328585
2012-12-17,0.0010539629030861253
2012-12-18,0.010739102969566483
2012-12-19,0.010624999992019823
2012-12-20,-0.007902150753475778
2012-12-21,-0.015306829204307593
2012-12-24,0.0021804881533356024
2012-12-26,0.001122964620780209
2012-12-27,-0.005959057765272613
2012-12-28,-0.008110586080618654
2012-12-31,-0.006968145619718813
2013-01-02,0.039023342402335626
2013-01-03,-0.009174914241468542
2013-01-04,-0.0023842735370758206
2013-01-07,-0.0010860714482268108
2013-01-08,-0.0034799012655054584
2013-01-09,0.00196448996726839
2013-01-10,0.009583844236209726
2013-01-11,0.0025888858716542895
2013-01-14,0.0032276367731056688
2013-01-15,-0.0066491433323732085
2013-01-16,-0.0023754147739386555
2013-01-17,0.007792178278840822
2013-01-18,0.0015036606883225279
2013-01-22,-0.0008583462921422091
2013-01-23,-0.0010727070500157199
2013-01-24,0.001933353957977113
2013-01-25,0.007291642444120727
2013-01-28,-0.0019159760893795452
2013-01-29,0.0002134102209261357
2013-01-30,0.004478270416362173
2013-01-31,-0.0021227259813797472
2013-02-01,0.0038295117458737593
2013-02-04,-0.006190507796788754
2013-02-05,0.0001995742421065927
2013-02-06,0.0011306950395313375
2013-02-07,0.00451767207311593
2013-02-08,0.0001322751325991689
2013-02-11,0.0034386985851821983
2013-02-12,0.00026360880517972696
2013-02-13,0.003623665832943823
2013-02-14,-0.004201404847003487
2013-02-15,0.004878370364496787
2013-02-19,-0.00039362330346237595
2013-02-20,0.005053488215785551
2013-02-21,-0.014235340206543823
2013-02-22,0.0012586115477091209
2013-02-25,0.009791597750310688
2013-02-26,-0.019065714471579676
2013-02-27,0.0011354528480926884
2013-02-28,0.013409833878364585
2013-03-01,-0.005332455567868766
2013-03-04,0.004434443049970982
2013-03-05,0.012519768053260716
2013-03-06,0.007679291946157019
2013-03-07,-0.0009041591342202615
2013-03-08,0.004912734328631485
2013-03-11,-0.0009005531991662652
2013-03-12,0.003862992533132825
2013-03-13,-0.0010261672677744915
2013-03-14,0.0035310734471258876
2013-03-15,-0.002942869937326842
2013-03-18,-0.009688803336721286
2013-03-19,0.006220033691231253
2013-03-20,0.0014166130026791457
2013-03-21,-0.00488683127198386
2013-03-22,0.0005815456204472103
2013-03-25,0.007491120433783971
2013-03-26,-0.002692135118310457
2013-03-27,-0.00212095892786468
2013-03-28,0.005345871438796168
2013-04-01,0.0032032801589032545
2013-04-02,0.0001277220770738996
2013-04-03,0.0019155864934252698
2013-04-04,-0.00943215856193469
2013-04-05,-0.00952197130510668
2013-04-08,0.00785969470147374
2013-04-09,0.008636246460676178
2013-04-10,0.004281150154588742
2013-04-11,0.009734682191774535
2013-04-12,-0.00012602394485827784
2013-04-15,-0.004285354167008815
2013-04-16,-0.010822784813376285
2013-04-17,0.0
2013-04-18,-0.005886493056545095
2013-04-19,-0.00559953658804091
2013-04-22,0.008284789640531365
2013-04-23,0.007510591863010063
2013-04-24,0.0056068811704828025
2013-04-25,0.0032313248433493147
2013-04-26,-6.315523572375525e-05
2013-04-29,0.0021474136272954247
2013-04-30,0.003781433164729009
2013-05-01,0.00037671878035361317
2013-05-02,-0.010660004770890349
2013-05-03,0.0117325825125989
2013-05-06,0.0010353624888981283
2013-05-07,0.0035167667393236623
2013-05-08,0.006184755928504426
2013-05-09,-2.76145886268786e-07
2013-05-10,-0.005531593532133394
2013-05-13,-0.0010305863449217023
2013-05-14,-0.0008245329196101547
2013-05-15,0.0024774222698966675
2013-05-16,0.00020486042804312987
2013-05-17,-0.0012342159535623232
2013-05-20,0.005769952739544948
2013-05-21,0.00020539796813312527
2013-05-22,0.005122202428443856
2013-05-23,-0.031797968336624405
2013-05-24,-0.001473932009622314
2013-05-28,0.012228160581788883
2013-05-29,-0.012496739786621469
2013-05-30,-0.0014764251761747449
2013-05-31,-0.00697135822131667
2013-06-03,-0.010423216277546832
2013-06-04,-0.0036320896390484823
2013-06-05,0.0001837249086225068
2013-06-06,-0.0017459255493273984
2013-06-07,9.244510962158614e-05
2013-06-10,-0.0029451521581433937
2013-06-11,-0.0014756825480465308
2013-06-12,0.0012939228866428731
2013-06-13,-0.0008310335013056447
2013-06-14,0.005358372637128905
2013-06-17,0.00027453587267878277
2013-06-18,-0.0020197807353443675
2013-06-19,0.0017488385295070241
2013-06-20,-0.013692782031932138
2013-06-21,-0.002049116289615349
2013-06-24,-0.01027004875196813
2013-06-25,0.0043395173232214646
2013-06-26,0.002347529911697066
2013-06-27,0.002436265811221805
2013-06-28,-0.00046753288599465925
2013-07-01,0.0017565828425336605
2013-07-02,-0.004868163216810269
2013-07-03,-0.003972194632097081
2013-07-05,0.012400299102543366
2013-07-08,0.00855542561538547
2013-07-09,0.006835103138628895
2013-07-10,-6.061340783392044e-05
2013-07-11,0.012972055519917314
2013-07-12,0.0016755430595787324
2013-07-15,0.0034649620658135927
2013-07-16,0.0017264987764880058
2013-07-17,-0.0005943183183457768
2013-07-18,0.0008920076139837807
2013-07-19,0.0012476976964621578
2013-07-22,0.005281272258246705
2013-07-23,0.0023021073120332858
2013-07-24,-5.889281522086787e-05
2013-07-25,-0.009246716533222732
2013-07-26,0.0
2013-07-29,0.0027345143259069893
2013-07-30,0.0024899217441685106
2013-07-31,-0.0009461856840308203
2013-08-01,0.006215224340731407
2013-08-02,0.0017059827018448548
2013-08-05,0.0017030772814625728
2013-08-06,-0.001172539129200345
2013-08-07,-0.006926102015861524
2013-08-08,0.004669306700825215
2013-08-09,-0.002353218031404536
2013-08-12,-0.006604552418195797
2013-08-13,0.005639320906317691
2013-08-14,0.0007083407063988023
2013-08-15,-0.012505161322982739
2013-08-16,-0.008064034411669141
2013-08-19,-0.002529206309810461
2013-08-20,-0.0036223134523526435
2013-08-21,0.0004847309754976159
2013-08-22,-0.001332364336946612
2013-08-23,0.010006064276207871
2013-08-26,0.0014410087096272672
2013-08-27,-0.014569218777123139
2013-08-28,-0.006692625944553332
2013-08-29,0.0017763077268626581
2013-08-30,0.005869764597423721
2013-09-03,0.004376633642594108
2013-09-04,-0.004841735759330668
2013-09-05,0.008635893692184426
2013-09-06,0.003979499542780429
2013-09-09,-0.0003603387119369694
2013-09-10,0.013157104230961947
2013-09-11,0.0
2013-09-12,0.0041508538928645144
2013-09-13,-0.0012401086601744327
2013-09-16,0.012002601549602199
2013-09-17,-0.004089740589331092
2013-09-18,0.0032265634101846796
2013-09-19,0.014677504239763994
2013-09-20,-0.006857999073594301
2013-09-23,-0.010677189111665153
2013-09-24,-0.0034606135270111027
2013-09-25,-0.0015303119519486375
2013-09-26,-0.0018863475569534938
2013-09-27,-0.002834868887032438
2013-09-30,-0.008054963276835192
2013-10-01,0.003940769042087844
2013-10-02,0.001248959203726363
2013-10-03,0.0026136026127370204
2013-10-04,-0.006161502459274604
2013-10-07,-0.001967213112283317
2013-10-08,-0.00011946004090868101
2013-10-09,-0.009557945043290439
2013-10-10,0.00898673100108538
2013-10-11,0.009683782654661854
2013-10-14,0.0017760937748585448
2013-10-15,0.007682761063273258
2013-10-16,0.001231599322707888
2013-10-17,0.0038074039384334846
2013-10-18,0.014529964404389029
2013-10-21,0.003393535029456052
2013-10-22,0.0026368586982088438
2013-10-23,-0.0005717226015929944
2013-10-24,0.0006292546208410688
2013-10-25,0.0033729704950731243
2013-10-28,0.0021651188019582435
2013-10-29,0.004207174935274338
2013-10-30,0.00424616430173308
2013-10-31,-0.00693426542205644
2013-11-01,-0.0007380073818817889
2013-11-04,0.0038063856403824925
2013-11-05,-0.0031127964238191197
2013-11-06,0.005052798908456335
2013-11-07,0.002654917252173039
2013-11-08,-0.014816901410241501
2013-11-11,0.012866700974397238
2013-11-12,-0.0010162601581896746
2013-11-13,-0.00480388832856582
2013-11-14,0.01391333976882092
2013-11-15,0.005713005489276002
2013-11-18,0.0043996435771542775
2013-11-19,-0.00565566953174923
2013-11-20,0.000334578710460276
2013-11-21,-0.0023412676281009404
2013-11-22,0.0056434039225841115
2013-11-25,0.0063895988395630265
2013-11-26,-0.002263567602175276
2013-11-27,0.000830013282244968
2013-11-29,0.0024879747878505665
2013-12-02,-0.00126847562631216
2013-12-03,-0.0063504334814215024
2013-12-04,-0.004668222745537243
2013-12-05,0.0017308766094898953
2013-12-06,0.007023019895294302
2013-12-09,0.004427962587795875
2013-12-10,-0.002700170827000359
2013-12-11,-0.0009393303150385668
2013-12-12,-0.012001548589244293
2013-12-13,-0.0007836990546377098
2013-12-16,0.002521008402676328
2013-12-17,0.0022911427760841097
2013-12-18,-0.0024531668145302277
2013-12-19,0.012687234515091239
2013-12-20,-0.002869915558535663
2013-12-23,0.009630818622873738
2013-12-24,0.0007126802209063143
2013-12-26,0.004382601077782544
2013-12-27,0.004145303803942513
2013-12-30,-0.0012493210176047764
2013-12-31,0.001087725019126573
2014-01-02,-0.0004889444178739488
2014-01-03,-0.00418523752940736
2014-01-06,0.001419136513491237
2014-01-07,-0.00207118330478695
2014-01-08,0.001966246113289438
2014-01-09,0.003543199777294337
2014-01-10,-0.0008147745743890544
2014-01-13,-0.0013047023679638725
2014-01-14,-0.007784007402070525
2014-01-15,0.009984639014511965
2014-01-16,0.0009777294972355133
2014-01-17,-0.000976774476018183
2014-01-21,0.0032590983174778376
2014-01-22,-0.001136978880843298
2014-01-23,-0.0061249932262887885
2014-01-24,-0.009598603842926323
2014-01-27,-0.013986784141583164
2014-01-28,-0.005137942588014699
2014-01-29,-0.0032558661737872585
2014-01-30,0.007321468803454412
2014-01-31,-0.010287375605696258
2014-02-03,0.0052536436620580496
2014-02-04,-0.01685866816522652
2014-02-05,-0.0009145470156690649
2014-02-06,0.004519709362599933
2014-02-07,0.015548467938138355
2014-02-10,0.007795412482388242
2014-02-11,0.002559821924897454
2014-02-12,0.0114342806402985
2014-02-13,-0.0075732630869923545
2014-02-14,0.011059500110618847
2014-02-18,0.007383504701576005
2014-02-19,-0.0023345458484749226
2014-02-20,-0.002666521549723133
2014-02-21,0.00665684509489628
2014-02-24,-0.0011382730799149865
2014-02-25,0.004069893636807764
2014-02-26,0.00043236232068366576
2014-02-27,-0.0028091405113261914
2014-02-28,0.00650089387559194
2014-03-03,-0.0059206631156011325
2014-03-04,0.011153825329769607
2014-03-05,0.005194109772047151
2014-03-06,0.00261027061569008
2014-03-07,0.003506721217755082
2014-03-10,-0.004924021813048074
2014-03-11,0.002660423539429635
2014-03-12,-0.011250265338012322
2014-03-13,0.008158007728920502
2014-03-14,-0.01618398637193441
2014-03-17,0.0042748917721247
2014-03-18,0.006034807911522444
2014-03-19,0.005302340527980842
2014-03-20,-0.007725093233262648
2014-03-21,0.007892617449296369
2014-03-24,-0.004794374599183748
2014-03-25,-0.0024087356807558358
2014-03-26,0.003541342486289789
2014-03-27,-0.012083622945126993
2014-03-28,0.0017860042192203718
2014-03-31,0.008373851972611757
2014-04-01,0.0051968925793255405
2014-04-02,0.004690331526135072
2014-04-03,0.003554376653544633
2014-04-04,0.0024845377170199523
2014-04-07,-0.019721577722957462
2014-04-08,-0.00909090909342003
2014-04-09,0.007545735843528467
2014-04-10,0.008028017241289875
2014-04-11,-0.026297503874235684
2014-04-14,0.004171927324142732
2014-04-15,0.0021319630445055804
2014-04-16,0.011728125683896362
2014-04-17,0.0026419367012224804
2014-04-21,0.002634975263367423
2014-04-22,0.00434432823564479
2014-04-23,0.0029370928127949725
2014-04-24,0.0022895479464879465
2014-04-25,-0.005524861878991261
2014-04-28,-0.00032051282129763603
2014-04-29,0.0016565138439639249
2014-04-30,-0.0004267804758369964
2014-05-01,0.00469658963392261
2014-05-02,0.001221779551463964
2014-05-05,-0.006897283535302612
2014-05-06,0.003846564806821995
2014-05-07,-0.0027142096861367815
2014-05-08,0.002081220981544174
2014-05-09,-0.0011715837711072652
2014-05-12,0.0063979526577941925
2014-05-13,0.006728120361525702
2014-05-14,-0.0013155817470411613
2014-05-15,-0.0058488776492363614
2014-05-16,-0.007102348013009796
2014-05-19,0.0019217423779347431
2014-05-20,0.0050615376412253
2014-05-21,-0.002968617473225743
2014-05-22,0.005848575075768192
2014-05-23,0.0030130034896580504
2014-05-27,0.006798418969647946
2014-05-28,0.00256490787258401
2014-05-29,0.0015141231175836989
2014-05-30,0.001928891667620558
2014-06-02,0.003954420108427836
2014-06-03,-0.003109613890877827
2014-06-04,0.0006238627517214379
2014-06-05,0.004935834155339158
2014-06-06,0.007444938475104745
2014-06-09,0.0025659447808727975
2014-06-10,-0.0001535626539383994
2014-06-11,-0.002201402753441828
2014-06-12,-0.0011800923579406986
2014-06-13,-0.003955411719529622
2014-06-16,-5.157297588676002e-05
2014-06-17,0.0006704832590411769
2014-06-18,0.004174827341319798
2014-06-19,0.008263614434493416
2014-06-20,0.0026418938337327003
2014-06-23,-0.00025507601420393655
2014-06-24,-0.0022452416211062864
2014-06-25,-0.006546310027945701
2014-06-26,0.007052767055618636
2014-06-27,-0.0031694100789088075
2014-06-30,0.0035897435866238947
2014-07-01,0.0025038323943571417
2014-07-02,0.0043325347892790855
2014-07-03,0.003806333737812695
2014-07-07,0.0001516760234052672
2014-07-08,-0.0031847133791846893
2014-07-09,-0.0023834880061951447
2014-07-10,-0.007625050830617708
2014-07-11,0.005173650239828964
2014-07-14,0.0070325638300403615
2014-07-15,0.0005566519872945985
2014-07-16,0.002073639489275303
2014-07-17,-0.003987281072883597
2014-07-18,-0.00653694132356164
2014-07-21,0.006018872738436709
2014-07-22,0.0026872179691848075
2014-07-23,0.00369134304238794
2014-07-24,0.0017129326408336087
2014-07-25,-0.0037720665880294213
2014-07-28,-0.0016155088865292822
2014-07-29,0.0020732200638071685
2014-07-30,-0.002523086236026373
2014-07-31,-0.01042140942035863
2014-08-01,-0.015592249886544729
2014-08-04,0.001609887829386203
2014-08-05,0.001192513088881464
2014-08-06,-0.010305541171355737
2014-08-07,0.009470985295510381
2014-08-08,-0.007619738751537208
2014-08-11,0.013110472710565757
2014-08-12,-0.0018044957707604725
2014-08-13,0.003512215276882946
2014-08-14,0.004580781304112991
2014-08-15,0.006609283742168737
2014-08-18,0.0016796457477525895
2014-08-19,0.005284552841819057
2014-08-20,0.0014152850776267822
2014-08-21,0.004896022615345608
2014-08-22,0.0012557134979391815
2014-08-25,0.004013243704226399
2014-08-26,0.0009493354600076387
2014-08-27,0.0004991763620472156
2014-08-28,-0.004190989375288057
2014-08-29,0.004308833108503274
2014-09-02,0.002594163134176597
2014-09-03,0.002040105487480126
2014-09-04,-0.002681497665511068
2014-09-05,-0.0033359888465525067
2014-09-08,0.0037468152055668558
2014-09-09,-0.0025383237070059073
2014-09-10,-0.004889975551947923
2014-09-11,-0.0008022865141341651
2014-09-12,0.004165202988170469
2014-09-15,-0.005997001499268739
2014-09-16,-0.0014580191029414102
2014-09-17,0.010875585315519576
2014-09-18,0.002938686059592799
2014-09-19,0.005473670990486124
2014-09-22,-0.0058058753460086265
2014-09-23,-0.009583229345776156
2014-09-24,-0.0019654286182276826
2014-09-25,0.005049484952558414
2014-09-26,-0.011756430865422773
2014-09-29,-0.0025419420468044684
2014-09-30,0.0075942915435420755
2014-10-01,-0.005007840559617338
2014-10-02,-0.012811387901118465
2014-10-03,0.007724791427533351
2014-10-06,0.008483237942388255
2014-10-07,-0.010438836524963468
2014-10-08,-0.009780827527921865
2014-10-09,0.015307441690592727
2014-10-10,-0.01854021290588448
2014-10-13,-0.011572992894101741
2014-10-14,-0.010710910428962883
2014-10-15,-0.017301772629668588
2014-10-16,-0.011341542450430175
2014-10-17,0.02928001747507758
2014-10-20,-0.001539114740389591
2014-10-21,0.01886993036445972
2014-10-22,0.014242487480035981
2014-10-23,0.0010801913482492154
2014-10-24,0.0032370773817664844
2014-10-27,0.0024583866830061307
2014-10-28,0.005568895929888518
2014-10-29,0.008789757139333387
2014-10-30,-0.004885419287242065
2014-10-31,0.021257212263547265
2014-11-03,0.0006938249599188762
2014-11-04,-0.003417194928034717
2014-11-05,0.006509963723779322
2014-11-06,-0.0007405944513768636
2014-11-07,0.0038539453541177604
2014-11-10,0.0010336171679499184
2014-11-11,0.003318910412072551
2014-11-12,-0.0034549508717229838
2014-11-13,0.003983280062659578
2014-11-14,-0.0002938871524368336
2014-11-17,-0.0012248897554779647
2014-11-18,0.0028942850122453123
2014-11-19,0.00425552729094103
2014-11-20,-0.0051142175250403765
2014-11-21,0.016547537456983452
2014-11-24,-0.0022635330383606878
2014-11-25,0.0017859728723470525
2014-11-26,-0.0012045870690138294
2014-11-28,0.0009648318792165878
2014-12-01,-0.005253265219302916
2014-12-02,-0.002858527130561006
2014-12-03,0.007239687088226976
2014-12-04,0.0011577424048907492
2014-12-05,0.0015900549275971176
2014-12-08,-0.0016837446501416498
2014-12-09,-0.015179259825495284
2014-12-10,0.007535352545311902
2014-12-11,-0.009858676123181032
2014-12-12,-0.006082009021616264
2014-12-15,-0.00325700750373914
2014-12-16,-0.01683334983308271
2014-12-17,-0.0007050055414027367
2014-12-18,0.03174763152780269
2014-12-19,0.013818755139720862
2014-12-22,0.0015501622851874508
2014-12-23,0.006868198307959705
2014-12-24,-0.000720564926082079
2014-12-26,0.0013940967210690491
2014-12-29,-0.00043204838670396484
2014-12-30,-4.802612719601029e-05
2014-12-31,-0.0010566255208079856
2015-01-02,-0.007740756769302193
2015-01-05,-0.010708401974460102
2015-01-06,-0.010187588776191081
2015-01-07,-0.003315354547338334
2015-01-08,0.012858703207474287
2015-01-09,0.011715112008090056
2015-01-12,-0.009641472867236378
2015-01-13,-0.0014187172893700417
2015-01-14,-0.021898883010059156
2015-01-15,0.009917355375939074
2015-01-16,-0.014184397166848606
2015-01-20,0.018262313230744676
2015-01-21,-0.00444664031799602
2015-01-22,0.012357320101265001
2015-01-23,0.00882396195656665
2015-01-26,-0.005248068421386698
2015-01-27,-0.008499829024003147
2015-01-28,0.005912203776348157
2015-01-29,-0.01856296223989995
2015-01-30,0.0009481984243817632
2015-02-02,-0.002592611057527505
2015-02-03,0.014746313422561164
2015-02-04,0.004532019702297552
2015-02-05,0.004609650843359736
2015-02-06,0.00829835009217672
2015-02-09,-0.008665762976969749
2015-02-10,0.005420715930330333
2015-02-11,0.003545754805175827
2015-02-12,0.0061952470825015205
2015-02-13,0.005676078695840081
2015-02-17,0.0015784187149578965
2015-02-18,0.001241642785586139
2015-02-19,-0.001192406749488839
2015-02-20,0.0003342724751655979
2015-02-23,0.006969639111106929
2015-02-24,0.000853323214506041
2015-02-25,0.00255778704158649
2015-02-26,-0.0006614381520075874
2015-02-27,-0.0012291981869613222
2015-03-02,-0.0022720817958643558
2015-03-03,0.0032735553699692055
2015-03-04,-0.005059819360802353
2015-03-05,0.0010456273749386291
2015-03-06,-0.00569746463054277
2015-03-09,-0.008022156429559613
2015-03-10,-0.004958120730801596
2015-03-11,-0.006869527352193594
2015-03-12,-0.0001461347392189838
2015-03-13,0.007356523431782502
2015-03-16,-0.0002901774920170963
2015-03-17,0.00474094141938064
2015-03-18,-0.0014444604945875739
2015-03-19,0.012392111479011314
2015-03-20,0.0032668200583372276
2015-03-23,0.003385627773356381
2015-03-24,-0.002708867980785734
2015-03-25,-0.00371694066746997
2015-03-26,-0.01965848759300126
2015-03-27,0.0008294301375690871
2015-03-30,0.00901867108166643
2015-03-31,0.0013527877131360722
2015-04-01,-0.004197626170786339
2015-04-02,-0.0037308009122414276
2015-04-06,-0.0012158350340489843
2015-04-07,0.012100111990182683
2015-04-08,-0.0014673690776542125
2015-04-09,0.0011081667054926303
2015-04-10,0.006834151509778508
2015-04-13,0.0032026768604083156
2015-04-14,-0.00486015152228092
2015-04-15,0.0057457505432851885
2015-04-16,-9.521542478474476e-05
2015-04-17,-0.005189734804986523
2015-04-20,0.000574327563203747
2015-04-21,0.007701138425663334
2015-04-22,-0.0031328618180621604
2015-04-23,0.000666634921347331
2015-04-24,0.007185343799142485
2015-04-27,0.003165454031929471
2015-04-28,-0.007488343618398563
2015-04-29,-0.0017557179441867188
2015-04-30,-0.0023292294557805127
2015-05-01,-0.0022870211522150186
2015-05-04,0.008739255015320024
2015-05-05,-0.000946835202198848
2015-05-06,-0.006965834244589408
2015-05-07,-0.007825920979370626
2015-05-08,0.014236244709809664
2015-05-11,0.0032720030366804043
2015-05-12,-0.009264073356592517
2015-05-13,0.004102857688902617
2015-05-14,0.0036584786443569772
2015-05-15,0.005680742282530904
2015-05-18,-0.0009414422884611584
2015-05-19,0.004711647191864676
2015-05-20,-0.0004220596505918328
2015-05-21,-0.0020642739886080896
2015-05-22,0.001551408024092371
2015-05-26,-0.003004130681711459
2015-05-27,-0.005414312616867867
2015-05-28,0.005112426035056128
2015-05-29,0.00023548250336813403
2015-06-01,-0.002071758172485172
2015-06-02,-0.004340851179115646
2015-06-03,0.004644109563188614
2015-06-04,-0.0043867924532259295
2015-06-05,-0.005306296494317464
2015-06-08,-0.0014765420320552725
2015-06-09,-0.00567639763297334
2015-06-10,0.004413528424554114
2015-06-11,0.010077852604826631
2015-06-12,-0.0039720068100725925
2015-06-15,-0.009494872768739393
2015-06-16,0.0013899539860686705
2015-06-17,0.007945244820832364
2015-06-18,0.003418965764462545
2015-06-19,0.005579480264104486
2015-06-22,0.0021044169146504643
2015-06-23,0.0011089875170644525
2015-06-24,-0.001979824641970662
2015-06-25,-0.0029283959993327002
2015-06-26,-0.0038370440516349857
2015-06-29,-0.01067573351340978
2015-06-30,-0.00377322213593001
2015-07-01,0.002267683101450535
2015-07-02,0.0016367399975480978
2015-07-06,-0.011053972216919061
2015-07-07,0.0057831559484422534
2015-07-08,-0.0026091998450413767
2015-07-09,0.0030035849229075318
2015-07-10,0.0012074961374570758
2015-07-13,0.008201070961672441
2015-07-14,0.0034929900982578754
2015-07-15,0.004815945067399907
2015-07-16,0.0054097660487548715
2015-07-17,0.001982347669523765
2015-07-20,0.002166847237610847
2015-07-21,-0.001504112811379299
2015-07-22,-0.007061149552369694
2015-07-23,0.0028445455815846454
2015-07-24,-0.005814778045858504
2015-07-27,-0.015977175463460003
2015-07-28,0.0041074707636235
2015-07-29,0.008133211415925823
2015-07-30,0.0032461332851609903
2015-07-31,0.005995432050983407
2015-08-03,-0.004540724627141612
2015-08-04,-0.0036111375047057637
2015-08-05,0.0035765379098855465
2015-08-06,-0.0007602755985466336
2015-08-07,-0.010128869655809614
2015-08-10,0.00538047655260443
2015-08-11,-0.0014812691126444566
2015-08-12,-0.00890079915473263
2015-08-13,0.007821930374138919
2015-08-14,-0.0014372634521091499
2015-08-17,0.0013433766736874464
2015-08-18,0.007426572759630101
2015-08-19,-0.0055645391441188075
2015-08-20,-0.01233918408561363
2015-08-21,-0.023146578855858913
2015-08-24,-0.07058940167357364
2015-08-25,0.042348925271844085
2015-08-26,-0.017141687556875507
2015-08-27,0.025718450641483592
2015-08-28,0.007511927724805023
2015-08-31,-0.0019647355151162227
2015-09-01,-0.02518802685616106
2015-09-02,0.0077671913867176645
2015-09-03,0.008426677628453172
2015-09-04,-0.01737491083264453
2015-09-08,0.016022815656698608
2015-09-09,0.017250178627275403
2015-09-10,-0.023881196068850308
2015-09-11,0.004214638158039241
2015-09-14,0.008035622893472372
2015-09-15,-0.001726326483285523
2015-09-16,0.01124052693038946
2015-09-17,0.00603561010082343
2015-09-18,-0.0164581019841179
2015-09-21,0.003730008689070141
2015-09-22,-0.013031969051522041
2015-09-23,0.0011863008043209167
2015-09-24,-0.010097367468435259
2015-09-25,0.012958626072473445
2015-09-28,-0.014693793669791733
2015-09-29,-0.01830222129619663
2015-09-30,0.011154193442462601
2015-10-01,0.008982507749057955
2015-10-02,-0.0006207554653436774
2015-10-05,-0.0020025147292885848
2015-10-06,-0.001459305987835502
2015-10-07,0.0007312810853643548
2015-10-08,0.0013686930059955138
2015-10-09,-0.0034643021357826376
2015-10-12,0.0014641690994225964
2015-10-13,0.0024660614271951875
2015-10-14,0.0007288809862762147
2015-10-15,0.0009109358518708532
2015-10-16,-0.00027318876988480234
2015-10-19,-0.0010916280120998323
2015-10-20,-3.8617203657054233e-07
2015-10-21,-0.00045521621585642436
2015-10-22,0.0015493936338444314
2015-10-23,-0.0010011203677374736
2015-10-26,0.0005459885703760214
2015-10-27,0.0016388591009586229
2015-10-28,-0.00045405717622737374
2015-10-29,-0.005819272196210923
2015-10-30,-0.0013719721658835837
2015-11-02,0.0009585053853742309
2015-11-03,0.0039205069081778045
2015-11-04,0.006572367485061292
2015-11-05,-0.004352969007636154
2015-11-06,-0.003279000147361044
2015-11-09,-0.0020501573373835624
2015-11-10,-0.008599684678269881
2015-11-11,0.006602091465789606
2015-11-12,-0.011394101875022655
2015-11-13,-0.010411622274621779
2015-11-16,-0.009933936872736027
2015-11-17,0.018139580859381832
2015-11-18,0.00024273023106435865
2015-11-19,0.012376237622350628
2015-11-20,0.004122920561314025
2015-11-23,-0.0003342086391316945
2015-11-24,-0.007211768078042913
2015-11-25,0.007841439360873892
2015-11-27,-0.0003341288757329197
2015-11-30,0.0015279568340862415
2015-12-01,-0.0014779499412561625
2015-12-02,0.005610198627042484
2015-12-03,-0.008475179830638502
2015-12-04,-0.013168606047459952
2015-12-07,0.015285326091347029
2015-12-08,-0.013095636381587172
2015-12-09,-0.0014528548626749904
2015-12-10,-0.003734419710278103
2015-12-11,-0.01007691558501711
2015-12-14,-0.0062945660203553855
2015-12-15,0.013015291730329004
2015-12-16,0.00813385442243253
2015-12-17,0.009861168319868385
2015-12-18,-0.021226899350331396
2015-12-21,-0.006707106573285326
2015-12-22,0.006479320788117304
2015-12-23,0.00974274227542593
2015-12-24,0.005031999610562554
2015-12-28,-0.004180439431555438
2015-12-29,0.008054280967768834
2015-12-30,0.0029054283131431102
2015-12-31,-0.009560137129991708
2016-01-04,-0.02261980207179437
2016-01-05,0.004538879740390023
2016-01-06,-0.015193644485604452
2016-01-07,-0.015175960472418093
2016-01-08,-0.0007167357812004616
2016-01-11,-0.011168604951716454
2016-01-12,0.0041966737504324225
2016-01-13,0.003250438551485324
2016-01-14,-0.025199280021845794
2016-01-15,-0.014666314958024729
2016-01-19,0.017079830811321806
2016-01-20,-0.025952832177979723
2016-01-21,0.0063773442172887496
2016-01-22,0.019171902687761255
2016-01-25,0.0007376962806526777
2016-01-26,-0.007898062342070133
2016-01-27,0.0061564589764093736
2016-01-28,0.002004430847389216
2016-01-29,0.00031585596644800873
2016-02-01,0.013209135880999368
2016-02-02,-0.002808334048541191
2016-02-03,0.00027458809212088653
2016-02-04,0.0007319764593700651
2016-02-05,-0.000914345364306457
2016-02-08,0.0032037243928728643
2016-02-09,0.003011680277803519
2016-02-10,-0.0009101490823385516
2016-02-11,0.00537239675847534
2016-02-12,-0.0044377025104178625
2016-02-16,-0.003457088517436313
2016-02-17,-0.0010042738624683745
2016-02-18,0.0006397985639441384
2016-02-19,0.0027401345797546384
2016-02-22,-0.0002740848150249997
2016-02-23,-0.0012751257554211026
2016-02-24,0.004469714751751841
2016-02-25,-0.00027226822854575783
2016-02-26,-0.0017259571752674674
2016-02-29,0.00036369893799181874
2016-03-01,0.001920294753197549
2016-03-02,-0.004365712647065867
2016-03-03,0.00018199474146940453
2016-03-04,0.0002742507978157338
2016-03-07,-0.0010041491657578616
2016-03-08,0.0031073085164632364
2016-03-09,-0.0015490876066740489
2016-03-10,0.0008212809344962935
2016-03-11,1.0089797497503383e-06
2016-03-14,-0.0014604143055350072
2016-03-15,0.0017359742783771281
2016-03-16,-0.002644382281739577
2016-03-17,0.005119613094156872
2016-03-18,0.0021826177312502804
2016-03-21,-0.0011795416751694265
2016-03-22,0.0019079961343337892
2016-03-23,-0.0028109881261042524
2016-03-24,0.0030006039378216443
2016-03-28,-0.0012692767990231113
2016-03-29,0.0018158929260969625
2016-03-30,0.0012683358912413123
2016-03-31,0.0002718260553002949
2016-04-01,0.0020977909659667393
2016-04-04,0.008136041105284212
2016-04-05,-0.01044335928037221
2016-04-06,-0.001856647287486024
2016-04-07,0.004160751875804447
2016-04-08,0.0009749439361461665
2016-04-11,-0.0004382974523887695
2016-04-12,-0.005018270405838243
2016-04-13,0.013612770545535113
2016-04-14,0.005169082125150215
2016-04-15,-0.00028836449475011516
2016-04-18,-0.0041824912248135115
2016-04-19,0.01255189726529271
2016-04-20,0.0010012396286780412
2016-04-21,0.0008097166021014957
2016-04-22,-0.007471920806722543
2016-04-25,-0.0013905538253756733
2016-04-26,0.0037453183502653697
2016-04-27,-0.002726750860641558
2016-04-28,-4.796853016497682e-05
2016-04-29,-0.008346925072046818
2016-05-02,0.0009674922612015191
2016-05-03,-0.0019331142493266285
2016-05-04,-0.00740848343807865
2016-05-05,0.0027806234445968414
2016-05-06,-0.007297139521334373
2016-05-09,0.007399784380393015
2016-05-10,0.005594201485120021
2016-05-11,0.005756578951025215
2016-05-12,-0.002982059549061611
2016-05-13,-0.005210092138521749
2016-05-16,-0.0060617816788793855
2016-05-17,0.007318501170970215
2016-05-18,-0.009783977526608645
2016-05-19,-0.0018587360610913262
2016-05-20,0.004214446732289545
2016-05-23,0.002879172360182425
2016-05-24,0.0032115225534266045
2016-05-25,0.012125915506653762
2016-05-26,0.0036900369010541834
2016-05-27,0.00042971734170693665
2016-05-31,0.004915763850647625
2016-06-01,-0.006838905773093207
2016-06-02,0.0032517215000715805
2016-06-03,0.0021448999057926965
2016-06-06,0.002140309151299924
2016-06-07,0.003915519700168346
2016-06-08,0.0014891856706797935
2016-06-09,-0.0015577794533199185
2016-06-10,-0.004964304287115251
2016-06-13,-0.005226646396967793
2016-06-14,-0.006495987767578648
2016-06-15,0.0025961538418641794
2016-06-16,-0.008679390041509527
2016-06-17,0.002128380010534059
2016-06-20,0.007964473622986246
2016-06-21,-0.002490182933345131
2016-06-22,0.0016802688407624444
2016-06-23,0.00555954948457682
2016-06-24,-0.029455221391335273
2016-06-27,-0.010018170212101385
2016-06-28,-0.0005456619823129838
2016-06-29,0.016676593205361412
2016-06-30,0.011570005862420851
2016-07-01,0.010375947103414607
2016-07-05,-0.001958349254656877
2016-07-06,-0.005360134001801131
2016-07-07,0.009815714768261374
2016-07-08,0.005622528232218871
2016-07-11,0.01013977730307758
2016-07-12,0.006285473052439761
2016-07-13,0.004241830979138772
2016-07-14,0.004455997028036229
2016-07-15,0.0017560073952400668
2016-07-18,-0.003736507059802663
2016-07-19,-0.00023151363506690448
2016-07-20,0.003844016304954234
2016-07-21,0.0009688581301878774
2016-07-22,-0.0025350294974462173
2016-07-25,0.002726306547974122
2016-07-26,-0.0021658986192426566
2016-07-27,0.003048076478798345
2016-07-28,-0.004143837195411226
2016-07-29,0.0007859817865421004
2016-08-01,0.0033724475647236574
2016-08-02,-0.00248630231724678
2016-08-03,-0.005400415413987059
2016-08-04,0.0038518655995456452
2016-08-05,0.004160695300599704
2016-08-08,0.005478569124713006
2016-08-09,-0.0012362637369127683
2016-08-10,0.0008251959844798318
2016-08-11,-0.00022903210922708972
2016-08-12,0.00013745074509463606
2016-08-15,0.00274863713732576
2016-08-16,-0.0013248663725250465
2016-08-17,-0.00274473924762908
2016-08-18,0.0015596330223532906
2016-08-19,-0.00013740038300125157
2016-08-22,-0.00022903210922708972
2016-08-23,0.004535874647296101
2016-08-24,-0.00205245154040945
2016-08-25,-0.006398537479301081
2016-08-26,0.002391904324482663
2016-08-29,-0.002202643171165364
2016-08-30,0.0037711552607968546
2016-08-31,-0.0029780995164992996
2016-09-01,-0.0011028904891488
2016-09-02,0.004692459861721732
2016-09-06,0.0014194789104304828
2016-09-07,0.0006401463183025591
2016-09-08,-0.0010053006726505886
2016-09-09,-0.007547342422797754
2016-09-12,-0.021108909063033532
2016-09-13,0.011535383017387879
2016-09-14,-0.00721467138229992
2016-09-15,-0.0015471892699654433
2016-09-16,0.007505791978583476
2016-09-19,0.0030447817142247313
2016-09-20,0.0013076168680419276
2016-09-21,-0.0007928734663974479
2016-09-22,0.012882748321408677
2016-09-23,-0.001290322585812631
2016-09-26,-0.007844222957308689
2016-09-27,-0.004511208262639177
2016-09-28,0.008315814061957472
2016-09-29,0.0026409674320866383
2016-09-30,-0.0034658040692460146
2016-10-03,0.0007883143980087493
2016-10-04,0.0004170141805404093
2016-10-05,-0.0023157797230375365
2016-10-06,-0.0001856924020571249
2016-10-07,0.0033895157163907896
2016-10-10,0.00025451180285029906
2016-10-11,-0.0022900233660565483
2016-10-12,-0.009598441990661954
2016-10-13,-0.006695069995358183
2016-10-14,0.00937971342486743
2016-10-17,-0.004949801540558463
2016-10-18,0.005396780704652215
2016-10-19,-0.0010268857358434191
2016-10-20,-0.0007008690792951189
2016-10-21,-0.004254921211761298
2016-10-24,0.009579263713045627
2016-10-25,-0.0014883720943271728
2016-10-26,-0.006847400785507163
2016-10-27,0.006425589795989728
2016-10-28,-0.006710783857288072
2016-10-31,-0.000985267900242004
2016-11-01,0.0
2016-11-02,-0.010707744328946278
2016-11-03,-0.003133159269607111
2016-11-04,-0.005143102050054638
2016-11-07,0.012158345700696405
2016-11-08,0.005864270511359182
2016-11-09,-0.001504537121073235
2016-11-10,0.02321420163074639
2016-11-11,-0.005614358030599842
2016-11-14,0.00439651980694844
2016-11-15,4.607657830613121e-05
2016-11-16,0.002395871732167265
2016-11-17,0.00225225224785075
2016-11-18,0.004677826190105483
2016-11-21,0.0004564751003504064
2016-11-22,0.006113975452207043
2016-11-23,-0.0024035191172182557
2016-11-25,0.005091371942071543
2016-11-28,0.00027137042020264346
2016-11-29,-0.0028938325167099377
2016-11-30,0.005033557047095405
2016-12-01,-0.004060822089825389
2016-12-02,-0.004802247088784184
2016-12-05,0.004461237307109567
2016-12-06,0.0025832766811622054
2016-12-07,0.0013561160867117117
2016-12-08,0.013768508487371767
2016-12-09,0.003740481809061613
2016-12-12,0.004391996806762055
2016-12-13,0.002738515900237326
2016-12-14,0.0017179103161719667
2016-12-15,-0.005496680007855748
2016-12-16,0.005227642533597532
2016-12-19,-0.0033626830654823747
2016-12-20,0.003995560484222116
2016-12-21,0.00044218439500065543
2016-12-22,-0.0028729281778220317
2016-12-23,-0.0007535461021740408
2016-12-27,0.0026172204238195107
2016-12-28,0.002433412974366389
2016-12-29,-0.009224522223339027
2016-12-30,0.0011136849608004429
2017-01-03,0.001379433097910665
2017-01-04,0.002577319584742943
2017-01-05,0.0028809502714080004
2017-01-06,0.0011490696938580847
2017-01-09,0.0016774820155267545
2017-01-10,-0.001895024460266015
2017-01-11,-0.0005298481110298514
2017-01-12,0.0006184838337348619
2017-01-13,0.0010154525367855882
2017-01-17,-0.0018524235903986108
2017-01-18,0.0009942114813725755
2017-01-19,0.0013463703167240215
2017-01-20,-0.0006171750989386604
2017-01-23,-0.001543890603301623
2017-01-24,0.0002208968380972287
2017-01-25,0.0101590106028
2017-01-26,0.0030607783101745945
2017-01-27,8.718395997431294e-05
2017-01-30,-0.005448522360747776
2017-01-31,-0.005215409562649653
2017-02-01,0.0056172349971539415
2017-02-02,-0.004622023612633419
2017-02-03,0.007130281690973073
2017-02-06,0.00021851236475534108
2017-02-07,0.0022283392353379394
2017-02-08,-0.0033568750563199856
2017-02-09,0.00415554874912738
2017-02-10,0.006272869842633977
2017-02-13,0.004675324672509529
2017-02-14,0.0020682523249884177
2017-02-15,0.0038269693868588917
2017-02-16,0.006468194472612598
2017-02-17,-0.004298604016138796
2017-02-21,0.006710835647464775
2017-02-22,0.002122961956528613
2017-02-23,0.003643759005847347
2017-02-24,-0.005994596422878251
2017-02-27,0.0050114669170255866
2017-02-28,0.00012677484806689066
2017-03-01,0.007267503274421161
2017-03-02,0.0049079239879685765
2017-03-03,-0.005802304222110588
2017-03-06,-0.0028131166792226825
2017-03-07,-0.0005894736867531059
2017-03-08,-8.426019724505629e-05
2017-03-09,-0.002696553465262319
2017-03-10,0.005365441488891065
2017-03-13,-0.001470773630831701
2017-03-14,-0.00185169598480317
2017-03-15,0.0016021586972578827
2017-03-16,0.00652466745441771
2017-03-17,-0.0013617776890612054
2017-03-20,-0.0030283911650599293
2017-03-21,0.0018563051047659762
2017-03-22,-0.015580915482184876
2017-03-23,0.0009838730402744744
2017-03-24,0.0016239316201764886
2017-03-27,-0.010453110334178617
2017-03-28,0.005777605313567635
2017-03-29,0.007373429928820174
2017-03-30,0.00204264011255173
2017-03-31,0.001826134964810322
2017-04-03,-0.00042390843479933604
2017-04-04,-0.00339270567984995
2017-04-05,0.00536170212510112
2017-04-06,-0.0055870650995496485
2017-04-07,0.00089384523993985
2017-04-10,0.0008930469892183268
2017-04-11,-0.0019544527536290435
2017-04-12,-0.0006811409094535925
2017-04-13,-0.0046860356128966
2017-04-17,-0.0022684471834075737
2017-04-18,0.0026167903553957483
2017-04-19,0.003422899197604856
2017-04-20,-0.0015776906033628801
2017-04-21,0.0046978432618849375
2017-04-24,0.008204038257881408
2017-04-25,0.0030778311808308256
2017-04-26,0.0025219620904013418
2017-04-27,0.0010901010414605672
2017-04-28,0.0005444570075794353
2017-05-01,-0.0009208873984600796
2017-05-02,0.0006703536099810226
2017-05-03,-0.002302796850972122
2017-05-04,0.002266146291951099
2017-05-05,0.0015073483244352204
2017-05-08,0.002341235000887343
2017-05-09,0.0008759124067359014
2017-05-10,-0.0023753958986525436
2017-05-11,-0.0001670913568136978
2017-05-12,-0.0010862753265078462
2017-05-15,0.0015893596516860509
2017-05-16,0.004885789454914802
2017-05-17,-0.010555186169842634
2017-05-18,-0.009953800925253775
2017-05-19,0.006787426291827048
2017-05-22,0.006615261449640419
2017-05-23,0.00439514441142097
2017-05-24,0.0015419879154081606
2017-05-25,0.003661784288782499
2017-05-26,0.0014096185753342816
2017-05-30,-0.0008280202065653608
2017-05-31,0.0020717659733224814
2017-06-01,0.0005375454833764781
2017-06-02,0.005308934787438217
2017-06-05,0.0005886005546940076
2017-06-06,-0.004902767197174973
2017-06-07,0.002561448289144508
2017-06-08,-0.004521006847172049
2017-06-09,-0.0017773813134881467
2017-06-12,-0.0037584326709473315
2017-06-13,0.005560079254535832
2017-06-14,0.007898719762477358
2017-06-15,-0.020767858809409456
2017-06-16,0.007602892265341721
2017-06-19,0.007347160891901128
2017-06-20,-0.002759896367999115
2017-06-21,-0.005701584933698323
2017-06-22,0.0008040925125509801
2017-06-23,0.0012044268408297754
2017-06-26,0.00882484861013011
2017-06-27,-0.003180764166582306
2017-06-28,0.0017947420834631966
2017-06-29,0.0017918312177191975
2017-06-30,-0.003974414129063186
2017-07-03,-0.0007979397465806004
2017-07-05,-0.003394757955015648
2017-07-06,-0.0028050325473397697
2017-07-07,-0.0008035512845422366
2017-07-10,0.0014073619102512591
2017-07-11,0.003012308445505596
2017-07-12,0.011811667949466198
2017-07-13,0.004550921067753677
2017-07-14,0.005318134073765357
2017-07-17,0.0029387980177841833
2017-07-18,-0.0007813182698171994
2017-07-19,0.0044962245806419165
2017-07-20,0.004671114726336967
2017-07-21,-0.0032932078650098617
2017-07-24,-0.001166208314288375
2017-07-25,0.004475438470847415
2017-07-26,-0.00038742360475030324
2017-07-27,0.005426439437628661
2017-07-28,-0.007710116043677773
2017-07-31,0.004468037375689793
2017-08-01,0.006768245555660135
2017-08-02,5.742973980815691e-07
2017-08-03,-0.0009608374415300824
2017-08-04,0.0007694496740937584
2017-08-07,-0.000192350143659481
2017-08-08,0.001536801677422872
2017-08-09,-0.00978476313947274
2017-08-10,-0.00310012277388394
2017-08-11,-0.009329498514936918
2017-08-14,0.007063174157105223
2017-08-15,-0.0009742242975286919
2017-08-16,0.003509865507284493
2017-08-17,0.00019440948996485297
2017-08-18,-0.00582831708179532
2017-08-21,0.001563368739454729
2017-08-22,0.0035119053206786877
2017-08-23,0.00038885365457752563
2017-08-24,0.005442222804571406
2017-08-25,0.002126220994249639
2017-08-28,0.00308678788447736
2017-08-29,-0.008269395594458606
2017-08-30,0.0019391509391040174
2017-08-31,0.004064395523386333
2017-09-01,0.007710167636105547
2017-09-05,-0.005355954660802853
2017-09-06,0.00038471727107536324
2017-09-07,0.00961177135300284
2017-09-08,0.0019039818237962525
2017-09-11,0.004370988283199262
2017-09-12,0.0022702538677101813
2017-09-13,-0.0015102727619450418
2017-09-14,-0.004537463890324278
2017-09-15,0.005317609992808059
2017-09-18,0.003778994391077095
2017-09-19,0.0015056382904996557
2017-09-20,0.001472272365558469
2017-09-21,-0.004529264631953578
2017-09-22,0.0015165237032968015
2017-09-25,-0.004542909527005978
2017-09-26,-0.003993169784562767
2017-09-27,-0.003245497372924677
2017-09-28,2.668286795959318e-07
2017-09-29,0.005937341021788001
2017-10-02,0.0015231914634454835
2017-10-03,0.0038022981619401097
2017-10-04,0.002651463606407223
2017-10-05,-0.0009442526508319782
2017-10-06,-0.003025192169907709
2017-10-09,0.0032240323522148007
2017-10-10,0.005292947610238574
2017-10-11,0.0035728801003429567
2017-10-12,0.002435648421379888
2017-10-13,0.0063551006850495195
2017-10-16,0.00037146129033649444
2017-10-17,-0.003341769037873532
2017-10-18,0.0005586438095435131
2017-10-19,-0.0046546977131278755
2017-10-20,0.002057606237874765
2017-10-23,1.2511516933599864e-07
2017-10-24,-0.0014931495217331836
2017-10-25,0.0003737795844522829
2017-10-26,-0.0016816663606287197
2017-10-27,-0.003182949736578178
2017-10-30,2.9585714345081726e-07
2017-10-31,0.007887284560547547
2017-11-01,0.006334860148980992
2017-11-02,-0.0018513595053629706
2017-11-03,0.0012984317767279485
2017-11-06,-0.002223160656224521
2017-11-07,0.0033422013475270518
2017-11-08,-0.0003702905332472195
2017-11-09,-0.005923422315213811
2017-11-10,-0.0007448859846307387
2017-11-13,-0.00931805506213168
2017-11-14,0.003762309525172869
2017-11-15,-0.0071216129259011884
2017-11-16,0.009815221015639697
2017-11-17,0.0007477270948532677
2017-11-20,0.002427641910955902
2017-11-21,0.007453178418684647
2017-11-22,0.004993452467192627
2017-11-24,0.004048801306712813
2017-11-27,-0.002015960902895797
2017-11-28,-0.0012856999824081283
2017-11-29,0.0009192719664672389
2017-11-30,-0.00349052109402348
2017-12-01,-0.0057154047885568104
2017-12-04,0.003523081515790283
2017-12-05,-0.005543401570294426
2017-12-06,-0.008361279709069191
2017-12-07,0.0001875472678576351
2017-12-08,0.00861742767139817
2017-12-11,0.002414509725530145
2017-12-12,-0.0011116512260482825
2017-12-13,0.004822731830411486
2017-12-14,0.00110778976267345
2017-12-15,-0.004241357542939306
2017-12-18,0.010185332924411483
2017-12-19,0.0009166381759733166
2017-12-20,-0.0003663476710860092
2017-12-21,-0.0004751829378915051
2017-12-22,0.002403180892066814
2017-12-26,0.0016597450598634378
2017-12-27,0.002946405018984688
2017-12-28,0.004956716877599465
2017-12-29,0.003470980147826097
2018-01-02,0.0025486872418891693
2018-01-03,0.005628858277107129
2018-01-04,0.011737372789532907
2018-01-05,0.004640488187594771
2018-01-08,0.0012435535320938218
2018-01-09,0.0015969839747638215
2018-01-10,-0.0012402325303318973
2018-01-11,1.6254202228616066e-07
2018-01-12,0.0072719413255981635
2018-01-16,0.010565111816201123
2018-01-17,-0.0005226610030603096
2018-01-18,0.0006974865217870274
2018-01-19,0.006271730675299292
2018-01-22,0.0008656104401425502
2018-01-23,0.006054434258237373
2018-01-24,0.008081016797258256
2018-01-25,0.0011939458844567596
2018-01-26,-0.000681645342201942
2018-01-29,-0.004943710822599479
2018-01-30,-0.007023852746587678
2018-01-31,0.002242686496938706
2018-02-01,-0.00757437753528345
2018-02-02,-0.007978991193437035
2018-02-05,-0.020808076463471936
2018-02-06,-0.034106999299837515
2018-02-07,0.014420328454563425
2018-02-08,-0.0041920224744312895
2018-02-09,-0.021229519243589512
2018-02-12,0.007292284463386478
2018-02-13,0.0014851978536951638
2018-02-14,-0.0005561474767877828
2018-02-15,0.033012228020179224
2018-02-16,0.00017911394736924713
2018-02-20,-0.0066413605405237774
2018-02-21,0.004517371674713999
2018-02-22,-0.003957608402184065
2018-02-23,0.005598654495386546
2018-02-26,0.008261906521002116
2018-02-27,-0.0019596858002923767
2018-02-28,-0.009280429608174434
2018-03-01,-0.01585314387715886
2018-03-02,-0.013545815046152487
2018-03-05,0.0005568410610279351
2018-03-06,0.022440748698428603
2018-03-07,-0.0085254650726444
2018-03-08,0.007866814456276572
2018-03-09,0.003085970102615354
2018-03-12,0.006876475123873682
2018-03-13,0.003954078616182022
2018-03-14,-0.003222616124838762
2018-03-15,-0.004310142574335929
2018-03-16,-0.004689809932267197
2018-03-19,-0.002718409850798853
2018-03-20,-0.003634131953935249
2018-03-21,0.0003645534542875417
2018-03-22,-0.008933524841526874
2018-03-23,-0.006438159018669842
2018-03-26,0.0018253300077999413
2018-03-27,0.006672833964451286
2018-03-28,-0.009574719612379434
2018-03-29,0.005577290882663233
2018-04-02,0.0020336803741034526
2018-04-03,-0.004981450223342954
2018-04-04,-0.014834133508881076
2018-04-05,0.022585972524092668
2018-04-06,-0.0011040291333458407
2018-04-09,0.0014737440012804193
2018-04-10,0.008648045119941772
2018-04-11,-0.0021892719316860543
2018-04-12,0.002194075359286174
2018-04-13,0.004012953572351874
2018-04-16,-0.0018167005857908647
2018-04-17,-0.00018204874613581
2018-04-18,0.007645769510474354
2018-04-19,0.0014454927922380456
2018-04-20,-0.007938048719434487
2018-04-23,-0.0034549923803842697
2018-04-24,0.002554705781393274
2018-04-25,-0.012195111174673867
2018-04-26,0.0070019351500667515
2018-04-27,0.0032938953680985428
2018-04-30,0.0010944363656877343
2018-05-01,-0.0054657194212105464
2018-05-02,0.001831714839958476
2018-05-03,-0.005302486404855644
2018-05-04,-0.005882357153421558
2018-05-07,0.009245414579170497
2018-05-08,-0.0018319285348841197
2018-05-09,0.0033040122187557586
2018-05-10,0.006585806364232338
2018-05-11,0.008360673255721096
2018-05-14,0.0023433686228175876
2018-05-15,-0.012228042589342292
2018-05-16,0.0032768597405310462
2018-05-17,-0.0001814088043283757
2018-05-18,-0.004174018393929946
2018-05-21,0.004555897251570906
2018-05-22,0.0036286393783881987
2018-05-23,-0.015184470011120665
2018-05-24,0.0007341850901678715
2018-05-25,-0.005135876912896298
2018-05-29,-0.014380406015918612
2018-05-30,0.00112227682492394
2018-05-31,0.003923740321635449
2018-06-01,0.005025281275775173
2018-06-04,0.0037823868430422215
2018-06-05,0.001894146360558624
2018-06-06,0.0026904199229924597
2018-06-07,0.007832046120251013
2018-06-08,-0.003957546319661054
2018-06-11,0.005743182226358057
2018-06-12,0.002118948428751377
2018-06-13,0.0005734150431895291
2018-06-14,-0.0006447222316865453
2018-06-15,-0.004187699162027103
2018-06-18,-0.004013015183251589
2018-06-19,-0.005408544772644519
2018-06-20,0.008284671528889342
2018-06-21,-0.00112209070477165
2018-06-22,-0.0010871140769596055
2018-06-25,-0.008053399112579518
2018-06-26,-0.006582796959766712
2018-06-27,0.002282432632428666
2018-06-28,-0.010908690224428419
2018-06-29,0.010509116566495669
2018-07-02,-0.009591356753241187
2018-07-03,0.012467069866388902
2018-07-05,-0.0025653241445542374
2018-07-06,0.003563949000140232
2018-07-09,0.012484440215170034
2018-07-10,0.0067257277153742745
2018-07-11,-0.004525699505985137
2018-07-12,0.004077214503805937
2018-07-13,0.003198217623680666
2018-07-16,0.0016835619850550376
2018-07-17,-0.00418395079324374
2018-07-18,0.007505296799092509
2018-07-19,-0.000891074992874552
2018-07-20,-0.0019264385861805788
2018-07-23,-0.001143796688689358
2018-07-24,0.008373590981013646
2018-07-25,-0.0016324213063321213
2018-07-26,0.006646998188168274
2018-07-27,0.0018008474597053237
2018-07-30,-0.007754397097220811
2018-07-31,-0.002486590176026149
2018-08-01,0.0026708450553849516
2018-08-02,-0.007707060661411247
2018-08-03,0.011238770179052171
2018-08-06,0.003928786322463962
2018-08-07,0.006169792694983078
2018-08-08,0.0
2018-08-09,0.0004905567830570945
2018-08-10,-0.007284698631262465
2018-08-13,7.055918167298003e-05
2018-08-14,-0.0019402405882437135
2018-08-15,-0.0019086667612424613
2018-08-16,0.003612153835421017
2018-08-17,0.00151729004685075
2018-08-20,0.00613043018901438
2018-08-21,0.0023812025086933364
2018-08-22,-0.0012925764201610068
2018-08-23,0.00031481740464056607
2018-08-24,0.00164352904324927
2018-08-27,0.008448540705978225
2018-08-28,0.004985113895541238
2018-08-29,-0.0004822597324025679
2018-08-30,0.0026881720451976676
2018-08-31,-0.003780848285648064
2018-09-04,0.0
2018-09-05,-0.001483577147416315
2018-09-06,-0.0008983794597924311
2018-09-07,-0.007504755316690148
2018-09-10,0.006132831554317875
2018-09-11,-0.004744753065989649
2018-09-12,0.005880920067750539
2018-09-13,0.004358956620050147
2018-09-14,0.0025489115438610543
2018-09-17,-0.0008245722511285303
2018-09-18,-0.004263805792393605
2018-09-19,0.0048000552535423235
2018-09-20,0.005739423307636438
2018-09-21,0.006070183068465518
2018-09-24,-0.005970862194422888
2018-09-25,0.0006521589918913051
2018-09-26,-0.002126710804564391
2018-09-27,-0.0017187446289282926
2018-09-28,-0.0014462311910101722
2018-10-01,0.007310596920109713
2018-10-02,-0.0018828523497587124
2018-10-03,0.004047194401137988
2018-10-04,-0.005328960852182596
2018-10-05,-0.0051171096916841075
2018-10-08,-0.009113189960609835
2018-10-09,0.00118446263450811
2018-10-10,-0.0019485716269417308
2018-10-11,-0.033992260221953896
2018-10-12,-0.0011188104533977894
2018-10-15,-0.0044079921939081945
2018-10-16,0.0038105606963818595
2018-10-17,0.013882863337810969
2018-10-18,-0.003708458136905346
2018-10-19,-0.008124552610594749
2018-10-22,-0.00046909392598337707
2018-10-23,-0.021841155238310317
2018-10-24,0.008783908471226232
2018-10-25,-0.021768558153618667
2018-10-26,-0.0054603934478817395
2018-10-29,0.010830324910800604
2018-10-30,-0.01908482142753165
2018-10-31,0.02647248454528417
2018-11-01,0.0035100683543825006
2018-11-02,0.011597938143097508
2018-11-05,-0.008407643313674162
2018-11-06,0.0032300690070219407
2018-11-07,0.015512951853489776
2018-11-08,0.009187202766568703
2018-11-09,-0.003855628145446599
2018-11-12,-0.006594273018529329
2018-11-13,-0.014791298386599316
2018-11-14,0.003918122230192944
2018-11-15,-0.01962357747401855
2018-11-16,0.011198749906929706
2018-11-19,0.004635932155497624
2018-11-20,-0.028163340050174956
2018-11-21,0.001884232740433811
2018-11-23,-0.010080493491323894
2018-11-26,0.0098791701488683
2018-11-27,0.002107005793763106
2018-11-28,0.012239993994702436
2018-11-29,0.015244807120756931
2018-11-30,0.00036535018733441227
2018-12-03,0.023629524122873224
2018-12-04,-0.006814613958208482
2018-12-06,-0.044724647053021704
2018-12-07,0.013312274367940136
2018-12-10,-0.02260075706903064
2018-12-11,0.01628887117168154
2018-12-12,-0.0007098557897980973
2018-12-13,-0.0035518001981225122
2018-12-14,-0.013357346544311977
2018-12-17,-0.013538180711435532
2018-12-18,-0.008481110252728907
2018-12-19,-0.007892690512970812
2018-12-20,-0.020809656309265234
2018-12-21,-0.00671859040882794
2018-12-24,-0.031206938478763435
2018-12-26,-0.012843038821170327
2018-12-27,0.027969657162754125
2018-12-28,0.028898874548289655
2018-12-31,-8.013462402234328e-05
2019-01-02,-0.014345247636225689
2019-01-03,-0.0038129655003256123
2019-01-04,0.0008450139453706207
2019-01-07,0.0005623431975361193
2019-01-08,-0.0029987642610754817
2019-01-09,0.00018828160777495384
2019-01-10,0.000939676242492693
2019-01-11,0.0005628734989049367
2019-01-14,-9.339684517883917e-05
2019-01-15,-0.00028123518668521363
2019-01-16,-0.0019714334312921356
2019-01-17,0.0018806402641227127
2019-01-18,-0.0015019762905889023
2019-01-22,0.0006583494055365513
2019-01-23,-0.0005640176988852552
2019-01-24,0.003196742486583082
2019-01-25,-0.0007500905643723632
2019-01-28,-0.00018732898560103184
2019-01-29,0.0010316895875812637
2019-01-30,0.0005623915762957843
2019-01-31,0.00477546391141348
2019-02-01,0.0005379446133537691
2019-02-04,-0.002428017653461678
2019-02-05,0.001123880232473562
2019-02-06,0.002337445414986483
2019-02-07,-0.00046658099481799997
2019-02-08,0.0001865803616605266
2019-02-11,0.0005599285373256713
2019-02-12,-9.331009008395341e-05
2019-02-13,-0.0013058839345402307
2019-02-14,0.0023348630820654304
2019-02-15,-0.0007453021865956311
2019-02-19,0.0016785963781984492
2019-02-20,-0.0005585323399337483
2019-02-21,-0.0019559070888837127
2019-02-22,0.0008399853030347515
2019-02-25,0.0009322950614356618
2019-02-26,0.0016766870123332556
2019-02-27,-0.0012088603297540912
2019-02-28,-0.0013036068090971353
2019-03-01,-0.002079759741077991
2019-03-04,0.00013635715369231596
2019-03-05,-0.007315340911325574
2019-03-06,-0.001395149170208665
2019-03-07,-0.008310943938236282
2019-03-08,-0.01405194523773834
2019-03-11,0.008500036639419006
2019-03-12,0.013805129694761886
2019-03-13,0.005088511430921816
2019-03-14,0.0031731317746661603
2019-03-15,0.0014422678334451433
2019-03-18,0.0036001996158707694
2019-03-19,0.006961463328650552
2019-03-20,-0.004761736800786842
2019-03-21,-0.005387014459579009
2019-03-22,0.009193272520688689
2019-03-25,-0.015359084811793045
2019-03-26,0.007602108511438832
2019-03-27,0.00042706145936111106
2019-03-28,-0.0027035679981414207
2019-03-29,0.007276618511957267
2019-04-01,0.008180176353890012
2019-04-02,0.004706708816850647
2019-04-03,0.004474898615113965
2019-04-04,-0.001879437562226638
2019-04-05,0.00397517260595559
2019-04-08,0.0006251736585010104
2019-04-09,-0.0013189864629609138
2019-04-10,0.00017378006414503488
2019-04-11,0.003683497238394562
2019-04-12,0.004050825747453191
2019-04-15,0.0008275862032123271
2019-04-16,0.0024462513816683185
2019-04-17,0.0015466574991851445
2019-04-18,-0.004461221689556871
2019-04-22,-0.003205791104722855
2019-04-23,0.005221841822041551
2019-04-24,0.007258841338760202
2019-04-25,-0.0022883295197204667
2019-04-26,-6.846501597790322e-05
2019-04-29,0.00482711400439495
2019-04-30,-6.814078044192762e-05
2019-05-01,0.004190943472738962
2019-05-02,-0.010314875135152168
2019-05-03,0.003908392758970036
2019-05-06,-0.01219179017818861
2019-05-07,0.0031114952459510015
2019-05-08,-0.009029812166227114
2019-05-09,-0.007999165301807443
2019-05-10,0.001367317600178053
2019-05-13,-0.011203697217008202
2019-05-14,-0.0015225550599592408
2019-05-15,-0.001418490018956331
2019-05-16,0.015092865514714449
2019-05-17,-0.002448922472946702
2019-05-20,-0.0037876131049907613
2019-05-21,0.006231077941964092
2019-05-22,-0.0013294615679899646
2019-05-23,-0.00802242073955195
2019-05-24,0.0020483119091743163
2019-05-28,-0.0022908296313937093
2019-05-29,-0.014765622243349874
2019-05-30,0.0007170771941604759
2019-05-31,-0.010425996919244729
2019-06-03,-0.003222302677979183
2019-06-04,0.006574407032126306
2019-06-05,0.01880051963216789
2019-06-06,0.0034002762691367483
2019-06-07,0.009319072330471023
2019-06-10,0.012030916658879454
2019-06-11,0.005598368870386228
2019-06-12,-0.008075878897527256
2019-06-13,0.0026330376938648037
2019-06-14,-0.00048375950218915165
2019-06-17,0.0008988453312333
2019-06-18,0.0064589665625451875
2019-06-19,0.003980919044594078
2019-06-20,0.011929584687502048
2019-06-21,-0.0016207625766090361
2019-06-24,0.00033998572172988517
2019-06-25,-0.0018013119018290835
2019-06-26,-0.00663942798719952
2019-06-27,-0.0015081405309773643
2019-06-28,0.004359616905285968
2019-07-01,0.014013261327587845
2019-07-02,-0.00360657947962173
2019-07-03,0.005311051725480853
2019-07-05,0.0008748906393418743
2019-07-08,-0.0014456697167254395
2019-07-09,-0.0049493283062380655
2019-07-10,0.009575691956325905
2019-07-11,0.003183966215886791
2019-07-12,0.0017706802076971062
2019-07-15,0.004268801067355277
2019-07-16,-0.0015939959472720533
2019-07-17,-0.0029935140554646633
2019-07-18,-0.008540450375632003
2019-07-19,0.009589824693354343
2019-07-22,-0.008098920145797939
2019-07-23,0.005140956284304332
2019-07-24,0.00016714581856747124
2019-07-25,0.005849125974405123
2019-07-26,-0.0005981258713112503
2019-07-29,0.003723899455308155
2019-07-30,-0.006525771832474825
2019-07-31,0.0036010803257335855
2019-08-01,-0.01126283265141903
2019-08-02,-0.012600806452552682
2019-08-05,-0.01960183767110879
2019-08-06,-0.007567079734876914
2019-08-07,-0.0052813822529030885
2019-08-08,0.018354430381595455
2019-08-09,0.010220288655182541
2019-08-12,-0.008954815779381953
2019-08-13,-0.007656228443261304
2019-08-14,0.0011468686977935683
2019-08-15,-0.011073697362074753
2019-08-16,0.005616399886897883
2019-08-19,0.01993158335481504
2019-08-20,-0.0014374208565239854
2019-08-21,0.002433423589091932
2019-08-22,0.0025642779002938987
2019-08-23,-0.007877775126578057
2019-08-26,-0.012546404509661602
2019-08-27,0.007901973751423874
2019-08-28,-0.011742764385686555
2019-08-29,0.019500943597757336
2019-08-30,0.008569861509141186
2019-09-03,-0.01240568282221477
2019-09-04,0.008844684583618756
2019-09-05,0.012451388418727172
2019-09-06,0.004649752347684055
2019-09-09,0.003253177716340927
2019-09-10,-0.005950391119532661
2019-09-11,0.0037328490708339324
2019-09-12,0.009314168930231403
2019-09-13,0.0017593360988146234
2019-09-16,-0.0064285240919491615
2019-09-17,0.0003335112070856905
2019-09-18,0.0018337000720594077
2019-09-19,0.0034610136803256975
2019-09-20,0.0007185806739782308
2019-09-23,-0.00935544014111478
2019-09-24,0.006251050244642009
2019-09-25,-0.011522661233604903
2019-09-26,0.0056426544126602085
2019-09-27,0.0006719752720523164
2019-09-30,-0.00624517342205233
2019-10-01,0.00598033584512625
2019-10-02,-0.020957882715922915
2019-10-03,-0.012658662091854067
2019-10-04,0.011570133074030764
2019-10-07,0.008003022600931997
2019-10-08,-0.008280233073722831
2019-10-09,-0.0009964266095049412
2019-10-10,0.001478933792414594
2019-10-11,0.0174805961955542
2019-10-14,-0.0011476018494427365
2019-10-15,0.003953637682618361
2019-10-16,0.004274655000446659
2019-10-17,0.004390521836086458
2019-10-18,-0.003303523759008553
2019-10-21,0.0024440054885404017
2019-10-22,0.0038741567050319947
2019-10-23,-0.006154767450886056
2019-10-24,0.00729755967068435
2019-10-25,-0.003888205777538123
2019-10-28,0.010675919130674227
2019-10-29,0.0001980590232628643
2019-10-30,0.0014191419110258785
2019-10-31,0.002306957126104736
2019-11-01,0.0025975734057122057
2019-11-04,0.009609077789567877
2019-11-05,-0.0008445671581150949
2019-11-06,-0.0018206053511379272
2019-11-07,0.005015796502477965
2019-11-08,-0.002495381923315665
2019-11-11,-0.0012345679033128887
2019-11-12,0.004326328801108614
2019-11-13,-0.002720647771286999
2019-11-14,0.0028579779808670658
2019-11-15,0.007221736454948946
2019-11-18,0.0016397659293612143
2019-11-19,0.0036914582888316616
2019-11-20,-0.004477421006913063
2019-11-21,-0.0012528912857827645
2019-11-22,0.0006433143527229124
2019-11-25,0.002860908418758523
2019-11-26,0.004583627156059533
2019-11-27,0.0038288503883840974
2019-11-29,0.0007946346261238357
2019-12-02,-0.0008575239774079035
2019-12-03,-0.01888171906482028
2019-12-04,0.006641827314474602
2019-12-05,0.00492436433941168
2019-12-06,0.006053229990678366
2019-12-09,0.0010187189578183542
2019-12-10,-0.0019717593161260316
2019-12-11,0.0006691734118970949
2019-12-12,0.0012737636510489203
2019-12-13,0.007760073784472077
2019-12-16,0.007416290591856223
2019-12-17,0.002192845062258364
2019-12-18,0.0002500625165942072
2019-12-19,-0.0006250000006891021
2019-12-20,0.006990450159037431
2019-12-23,0.0035261811142783817
2019-12-24,-0.00037314592897197407
2019-12-26,0.0005599278299541766
2019-12-27,0.006497745996429494
2019-12-30,-0.0024402298136141365
2019-12-31,-0.007493420034960785
2020-01-02,0.009390696660502185
2020-01-03,-0.0073561228910077325
2020-01-06,-0.002086187568388298
2020-01-07,0.00789416206122473
2020-01-08,-0.0002476626808447513
2020-01-09,0.009970892424688627
2020-01-10,0.0034642506749744673
2020-01-13,-0.002749550169255044
2020-01-14,0.0033089249065978432
2020-01-15,-0.0003664457824991141
2020-01-16,0.007178860545318022
2020-01-17,0.006066120715820356
2020-01-21,-0.002411817905770608
2020-01-22,0.004049561801218626
2020-01-23,-0.00484589453516604
2020-01-24,0.005474397362389638
2020-01-27,-0.028305859703179226
2020-01-28,0.00628424604387523
2020-01-29,0.01021349904622304
2020-01-30,-0.012241914854976943
2020-01-31,0.008139104701620159
2020-02-03,-0.011162079512213041
2020-02-04,0.014597185712641902
2020-02-05,0.01280214588217543
2020-02-06,0.004935745026382055
2020-02-07,-0.003264352669133719
2020-02-10,-0.004777357130878568
2020-02-11,0.014883917520548628
2020-02-12,0.001993098526180015
2020-02-13,-0.0028735563952201337
2020-02-14,0.004906477984719659
2020-02-18,-0.0029628751740781167
2020-02-19,0.003803750262772576
2020-02-20,-0.00014121199652183947
2020-02-21,-0.006727910598269826
2020-02-24,-0.03675440427025134
2020-02-25,0.0024757071252101692
2020-02-26,-0.030129036242245943
2020-02-27,-0.02775479024823213
2020-02-28,-0.05486806783324971
2020-03-02,0.03294076896454934
2020-03-03,0.03785922672090836
2020-03-04,-0.01092084006513594
2020-03-05,-0.0037240297901682817
2020-03-06,-0.0387894288149766
2020-03-09,-0.06089032918321069
2020-03-10,0.03392662549954828
2020-03-11,-0.013842046096475547
2020-03-12,-0.08799429996116681
2020-03-13,0.027695312499014246
2020-03-16,-0.08327948610845459
2020-03-17,0.01600464383260336
2020-03-18,-0.03587169441679727
2020-03-19,0.01269841269845684
2020-03-20,0.019668492445965136
2020-03-23,-0.059126705975312555
2020-03-24,0.027301809893025775
2020-03-25,0.04457810767390691
2020-03-26,0.018989667985323644
2020-03-27,0.015028855402406727
2020-03-30,0.009594503890529626
2020-03-31,0.019006648414593208
2020-04-01,-0.04828062634303898
2020-04-02,-0.007120362118408826
2020-04-03,-0.0006085697974270721
2020-04-06,0.0006092110407951434
2020-04-07,0.0051295187077538
2020-04-08,0.000778725360652821
2020-04-09,0.006914002173666445
2020-04-13,0.005064540619286406
2020-04-14,-0.0008538155056267982
2020-04-15,0.0003418352832764704
2020-04-16,0.0013672499020704887
2020-04-17,0.0028155147377706413
2020-04-20,-0.003148053431519915
2020-04-21,0.0023898192602780366
2020-04-22,-0.0022992135090245114
2020-04-23,0.0014511160710903859
2020-04-24,-0.0009374989279946622
2020-04-27,-8.522646388275934e-05
2020-04-28,0.0005121534855565546
2020-04-29,0.00017020907708764632
2020-04-30,0.0007671316559545449
2020-05-01,-0.0014803791348665385
2020-05-04,-0.0006842130457789253
2020-05-05,0.0005992262065011023
2020-05-06,-0.004445903992192024
2020-05-07,0.001459910487145999
2020-05-08,0.000600557734433016
2020-05-11,-0.0023997832725162205
2020-05-12,0.000515295464053267
2020-05-13,0.0014595317334786806
2020-05-14,0.00240092679443471
2020-05-15,0.0011117062369363495
2020-05-18,-0.0005978984615115923
2020-05-19,-0.00051329568932168
2020-05-20,0.001026556249997146
2020-05-21,0.002734733077115914
2020-05-22,0.002130654388488473
2020-05-26,-0.0018709808135796147
2020-05-27,0.0010223149707062618
2020-05-28,-0.0030640362029785706
2020-05-29,0.0024758141983924897
2020-06-01,0.0011394289696766702
2020-06-02,0.005650220668136367
2020-06-03,0.012037188062701931
2020-06-04,0.0028042805565686724
2020-06-05,0.019671498826385747
2020-06-08,0.009425338081969548
2020-06-09,0.0002498282428109455
2020-06-10,0.003496721822891624
2020-06-11,-0.030987493000045774
2020-06-12,-0.010338406213399876
2020-06-15,-0.03315598235243333
2020-06-16,0.05858667203569157
2020-06-17,-0.0044693799918468224
2020-06-18,-0.012942974496354065
2020-06-19,0.017895751866615184
2020-06-22,-0.019670878822654836
2020-06-23,0.017857722653366936
2020-06-24,-0.011643114613274386
2020-06-25,-0.02055899819259155
2020-06-26,0.00886413813651532
2020-06-29,-0.01551476352413439
2020-06-30,0.008559769086478486
2020-07-01,0.018355866970486634
2020-07-02,0.015085441096356567
2020-07-06,0.006778258655874447
2020-07-07,-0.003129247401775115
2020-07-08,-0.002441499142447734
2020-07-09,0.0070881408708263205
2020-07-10,-0.007985102889764395
2020-07-13,0.018516750975862584
2020-07-14,-0.021335082622144896
2020-07-15,0.029077561442579336
2020-07-16,-0.008126298810343657
2020-07-17,0.006535538946966346
2020-07-20,-0.0013980365363691627
2020-07-21,0.01561770836605203
2020-07-22,-0.0056057589211482295
2020-07-23,0.005698971104351802
2020-07-24,-0.01690813857352369
2020-07-27,0.0021187100785091673
2020-07-28,0.0024873301626708866
2020-07-29,-0.0009614489958083006
2020-07-30,-0.0006829752883089624
2020-07-31,0.01242621932278798
2020-08-03,0.00742559067092885
2020-08-04,-0.0014010721242304625
2020-08-05,0.011010797291348462
2020-08-06,2.9866956792190535e-05
2020-08-07,0.0054304951810126845
2020-08-10,0.005340854537132067
2020-08-11,0.005342326749600446
2020-08-12,-0.00418583939484185
2020-08-13,0.0034879561179237406
2020-08-14,-0.0005941594155515206
2020-08-17,0.004548021761176857
2020-08-18,0.0011836420653545954
2020-08-19,0.0020984808192074933
2020-08-20,-0.010883350539111825
2020-08-21,0.0076335877870503666
2020-08-24,0.012428977272097352
2020-08-25,0.004121360926442108
2020-08-26,0.0035804733192781324
2020-08-27,0.0108771319194636
2020-08-28,0.002668503056555638
2020-08-31,0.0026041666671037245
2020-09-01,-0.00039960040133613095
2020-09-02,0.012735216012778938
2020-09-03,0.0033834268499499665
2020-09-04,-0.027369545061519673
2020-09-08,-0.027215208157864157
2020-09-09,0.0024947284024612326
2020-09-10,0.012649977779730648
2020-09-11,-0.01755309812185868
2020-09-14,0.004972902150554903
2020-09-15,0.010755874248209008
2020-09-16,0.0011432926831196344
2020-09-17,-0.02327896694192677
2020-09-18,0.009451673264543548
2020-09-21,-0.02883382532709644
2020-09-22,0.008811789989912944
2020-09-23,0.007091335179971292
2020-09-24,-0.02925355092089965
2020-09-25,0.0042338584162839865
2020-09-28,0.03298406596667647
2020-09-29,0.002250765261004428
2020-09-30,-0.0026349672143108904
2020-10-01,0.01381008136073092
2020-10-02,-0.017738162220487852
2020-10-05,0.013144407598691288
2020-10-06,0.011456287568188506
2020-10-07,-0.005266099851266803
2020-10-08,0.013989116289042203
2020-10-09,0.00790433134054136
2020-10-12,0.011662229425887682
2020-10-13,0.007694728108565307
2020-10-14,-0.004343136141318205
2020-10-15,-0.02007127583803081
2020-10-16,0.015274504672037947
2020-10-19,-0.0008883539675896834
2020-10-20,-0.014885988814057893
2020-10-21,-0.0003785011363544033
2020-10-22,-0.0010776803634062748
2020-10-23,0.00865990202822875
2020-10-26,-0.010984881335017627
2020-10-27,-0.006927191419209722
2020-10-28,-0.022545326109881247
2020-10-29,-0.01562782294493359
2020-10-30,0.004190755862982787
2020-11-02,0.005848665775377793
2020-11-03,0.010569351906991598
2020-11-04,0.02148700890190436
2020-11-05,0.024584873555193454
2020-11-06,0.001975718701953122
2020-11-09,0.04012231017688128
2020-11-10,-0.0287935818884113
2020-11-11,0.008232198930333556
2020-11-12,-0.002300785633454039
2020-11-13,-0.0008718150642053057
2020-11-16,0.016072283052633196
2020-11-17,-0.0027979389433614443
2020-11-18,0.0026113287226219306
2020-11-19,-0.014712809289107454
2020-11-20,0.0053430821150495245
2020-11-23,-0.0006153846165350974
2020-11-24,0.008200850874709342
2020-11-25,0.008106382387100375
2020-11-27,0.0019552226478090073
2020-11-30,-0.002775945469917551
2020-12-01,0.007551745995147741
2020-12-02,-0.002051590664417069
2020-12-03,0.005098404692550629
2020-12-04,0.0017453910753917334
2020-12-07,0.004628117173930191
2020-12-08,-0.003522844289407412
2020-12-09,0.008593495049526112
2020-12-10,-0.01485655737791558
2020-12-11,-0.001286367244551223
2020-12-14,0.010249383394101086
2020-12-15,-0.0033637152776647694
2020-12-16,0.006586826347843022
2020-12-17,0.005732518521007313
2020-12-18,0.001643603118145931
2020-12-21,-0.016173814594189873
2020-12-22,0.00887744198166085
2020-12-23,0.0001901089058879979
2020-12-24,-0.0005430650597790798
2020-12-28,0.009943490543670164
2020-12-29,0.005568408027768701
2020-12-30,-0.003932479065819172
2020-12-31,-0.0015040017181665588
2021-01-04,0.00949486255133003
2021-01-05,-0.019210785749511405
2021-01-06,0.0043738114644567005
2021-01-07,0.017283817045634864
2021-01-08,0.01193831427681391
2021-01-11,-0.0071993483802772484
2021-01-12,0.002752414981890494
2021-01-13,-0.0005278576901355247
2021-01-14,0.005017296467705101
2021-01-15,-0.01016842271218621
2021-01-19,0.004300276068602837
2021-01-20,0.0073214568889841125
2021-01-21,0.00886883052275178
2021-01-22,-0.005825899243272814
2021-01-25,0.0037148463056810854
2021-01-26,0.0045351473924049035
2021-01-27,-0.013466178876518464
2021-01-28,-0.010152017251948253
2021-01-29,-0.0019396322657789788
2021-02-01,-0.005084790887113222
2021-02-02,0.01586749438310786
2021-02-03,0.007335703935314797
2021-02-04,0.0013727823033011788
2021-02-05,0.013682891163712796
2021-02-08,0.002756311180420745
2021-02-09,0.0008734297521331147
2021-02-10,0.006442339776961292
2021-02-11,-0.002244210957151105
2021-02-12,-0.0035528064613512544
2021-02-16,0.010542516352635145
2021-02-17,-0.008985683825352364
2021-02-18,-0.002125915681049584
2021-02-19,0.006365666470114828
2021-02-22,-0.012778330398727666
2021-02-23,-0.0062005890570774325
2021-02-24,0.0043414963859229605
2021-02-25,0.01056091942313997
2021-02-26,-0.015522143389823162
2021-03-01,0.003226226096126439
2021-03-02,0.010970201511021571
2021-03-03,-0.01033810476736019
2021-03-04,-0.011845822857630806
2021-03-05,-0.0019935994962457793
2021-03-08,0.011039268254811052
2021-03-09,0.0030936411369058003
2021-03-10,0.009952053908769853
2021-03-11,0.00651800148792514
2021-03-12,-0.00040792392317756665
2021-03-15,0.005764276787211031
2021-03-16,0.00694849491555094
2021-03-17,-0.006396856976938814
2021-03-18,-0.00013940638099485536
2021-03-19,-0.008411876161142806
2021-03-22,0.00038473376285885763
2021-03-23,0.004820142039814623
2021-03-24,-0.0023219616724150516
2021-03-25,-0.012838874680855872
2021-03-26,0.012824498677304508
2021-03-29,0.008876269410784898
2021-03-30,5.070993697064985e-05
2021-03-31,0.0023325389184540857
2021-04-01,0.007740173017273921
2021-04-05,0.012700803211773692
2021-04-06,0.0057006890398119126
2021-04-07,0.0004436119868529431
2021-04-08,0.004902202295649083
2021-04-09,0.0011276444503833805
2021-04-12,0.006023653859230871
2021-04-13,0.001655105269042778
2021-04-14,0.003158943454917962
2021-04-15,0.0022042971685900525
2021-04-16,0.008483588727492775
2021-04-19,-0.0023726782501951593
2021-04-20,-0.005645510019072653
2021-04-21,-0.005798361962759069
2021-04-22,0.010643726764523409
2021-04-23,-0.007261535502694261
2021-04-26,0.011068859446512258
2021-04-27,0.0011738213872496406
2021-04-28,-0.00028712942410191733
2021-04-29,0.006007515378074091
2021-04-30,-0.0063998858010518855
2021-05-03,0.004310035198628492
2021-05-04,-0.008010871896565908
2021-05-05,0.0031485086646678706
2021-05-06,-0.003713642245765314
2021-05-07,0.009763605321048141
2021-05-10,0.006215913691938413
2021-05-11,-0.022248520710059227
2021-05-12,-0.004526748973012418
2021-05-13,-0.010115993481940144
2021-05-14,0.015083400887711873
2021-05-17,0.005275767771505624
2021-05-18,0.00098702424253716
2021-05-19,-0.0213564213584867
2021-05-20,0.01199252924621308
2021-05-21,0.012311801844774095
2021-05-24,0.0011274498037239233
2021-05-25,0.007164422293327588
2021-05-26,-0.0034734613269890025
2021-05-27,0.0031035882254661917
2021-05-28,0.001903991241641645
2021-06-01,0.003800745896385127
2021-06-02,-0.006923233018742977
2021-06-03,-0.004475510749163303
2021-06-04,0.006820490025961634
2021-06-07,0.002155616975342056
2021-06-08,0.0007683195177641267
2021-06-09,-0.0024563491941205218
2021-06-10,-0.0003077535401678766
2021-06-11,0.0023090810927084426
2021-06-14,-1.9588560151717616e-07
2021-06-15,0.0015359498820284312
2021-06-16,-0.0004599729189914692
2021-06-17,-0.011506725742786328
2021-06-18,-0.01396855171149336
2021-06-21,0.00013505386528778196
2021-06-22,0.003173137670776427
2021-06-23,0.00521911057587876
2021-06-24,0.0029893375590477334
2021-06-25,0.006274450681924115
2021-06-28,-0.002338211064465079
2021-06-29,-0.002656209875022131
2021-06-30,-0.007519941272739361
2021-07-01,0.0009469907145709389
2021-07-02,0.0025287849479997994
2021-07-06,0.004887993143211977
2021-07-07,-0.00027663792715870716
2021-07-08,-0.011253055388923516
2021-07-09,0.008745743738052925
2021-07-12,0.006704737243168557
2021-07-13,0.0018602301161778634
2021-07-14,0.002659086743015182
2021-07-15,-0.0059213534529055645
2021-07-16,0.0027598261319412565
2021-07-19,-0.022522419211652656
2021-07-20,-0.0011966493815318557
2021-07-21,0.01564555534605283
2021-07-22,0.005551186565643462
2021-07-23,0.006394626675298998
2021-07-26,0.004091241542462765
2021-07-27,0.0013657781525910906
2021-07-28,-0.000522834216479251
2021-07-29,0.00030704148452187496
2021-07-30,-0.004331366596741049
2021-08-02,0.005549085427441591
2021-08-03,-0.004314847617271522
2021-08-04,0.003056290485131896
2021-08-05,0.0010005002488604475
2021-08-06,0.004270591976649696
2021-08-09,0.0008142954085705867
2021-08-10,0.00033901369567024275
2021-08-11,0.0027337836929688386
2021-08-12,-0.0004506331405259578
2021-08-13,0.004440737568778053
2021-08-16,-0.002378868465378936
2021-08-17,-0.0006523744195616743
2021-08-18,-0.002881325409116786
2021-08-19,-0.015102943831169058
2021-08-20,0.009076947760042975
2021-08-23,0.011198691594414889
2021-08-24,0.006312337136059609
2021-08-25,0.0004464584691572515
2021-08-26,0.0009817703091326013
2021-08-27,-0.0033213704556044332
2021-08-30,0.008610663804398788
2021-08-31,0.0025722331879558524
2021-09-01,0.0009510538993857676
2021-09-02,0.0016793353365636143
2021-09-03,-0.0029559692938792015
2021-09-07,0.0016151157134665084
2021-09-08,-0.004020233702378362
2021-09-09,-0.00042138880993947136
2021-09-10,0.0007543820729976058
2021-09-13,-0.005321035827837495
2021-09-14,-0.0011590584898780731
2021-09-15,-0.007810407926466145
2021-09-16,0.006072601323454219
2021-09-17,-0.002178581474924224
2021-09-20,-0.02256585453425186
2021-09-21,0.0037941501103770925
2021-09-22,-0.0010995807843376948
2021-09-23,0.008714596949890963
2021-09-24,0.0036148687037855787
2021-09-27,0.003103479522053698
2021-09-28,-0.0070459113394375494
2021-09-29,-0.010234483386036941
2021-09-30,0.0019072129409865024
2021-10-01,-0.011559102792004783
2021-10-04,0.004686992436341075
2021-10-05,-0.006374133950669547
2021-10-06,-0.0022545555973753073
2021-10-07,0.02124537004736271
2021-10-08,0.0024863705842474992
2021-10-11,-0.005278966051275313
2021-10-12,-0.0034083630717084423
2021-10-13,-0.002203502650114375
2021-10-14,0.01005267879785987
2021-10-15,0.012913364307679753
2021-10-18,-0.0017537942683603092
2021-10-19,0.011149401986642271
2021-10-20,0.004922926135267014
2021-10-21,0.0014186598083929525
2021-10-22,0.0030103813901820597
2021-10-25,0.002537903030036759
2021-10-26,0.006427753808696535
2021-10-27,-0.0016404199475065218
2021-10-28,-0.002168912258575184
2021-10-29,0.0009001888191582097
2021-11-01,0.009717682674581507
2021-11-02,-0.00017379969770425774
2021-11-03,0.002346703752238666
2021-11-04,0.008801213959621634
2021-11-05,0.008423586041380604
2021-11-08,0.000894988067280833
2021-11-09,-0.0008090270403517952
2021-11-10,-0.007968976390025695
2021-11-11,-0.0007947076769051487
2021-11-12,-0.00019346101852213415
2021-11-15,0.007567939456956774
2021-11-16,-0.003179412767501888
2021-11-17,0.0039601840950442835
2021-11-18,0.0005117270775267801
2021-11-19,0.0007885090789656601
2021-11-22,0.002725665977700409
2021-11-23,-0.007793752256829323
2021-11-24,-0.0024827704284393626
2021-11-26,-0.007981804918286706
2021-11-29,0.0037418350127376154
2021-11-30,-0.0044605339693378765
2021-12-01,-0.0007792207806058826
2021-12-02,-0.023633134042952197
2021-12-03,0.018725179152406124
2021-12-06,-0.00662064159105713
2021-12-07,0.018152719618947488
2021-12-08,0.009237527185957495
2021-12-09,-0.0011734585022401545
2021-12-10,0.0023069528992558652
2021-12-13,0.0020459049923786665
2021-12-14,-0.01510027861079477
2021-12-15,0.0007126044608760651
2021-12-16,0.019744508221520185
2021-12-17,-0.01988077770107244
2021-12-20,-0.015317950384361123
2021-12-21,0.009087308572676811
2021-12-22,0.009114498156555184
2021-12-23,0.01287841137496959
2021-12-27,0.007061333332661235
2021-12-28,0.011990001271496853
2021-12-29,-0.0015490245327565155
2021-12-30,0.0019916977639931055
2021-12-31,-0.00479149666114409
2022-01-03,0.0013876040707527793
2022-01-04,0.006130589962969335
2022-01-05,-0.004298651976577195
2022-01-06,-0.019427445720324954
2022-01-07,0.0001282352694280675
2022-01-10,-0.011219147343679015
2022-01-11,0.005467905768410386
2022-01-12,0.013670657524720298
2022-01-13,0.001272291609238918
2022-01-14,-0.023295707236530516
2022-01-18,-0.0031440404160343327
2022-01-19,-0.0035019793812692823
2022-01-20,-0.009560605067522432
2022-01-21,-0.018049586777583282
2022-01-24,-0.030366280635900966
2022-01-25,0.0023840936974481863
2022-01-26,0.01768808017417367
2022-01-27,-0.005581775277310075
2022-01-28,-0.012732168118435916
2022-01-31,0.01978367384723345
2022-02-01,0.0213942525604931
2022-02-02,0.01069494985450814
2022-02-03,-0.009989023052758284
2022-02-04,-0.010200687437643685
2022-02-07,0.007079646018183672
2022-02-08,-0.006184512025627087
2022-02-09,0.019004767981413817
2022-02-10,-0.008523351345679608
2022-02-11,-0.004276155448458385
2022-02-14,-0.021116575065809773
2022-02-15,0.008660665574846904
2022-02-16,0.00045072453969852155
2022-02-17,-0.0015993512483560846
2022-02-18,-0.013289111502926998
2022-02-22,-0.012439119200144955
2022-02-23,0.001782861376496525
2022-02-24,-0.05001617898541566
2022-02-25,0.04522894263137478
2022-02-28,0.005633015989767731
2022-03-01,0.006967108767332197
2022-03-02,-0.006137366678684697
2022-03-03,0.018733954714716505
2022-03-04,-0.019797034986326567
2022-03-07,-0.0004632310364799386
2022-03-08,-0.027644537133868607
2022-03-09,0.013154759068761068
2022-03-10,-0.00616267582543728
2022-03-11,0.013253810470530203
2022-03-14,-0.01688778847079575
2022-03-15,-0.0026610278204858284
2022-03-16,0.024108440334861703
2022-03-17,0.00860685291587715
2022-03-18,0.013309154384287147
2022-03-21,0.01447488584329748
2022-03-22,0.003420803889395696
2022-03-23,0.002354999327145224
2022-03-24,-0.0021704593770845992
2022-03-25,0.011705610620754703
2022-03-28,0.001994857700152508
2022-03-29,0.01760828208552767
2022-03-30,0.0006956219299432131
2022-03-31,-0.005322153191127055
2022-04-01,-0.010002402323253334
2022-04-04,-0.00039707926096543833
2022-04-05,0.004612362896663891
2022-04-06,-0.018298844514308743
2022-04-07,-0.00290899326456584
2022-04-08,0.005341232971546539
2022-04-11,-0.008616648435349372
2022-04-12,-0.002319245231562239
2022-04-13,-0.011397490295211754
2022-04-14,0.012601876584285465
2022-04-18,-0.015195581107933287
2022-04-19,0.0024037911220005093
2022-04-20,0.020691545241823706
2022-04-21,0.0036248098098428105
2022-04-22,-0.025928568243199224
2022-04-25,-0.030303723880059197
2022-04-26,0.005098307646611788
2022-04-27,-0.020172369256342026
2022-04-28,0.01210334579620298
2022-04-29,0.00307845319567579
2022-05-02,-0.027196109445995376
2022-05-03,0.007134710123109844
2022-05-04,0.004987831619031047
2022-05-05,0.01791023304933259
2022-05-06,-0.03168060299140252
2022-05-09,-0.014594989053758223
2022-05-10,-0.0015058010383504072
2022-05-11,-0.015871838612133704
2022-05-12,-0.02185545255864174
2022-05-13,0.018850964379484303
2022-05-16,0.008242797005912017
2022-05-17,0.016375818790948182
2022-05-18,-0.007453324477381007
2022-05-19,-0.03687732342217498
2022-05-20,0.011913951934686029
2022-05-23,-0.0010680228867434582
2022-05-24,-0.0006873202153909741
2022-05-25,-0.0006368453230086724
2022-05-26,0.016211669342058865
2022-05-27,0.023177063738037518
2022-05-31,0.013826579393566352
2022-06-01,0.003917301412531549
2022-06-02,-0.007191858623709187
2022-06-03,-0.003783849002203521
2022-06-06,-1.6834913507679516e-07
2022-06-07,-0.0024347619105391516
2022-06-08,-1.4074757481719047e-07
2022-06-09,-0.0034172738785011036
2022-06-10,-0.003918774123153668
2022-06-13,-0.01544237754279798
2022-06-14,-0.0025972073821945996
2022-06-15,-0.001502747274971572
2022-06-16,-0.004514008119013813
2022-06-17,0.011890779501962045
2022-06-21,-0.003983448863211114
2022-06-22,0.006498862739405142
2022-06-23,0.005761122757949044
2022-06-24,-0.0013824946948828298
2022-06-27,-0.00435161573723819
2022-06-28,-0.00139107693703866
2022-06-29,0.002686009551641666
2022-06-30,0.007936816275338376
2022-07-01,0.007847331879534236
2022-07-05,0.0032285884029430445
2022-07-06,0.002340835672950403
2022-07-07,-0.008173108489104575
2022-07-08,-0.005787678967559606
2022-07-11,0.0031568898484171104
2022-07-12,0.0034432509219450846
2022-07-13,-0.007743521988348823
2022-07-14,0.002765827517297481
2022-07-15,0.00423592602632894
2022-07-18,0.0005884854762425729
2022-07-19,-0.0004901160845068864
2022-07-20,0.0020598245689047445
2022-07-21,-0.0019574457061336537
2022-07-22,0.012749987933764473
2022-07-25,-0.003486358211790108
2022-07-26,0.005247770182521538
2022-07-27,-0.0024169776780694763
2022-07-28,0.00872186156780419
2022-07-29,-0.001441229301751279
2022-08-01,0.002407274153913841
2022-08-02,0.002692893883001979
2022-08-03,-0.01189206431324552
2022-08-04,0.006211340806939081
2022-08-05,-0.008295031150748144
2022-08-08,0.002820619882447639
2022-08-09,-0.0017459463391700236
2022-08-10,0.004955238526929584
2022-08-11,-0.00048387765801183313
2022-08-12,-0.003965536328838337
2022-08-15,0.003884634987205926
2022-08-16,-0.002321822388504091
2022-08-17,-0.004751227780590006
2022-08-18,0.0005848566602553174
2022-08-19,-0.005550517364471652
2022-08-22,-0.00303559901710293
2022-08-23,-0.002749707753289754
2022-08-24,-0.0018709566237730124
2022-08-25,-0.00019736616071630575
2022-08-26,0.0033553840880709007
2022-08-29,-0.003934365767628956
2022-08-30,-9.869827965569566e-05
2022-08-31,-0.0021725542048793844
2022-09-01,-0.007589751787760779
2022-09-02,0.0029974100704808215
2022-09-06,-0.004084524288026636
2022-09-07,-0.0023011886590297292
2022-09-08,0.0027072492497650646
2022-09-09,-0.00010000343524552147
2022-09-12,0.00010025789686451958
2022-09-13,-0.010900005853382688
2022-09-14,0.0009098657724626591
2022-09-15,0.0004041640273322322
2022-09-16,-0.0038371859554688914
2022-09-19,-0.0013175663507599689
2022-09-20,-0.003247602442937425
2022-09-21,0.0019344439920210288
2022-09-22,-0.005081016898391244
2022-09-23,-0.005107237239587614
2022-09-26,-0.005441549339042284
2022-09-27,-0.009291096252813102
2022-09-28,0.005209963393790096
2022-09-29,0.00010388203317379663
2022-09-30,0.003938472393192782
2022-10-03,0.002505723641299973
2022-10-04,0.0033026592922216214
2022-10-05,-0.005349091700840303
2022-10-06,-0.001034440973827544
2022-10-07,-0.00807579336090336
2022-10-10,-0.0008348159480241479
2022-10-11,-0.0010442485864277096
2022-10-12,-0.0039738899040686615
2022-10-13,-0.010708859863063802
2022-10-14,0.014857292260208377
2022-10-17,-0.003973072633390418
2022-10-18,-0.0014699988211718251
2022-10-19,-0.007360008867208667
2022-10-20,-0.003706954049762623
2022-10-21,-0.008399227865778403
2022-10-24,0.005361135578675791
2022-10-25,0.006611673453827738
2022-10-26,0.004131567766417543
2022-10-27,0.0045370065617234
2022-10-28,-0.00210086038991375
2022-10-31,2.7350945264181803e-07
2022-11-01,0.0048133256374915945
2022-11-02,-0.0028345421546182026
2022-11-03,-0.010634047671048918
2022-11-04,0.0048951071435980875
2022-11-07,-0.0002119514001797107
2022-11-08,-0.0018003927915364315
2022-11-09,0.0015911453266210795
2022-11-10,0.01684536667037473
2022-11-11,0.0026044867838854735
2022-11-14,0.0020784770935267094
2022-11-15,0.0038368517753717413
2022-11-16,0.004648851628700212
2022-11-17,-0.0022619733924823526
2022-11-18,0.0019579202697841414
2022-11-21,0.0005142695543038922
2022-11-22,-0.0009250535807471261
2022-11-23,0.004116346075775823
2022-11-25,0.0023567600192393456
2022-11-28,0.003374062366084507
2022-11-29,-0.006114079599736422
2022-11-30,-0.000614885449381819
2022-12-01,0.010735625610741817
2022-12-02,0.001933045264038702
2022-12-05,0.0033504058540323456
2022-12-06,-0.0011129846094634077
2022-12-07,0.00587583693037752
2022-12-08,0.0010069776592811497
2022-12-09,-0.0027165782693147067
2022-12-12,0.0007064694867282562
2022-12-13,0.009980779924976702
2022-12-14,-0.006588105301269409
2022-12-15,0.0027757979409013256
2022-12-16,-0.006126595308675764
2022-12-19,-0.0006061950976882224
2022-12-20,-0.008088942902841678
2022-12-21,0.0039753633261052634
2022-12-22,-0.001725878833486627
2022-12-23,-0.002745991756538224
2022-12-27,-0.006017621962856379
2022-12-28,0.000102851022334427
2022-12-29,-0.0026679901992905375
2022-12-30,0.0004119948296645859
2023-01-03,0.0074031174313531345
2023-01-04,0.0020418883494006668
2023-01-05,-0.005398789587642616
2023-01-06,0.005018266440770969
2023-01-09,0.009477265214793196
2023-01-10,-0.00040383001180954725
2023-01-11,0.0026257550726431766
2023-01-12,0.005640689783156239
2023-01-13,0.0018025406758279683
2023-01-17,-0.002799323811102483
2023-01-18,0.010226583282105128
2023-01-19,-0.00029752943693939216
2023-01-20,-0.0055595984620412375
2023-01-23,-0.003693622822433462
2023-01-24,0.00040070280091719646
2023-01-25,0.0042067517242085906
2023-01-26,0.0006983214574587393
2023-01-27,-0.0036877436116834472
2023-01-30,-0.0006000634102302227
2023-01-31,0.0026022342481348826
2023-02-01,0.0027509570211199375
2023-02-02,0.00848361142398657
2023-02-03,-0.010787372001337836
2023-02-06,-0.0064034834669908225
2023-02-07,-0.0016109317776238363
2023-02-08,-0.00010073070136151774
2023-02-09,0.004034673449115678
2023-02-10,-0.007233344375379924
2023-02-13,-0.003339810768068663
2023-02-14,0.0018281051807638171
2023-02-15,-0.0043581830378329744
2023-02-16,-0.0036646456255345905
2023-02-17,-0.003575816038706381
2023-02-21,-0.001742915150228841
2023-02-22,0.00041096556068676016
2023-02-23,-3.216411125217533e-07
2023-02-24,-0.0018478690697198985
2023-02-27,0.001954489326782438
2023-02-28,-0.004311694830923196
2023-03-01,0.0007566309662394577
2023-03-02,-0.007022640749005493
2023-03-03,0.007280447153240832
2023-03-06,0.004336636544560513
2023-03-07,-0.002981135116071898
2023-03-08,-0.0008252535397180738
2023-03-09,-0.0014446298855487205
2023-03-10,0.010644815813573683
2023-03-13,0.012884745878667836
2023-03-14,-0.0028266859919304776
2023-03-15,0.00668194506751707
2023-03-16,0.001005998408193598
2023-03-17,-0.002411365281915989
2023-03-20,0.004431350820423896
2023-03-21,-0.00852331928722283
2023-03-22,-0.0008086104941601446
2023-03-23,0.008906793068056862
2023-03-24,0.006019339090594045
2023-03-27,-0.008875531461700281
2023-03-28,-0.00412499189062232
2023-03-29,-0.0024247695954320303
2023-03-30,0.002937138809564699
2023-03-31,0.003635232896269436
2023-04-03,0.0014260496088578378
2023-04-04,0.0027194146563847
2023-04-05,0.009542740012908668
2023-04-06,0.0005969584597649291
2023-04-10,-0.00666232808718481
2023-04-11,-0.0008010789812804564
2023-04-12,0.0036070273738009195
2023-04-13,-9.988868506860538e-05
2023-04-14,-0.005990425131273458
2023-04-17,-0.004319202824167312
2023-04-18,-0.002219109201959224
2023-04-19,-0.00020219522351228036
2023-04-20,0.003235662815272544
2023-04-21,0.0030242670817464123
2023-04-24,-0.0009044567239940848
2023-04-25,0.005531702170280983
2023-04-26,0.001900802902182086
2023-04-27,-0.005491134372263229
2023-04-28,0.003814687871914524
2023-05-01,-0.003919375945047543
2023-05-02,-0.003925451330174079
2023-05-03,0.009397789229238729
2023-05-04,-0.0012015217099353714
2023-05-05,-0.001302845745663861
2023-05-08,-0.004315354017026429
2023-05-09,-0.0010082298482971819
2023-05-10,0.00322882975548322
2023-05-11,0.006838954816853704
2023-05-12,-0.0021975690594436825
2023-05-15,-0.006807155553861244
2023-05-16,-0.0032256665912318017
2023-05-17,0.001011045819016232
2023-05-18,-0.005051144304057065
2023-05-19,-0.003655142650584864
2023-05-22,0.0001022451837977556
2023-05-23,-0.0022417806259695805
2023-05-24,0.0025531845551085564
2023-05-25,-0.004380182595800863
2023-05-26,-0.003888064285341497
2023-05-30,0.0055466171643898665
2023-05-31,0.003268315434478586
2023-06-01,0.006503628130149597
2023-06-02,-0.00060868096663802
2023-06-05,-0.007002325670910858
2023-06-06,0.0027594860209365635
2023-06-07,0.00030564471795146986
2023-06-08,-0.0035658643071933005
2023-06-09,0.0011249360637195505
2023-06-12,0.0018383227605800467
2023-06-13,0.0039757603896486415
2023-06-14,-0.006092516923286384
2023-06-15,0.004188836313937516
2023-06-16,-0.0020347405720491096
2023-06-20,0.001937161839175472
2023-06-21,-0.0019338045221277689
2023-06-22,0.0008160107015664497
2023-06-23,0.0032590497078579528
2023-06-26,0.00010175854230420889
2023-06-27,-0.000507418898042511
2023-06-28,-0.0011175716969228366
2023-06-29,-0.005490905874895091
2023-06-30,0.0006135490584522341
2023-07-03,0.0022003227772189327
2023-07-05,-0.006280321501516358
2023-07-06,-0.005634631486122754
2023-07-07,-0.0017978244052054837
2023-07-10,-0.0010259216199441923
2023-07-11,0.005180519420514784
2023-07-12,0.013486207288452068
2023-07-13,0.003382692264547238
2023-07-14,0.005749051128709715
2023-07-17,-0.0029857372789670045
2023-07-18,0.0030503417727776316
2023-07-19,0.010011098779076688
2023-07-20,-0.0018461132710516637
2023-07-21,-0.00046238192946046475
2023-07-24,-0.0012996739794716161
2023-07-25,0.0012131371723869133
2023-07-26,0.001211667253800952
2023-07-27,0.010011661937843419
2023-07-28,-0.006840660538979582
2023-07-31,0.0033561463541036396
2023-08-01,-0.002492293564998471
2023-08-02,-0.006618887939026985
2023-08-03,-0.011494760065897447
2023-08-04,0.005981608784838999
2023-08-07,-0.0044595314174845635
2023-08-08,-0.00140402487039748
2023-08-09,0.0021201571139912723
2023-08-10,-0.001870699061223946
2023-08-11,-0.009415649613676358
2023-08-14,0.0016442552431976676
2023-08-15,0.0035304699792724215
2023-08-16,-0.008537432496191655
2023-08-17,-0.002938118700232639
2023-08-18,-0.017657992565381586
2023-08-21,0.009645337703310108
2023-08-22,0.008296194719681127
2023-08-23,-0.0043746316689365905
2023-08-24,0.012384746726627371
2023-08-25,-0.013515032943079097
2023-08-28,0.008115254853867215
2023-08-29,0.0009270984087395018
2023-08-30,0.01549757144570929
2023-08-31,0.004760739470899944
2023-09-01,0.00336543784004939
2023-09-05,-0.005384292871782881
2023-09-06,-0.005169391874281892
2023-09-07,-0.011797502231615575
2023-09-08,0.004039628986343136
2023-09-11,0.007507305012327992
2023-09-12,-0.0028779225406436737
2023-09-13,-0.0016332923152977408
2023-09-14,0.0063869839988177635
2023-09-15,-0.0007851867952003433
2023-09-18,-0.009147023302383928
2023-09-19,-0.0008351201894085669
2023-09-20,0.0030044275758012162
2023-09-21,-0.01871579468925233
2023-09-22,-0.007459260959389757
2023-09-25,-0.0075846918706635735
2023-09-26,-0.0001864063198492305
2023-09-27,-0.004661026824215542
2023-09-28,-0.003769697252930082
2023-09-29,0.014548274889645052
2023-10-02,-0.011698751360522008
2023-10-03,-0.02045707063011126
2023-10-04,-0.002559076182434228
2023-10-05,0.002763233377933938
2023-10-06,0.0015742343892157784
2023-10-09,0.0031441696013745357
2023-10-10,0.017237983128480572
2023-10-11,0.010206050274628842
2023-10-12,0.00019048845025460004
2023-10-13,-0.012006681102119221
2023-10-16,-0.004244052305946711
2023-10-17,-0.002518223683704579
2023-10-18,-0.0005825691736582872
2023-10-19,-0.011270970631665711
2023-10-20,-0.008844238265874882
2023-10-23,-0.010113143335718666
2023-10-24,0.006610502132523788
2023-10-25,-0.0009948918269413465
2023-10-26,-0.007171531046094914
2023-10-27,0.0046149330781262154
2023-10-30,0.001997232083011502
2023-10-31,-0.0007973470965678686
2023-11-01,0.003989739203809073
2023-11-02,0.023445203665904968
2023-11-03,0.014366104916758049
2023-11-06,0.005550255694767303
2023-11-07,-0.01046823665185359
2023-11-08,-8.884371593964602e-08
2023-11-09,0.00519342480772611
2023-11-10,-0.008419499131222197
2023-11-13,0.0017367775764782767
2023-11-14,0.0213833523785536
2023-11-15,0.011882250998828559
2023-11-16,-0.005964751896414766
2023-11-17,0.007313069659550475
2023-11-20,0.0035367434116944096
2023-11-21,0.005008368220254411
2023-11-22,-0.0029530239132808944
2023-11-24,0.0011106524963671038
2023-11-27,0.0016642533887725186
2023-11-28,-0.0012922207391314888
2023-11-29,0.004436322532490156
2023-11-30,0.0001839880934451088
2023-12-01,-0.0027598053223608643
2023-12-04,-0.004372995150428213
2023-12-05,-0.0007462686577159872
2023-12-06,0.007797741951487636
2023-12-07,-0.004141147752694807
2023-12-08,0.001203738153670697
2023-12-11,0.004874743146225269
2023-12-12,0.004220235376113379
2023-12-13,0.006195437906531209
2023-12-14,0.01724472001586319
2023-12-15,-0.002341627172964489
2023-12-18,0.0031736565217876933
2023-12-19,0.003291010233981595
2023-12-20,0.0030262628823451987
2023-12-21,-0.005548991475643916
2023-12-22,0.00536778902211843
2023-12-26,0.0004431688675730072
2023-12-27,0.002889868585247868
2023-12-28,0.00302877334766527
2023-12-29,-0.0008178158035820893
2024-01-02,-0.00908728409788151
2024-01-03,-0.003664012198821287
2024-01-04,-0.004527772463054913
2024-01-05,-0.0017296604753749278
2024-01-08,0.002010738198492623
2024-01-09,0.007343679950864379
2024-01-10,0.004853031556182996
2024-01-11,0.007233845115144577
2024-01-12,0.0005234615465155024
2024-01-16,-0.005399296835336798
2024-01-17,-0.007238143332944147
2024-01-18,0.004641600611283714
2024-01-19,0.007679162887734847
2024-01-22,0.013315188945018264
2024-01-23,0.0
2024-01-24,0.007851077457084132
2024-01-25,-0.00048174494083386143
2024-01-26,3.076449650207813e-05
2024-01-29,0.00028712648005946306
2024-01-30,0.005802390666547419
2024-01-31,-0.0039546640582470705
2024-02-01,-0.008165854855283539
2024-02-02,0.010358417762433625
2024-02-05,0.008261002755388436
2024-02-06,-0.0003544698649983191
2024-02-07,0.005612741125406551
2024-02-08,0.0036470611953098864
2024-02-09,0.0014856454514793338
2024-02-12,0.0046708363399023956
2024-02-13,-0.013248997344998403
2024-02-14,0.004569995752712552
2024-02-15,0.005032307413601611
2024-02-16,0.004826854134112546
2024-02-20,-0.007933027707442863
2024-02-21,-0.004621072088732192
2024-02-22,0.01733882362526007
2024-02-23,0.010436300866237147
2024-02-26,-0.0019046870995296228
2024-02-27,-0.003147747393271616
2024-02-28,-0.0027037694892559916
2024-02-29,0.005422199353656065
2024-03-01,0.0017910917799113246
2024-03-04,0.005992376910686437
2024-03-05,-0.003495888913565226
2024-03-06,0.0006075572291832643
2024-03-07,0.005072960531548043
2024-03-08,0.004521183303209275
2024-03-11,-0.009661273425285999
2024-03-12,0.005818053597020922
2024-03-13,0.0071282500722327224
2024-03-14,-0.0002707354342638135
2024-03-15,-0.010009925857082269
2024-03-18,0.007428313833202083
2024-03-19,-0.003599221790183016
2024-03-20,0.007068241724414559
2024-03-21,0.01477402718304588
2024-03-22,-0.002445595062801731
2024-03-25,-0.004424355021155901
2024-03-26,0.002751058100794568
2024-03-27,0.0009208986430413457
2024-03-28,0.0028751605288137583
2024-04-01,0.0011849926419331691
2024-04-02,-0.010671401027083638
2024-04-03,-0.0010033961104666256
2024-04-04,0.011202966855087704
2024-04-05,-0.017305929094084238
2024-04-08,0.009116355012844801
2024-04-09,0.0026004045066763126
2024-04-10,-0.013487031699867424
2024-04-11,0.004284490145274988
2024-04-12,-0.0025403350917113654
2024-04-15,0.0014775356253886596
2024-04-16,-0.019781414399108965
2024-04-17,0.002198280984470724
2024-04-18,-0.00804268353077775
2024-04-19,-0.005059962548439545
2024-04-22,-0.003223610443270686
2024-04-23,0.007934435449965749
2024-04-24,0.00952608713068881
2024-04-25,-0.014568856603056957
2024-04-26,0.014363556233545793
2024-04-29,0.00738619531916429
2024-04-30,-0.002999470680982941
2024-05-01,-0.014118294793186492
2024-05-02,0.005524751685411999
2024-05-03,0.013904591886096718
2024-05-06,0.005066906643740099
2024-05-07,0.007416058395351088
2024-05-08,-0.004443929207665898
2024-05-09,0.00411442766894754
2024-05-10,0.008562371950530334
2024-05-13,0.0014373047665958705
2024-05-14,-0.0027748009808735707
2024-05-15,0.00905758860910133
2024-05-16,0.007702109046561878
2024-05-17,-0.0020193251296976023
2024-05-20,0.0014371891598701225
2024-05-21,-0.0005476141006700574
2024-05-22,0.0025884220061496155
2024-05-23,0.004353151795148058
2024-05-24,-0.009587961573670367
2024-05-28,0.004584635787428626
2024-05-29,-0.008655967714587764
2024-05-30,-0.0022066656525786543
2024-05-31,-0.0017730496459211764
2024-06-03,0.01037070990813671
2024-06-04,-0.004839136516269216
2024-06-05,0.008186756826854769
2024-06-06,0.007931872562886078
2024-06-07,-0.0024673819572095246
2024-06-10,-0.0008994490888200035
2024-06-11,0.0016692299049678727
2024-06-12,0.014155447787443043
2024-06-13,0.0028063438145760067
2024-06-14,-0.004179324312887589
2024-06-17,0.002218606714606164
2024-06-18,0.009371310507917174
2024-06-20,0.00416697126968546
2024-06-21,-0.005976436204675917
2024-06-24,-0.00012858192481068897
2024-06-25,-0.000624621093709421
2024-06-26,-0.0005514807263137245
2024-06-27,0.003089996137283002
2024-06-28,0.0032821754045915252
2024-07-01,-0.0027962570358304184
2024-07-02,-0.0035371955356811036
2024-07-03,0.009177855434215898
2024-07-05,0.005613370027320874
2024-07-08,0.006651322107871671
2024-07-09,0.0014763070730163808
2024-07-10,0.0014561535976258533
2024-07-11,0.007844615576411362
2024-07-12,-0.006786121400680467
2024-07-15,0.007890536734729503
2024-07-16,0.001485685817913085
2024-07-17,-0.007221980403224526
2024-07-18,-0.0005189692195554096
2024-07-19,-0.010904012462994883
2024-07-22,0.001049925782555583
2024-07-23,0.0027848101249903223
2024-07-24,-0.010242723698716372
2024-07-25,-0.013682906387636584
2024-07-26,0.0017179274039609282
2024-07-29,0.006896806078689366
2024-07-30,0.000439544338735276
2024-07-31,0.004979313878941127
2024-08-01,0.006539400342817414
2024-08-02,-0.030439582314694236
2024-08-05,-0.045002333178784104
2024-08-06,0.014815104369842791
2024-08-07,0.017815184315461252
2024-08-08,-0.008628682801229082
2024-08-09,0.011261476207565346
2024-08-12,0.008304864008637391
2024-08-13,0.004342861421771538
2024-08-14,0.011779397238041112
2024-08-15,0.01225016118567468
2024-08-16,0.003494085531783986
2024-08-19,0.006002683980870227
2024-08-20,0.007967840209114563
2024-08-21,0.0011088258972207221
2024-08-22,0.00498418993586891
2024-08-23,-0.005386092150589494
2024-08-26,0.006523332081646238
2024-08-27,-0.006552079264712907
2024-08-28,0.003074228316029215
2024-08-29,-0.0016036777674993674
2024-08-30,0.0008209741033660123
2024-09-03,-0.0005349786905635145
2024-09-04,-0.018323906721297134
2024-09-05,0.0012540894225698818
2024-09-06,-0.001724482201437283
2024-09-09,-0.00961923118866026
2024-09-10,0.006811713944946174
2024-09-11,0.0006200306366963559
2024-09-12,0.011499908874989195
2024-09-13,0.008468315885656219
2024-09-16,0.003626878205211126
2024-09-17,0.0059814148890202645
2024-09-18,-0.0024066536891815815
2024-09-19,0.012896015893994361
2024-09-20,-0.002502136965192747
2024-09-23,0.002641589180052417
2024-09-24,0.002002318473020237
2024-09-25,0.0011569204886558992
2024-09-26,0.005672864796799626
2024-09-27,-0.0017235976183741508
2024-09-30,-0.005179720609228444
2024-10-01,0.005224220749772579
2024-10-02,-0.009923264737096371
2024-10-03,-0.0006165119508063643
2024-10-04,0.00879512126347426
2024-10-07,-0.001834541800990075
2024-10-08,-0.0015403465788380588
2024-10-09,0.004803478138992734
2024-10-10,0.004553702283087491
2024-10-11,0.0004863052953045788
2024-10-14,0.00897491537072792
2024-10-15,0.005798148722576668
2024-10-16,-0.008227988846470358
2024-10-17,0.01057297595548401
2024-10-18,-0.0031404140561428484
2024-10-21,-0.00037666718051354575
2024-10-22,-0.004795752333301206
2024-10-23,0.0003614146806014684
2024-10-24,-0.002202112653370558
2024-10-25,0.0026380220023114465
2024-10-28,0.0018400371441837926
2024-10-29,-0.004686051701196625
2024-10-30,0.0024834008799619056
2024-10-31,-0.009857386158514947
2024-11-01,-0.007366738480858004
2024-11-04,-0.0002450465596324225
2024-11-05,-0.000770335096196284
2024-11-06,0.032343974489601024
2024-11-07,0.006585200272395397
2024-11-08,0.005210089700604215
2024-11-11,0.006105641009197527
2024-11-12,-0.0018839299119559616
2024-11-13,-0.0021881472568930915
2024-11-14,-8.370021895287572e-05
2024-11-15,-0.012723498293403801
2024-11-18,-0.0059350200095050765
2024-11-19,-0.002575824775615909
2024-11-20,0.00969711480962343
2024-11-21,0.0051153494358229246
2024-11-22,0.00043815301644678506
2024-11-25,0.009870969916413452
2024-11-26,-0.0012009607688194812
2024-11-27,0.002772211087754606
2024-11-29,-0.0013323118938762812
2024-12-02,0.005519794549842638
2024-12-03,0.0006965520678097192
2024-12-04,0.003712358507835578
2024-12-05,0.003351881511614696
2024-12-06,-0.000362044564596431
2024-12-09,0.00041156328197078373
2024-12-10,-0.003817736016253681
2024-12-11,0.000677271751767794
2024-12-12,0.0013206114427615212
2024-12-13,-0.0002967456894159559
2024-12-16,-0.0006596306058510581
2024-12-17,-0.0029867986811478175
2024-12-18,-0.0003475727836665943
2024-12-19,-0.020894731612851047
2024-12-20,-0.012906530481361145
2024-12-23,0.015676298193174176
2024-12-24,0.008749513446584256
2024-12-26,0.005771231084256145
2024-12-27,-0.0032693911605209403
2024-12-30,-0.016149546473555598
2024-12-31,0.0034275119494828754
2025-01-02,-0.0008730219272257145
2025-01-03,-0.0031558051536563214
2025-01-06,0.014875836126964082
2025-01-07,0.0019286564807841078
2025-01-08,-0.014596096548573745
2025-01-10,-0.004790215729993275
2025-01-13,-0.01725609339715739
2025-01-14,0.014919151744417825
2025-01-15,0.010207748648763726
2025-01-16,0.00652183119330374
2025-01-17,0.004687171288988878
2025-01-21,0.006214821763128153
2025-01-22,0.008740240065268745
2025-01-23,-0.00019804594639105666
2025-01-24,0.006619346319458819
2025-01-27,-0.02459782555222445
2025-01-28,0.009767825019618703
2025-01-29,0.005161333287581504
2025-01-30,0.00039753528240238367
2025-01-31,0.00586131531936962
2025-02-03,-0.024411522634682492
2025-02-04,0.008706362731582429
2025-02-05,0.004700332870416046
2025-02-06,0.008907165690277274
2025-02-07,0.001485173022322206
2025-02-10,-0.004712550873328336
2025-02-11,-0.002450209427290573
2025-02-12,-0.005559704589172099
2025-02-13,0.008811748998605928
2025-02-14,0.009032556907955902
2025-02-18,0.0015411351937615336
2025-02-19,-0.001309586170106014
2025-02-20,0.00239312876953246
2025-02-21,-0.0022565980968773935
2025-02-24,-0.013340763077689388
2025-02-25,-0.008089432244510641
2025-02-26,-0.002043037762775146
2025-02-27,0.0015438054795542389
2025-02-28,-0.018915975537041163
2025-03-03,0.01813648473228824
2025-03-04,-0.02762588479997219
2025-03-05,-0.005209501303500841
2025-03-06,-0.0020981809979662147
2025-03-07,-0.007958573711610462
2025-03-10,-0.005797863023156102
2025-03-11,-0.014429429694115758
2025-03-12,0.0049517340000624355
2025-03-13,-0.006546062578507539
2025-03-14,-0.004261490805858914
2025-03-17,0.01201201201158364
2025-03-18,0.0035714920313580922
2025-03-19,-0.0034879603400177484
2025-03-20,0.0008883677131643619
2025-03-21,-0.004203658525049114
2025-03-24,0.0205979116013697
2025-03-25,0.007883672038354828
2025-03-26,-0.00019120458970356413
2025-03-27,-0.01392583320287677
2025-03-28,-0.002909129376475139
2025-03-31,-0.027761568793010394
2025-04-01,0.013858829092447955
2025-04-02,-0.004305318862680263
2025-04-03,-0.01790829655041648
2025-04-04,-0.03933151107082822
2025-04-07,-0.06584299272563221
2025-04-08,0.06678386721053875
2025-04-09,-0.05445905031984666
2025-04-10,0.07848978599091416
2025-04-11,-0.017212544861986867
2025-04-14,0.04022867631555682
2025-04-15,-0.00804154029984161
2025-04-16,-0.014814471672823348
2025-04-17,-0.0075985555217429335
2025-04-21,-0.01228110075166955
2025-04-22,-0.0019571724612407193
2025-04-23,0.03900872842039749
2025-04-24,-0.0068741557656533114
2025-04-25,0.01851075524317425
2025-04-28,0.008670996065658798
2025-04-29,-0.0044977239333297
2025-04-30,-0.0024412016547441517
2025-05-01,0.023376006720638776
2025-05-02,0.011690016615459656
2025-05-05,0.004571239057024945
2025-05-06,-0.0031383231915426135
2025-05-07,-0.003462828637359916
2025-05-08,0.00015793005472164445
2025-05-09,0.003632278826025681
2025-05-12,0.005979602099061454
2025-05-13,-0.0006256636967830742
2025-05-14,0.008764920349342953
2025-05-15,-0.001241112652940357
2025-05-16,0.0017089236090956916
2025-05-19,0.0004651950559970697
2025-05-20,0.009300901872316025
2025-05-21,0.00476117246879304
2025-05-22,-0.01070008169417025
2025-05-23,-0.003090346977827396
2025-05-27,0.017514136423932403
2025-05-28,-0.005940694982854877
2025-05-29,0.003830924345968434
2025-05-30,-0.003663794936872411
2025-06-02,0.0018386178652860519
2025-06-03,0.003792296175493041
2025-06-04,0.007799574568498002
2025-06-05,0.0011223532576052353
2025-06-06,0.0017234743902552196
2025-06-09,0.0017706210531793776
2025-06-10,0.0008337224046346403
2025-06-11,0.006614241443368529
2025-06-12,-0.006918353496572216
2025-06-13,-0.0025166247236819705
2025-06-16,0.003174603175452928
2025-06-17,-0.0003164556962871323
2025-06-18,-0.0029489678615021164
2025-06-20,0.002855936461954478
2025-06-23,-0.00558173735776879
2025-06-24,0.015612395805481238
2025-06-25,0.005923915740028374
2025-06-26,0.0017765787710173342
2025-06-27,0.006387625412055842
2025-06-30,0.007342383501679706
2025-07-01,-0.0016521429272485788
2025-07-02,-0.005490251272478482
2025-07-03,0.006418013397328393
2025-07-07,-0.0057838256796293175
2025-07-08,-0.001193414532557946
2025-07-09,0.005824315912739575
2025-07-10,0.0007426127222331935
2025-07-11,-0.003857710861038255
2025-07-14,-0.003723536199835231
2025-07-15,0.007175868393657137
2025-07-16,-0.008757594657207046
2025-07-17,0.0025457647439266484
2025-07-18,0.00970866742699994
2025-07-21,-0.0014791383630911037
2025-07-22,0.0007407402676480324
2025-07-23,0.014951826753666797
2025-07-24,0.0040839558227014905
2025-07-25,-0.008861115946820597
2025-07-28,-0.003664055717571113
2025-07-29,-0.003530370533833871
2025-07-30,-0.00472401813997636
2025-07-31,-0.007861134070251907
2025-08-01,-0.00777383211806415
2025-08-04,-0.005005907712331444
2025-08-05,0.009781514217614529
2025-08-06,-0.004336884092099869
2025-08-07,0.011429934027503252
2025-08-08,-0.0034263799820521967
2025-08-11,0.0053622685556704575
2025-08-12,0.0013020424801934993
2025-08-13,0.010371461248068758
2025-08-14,-0.0032872803949661744
2025-08-15,0.004978297733636561
2025-08-18,-0.004845276243810481
2025-08-19,0.0004044426476457197
2025-08-20,-0.005784301530234015
2025-08-21,-0.0048795746004342
2025-08-22,0.0023260199913262003
2025-08-25,0.009846964375124001
2025-08-26,-0.0028569654068809625
2025-08-27,0.0036904391167573714
2025-08-28,0.004142296413205404
2025-08-29,0.0003553550473387457
2025-09-02,-0.015398396837499995
2025-09-03,0.00810980392089311
2025-09-04,0.0027230149233057332
2025-09-05,0.01095558796942031
2025-09-08,-0.004390004298005734
2025-09-09,0.0005396071665295654
2025-09-10,0.007165200239842573
2025-09-11,0.0008567669299732739
2025-09-12,0.0052279189211215105
2025-09-15,0.0031021897807776977
2025-09-16,0.0027742404954769206
2025-09-17,-0.002207205165264625
2025-09-18,0.002848441691016168
2025-09-19,0.0034392139434347158
2025-09-22,-0.00019627678006117755
2025-09-23,0.006825732407071072
2025-09-24,-0.003314734820581311
2025-09-25,-0.009886984395821474
2025-09-26,0.0023862358282962237
2025-09-29,0.007353944594159723
2025-09-30,-0.002152447468454999
2025-10-01,0.0003620291743089421
2025-10-02,0.010977577392582871
2025-10-03,-0.0006861063466048201
2025-10-06,0.002432872133537156
2025-10-07,0.0013698222211393496
2025-10-08,-0.0034050019336006043
2025-10-09,0.0048936963826125
2025-10-10,-0.002078600805015096
2025-10-13,-0.01708002916109219
2025-10-14,-0.005267539544451472
2025-10-15,0.01468417608792616
2025-10-16,0.0
2025-10-17,-0.010977475179751228
2025-10-20,0.01185746777764174
2025-10-21,0.006173949529104439
2025-10-22,0.0008340283582868313
2025-10-23,-0.005773809524169615
2025-10-24,0.012482787522177574
2025-10-27,0.009268840730379369
2025-10-28,0.006327537973087161
2025-10-29,0.0024306819003820923
2025-10-30,-0.006998489952906972
2025-10-31,0.00166691036807598
2025-11-03,0.000919654326372088
2025-11-04,-0.016074533856940906
2025-11-05,0.00041654195613372025
2025-11-06,0.005692088097488002
2025-11-07,-0.008420715937793477
2025-11-10,0.01503551882883758
2025-11-11,0.006446231239011446
2025-11-12,0.005042332628693247
2025-11-13,0.001220132722294931
2025-11-14,-0.01679297809855418
2025-11-17,-0.001377344942103731
2025-11-18,-0.016413749351267493
2025-11-19,-0.00014029257772762982
2025-11-20,0.00729308229273129
2025-11-21,-0.017404482306980107
2025-11-24,0.005526323595518967
2025-11-25,0.007469003064287438
2025-11-26,0.010491014006247301
2025-11-28,0.006506003609449085
2025-12-01,0.00013755004996407472
2025-12-02,0.0017877374781156696
2025-12-03,-0.001372730647621112
2025-12-04,0.009209516284411468
2025-12-05,0.0028604190224230663
2025-12-08,-0.0013582960108635689
2025-12-09,-0.005031837010719076
2025-12-10,0.0015035788955772844
2025-12-11,0.008598322196770258
2025-12-12,0.003924302244899591
2025-12-15,0.0008086713786767952
2025-12-16,-0.007946036346742624
2025-12-17,-0.0017649738354991173
2025-12-18,0.0019039539324741117
2025-12-19,0.0031747052793529296
2025-12-22,0.0057819594302677135
2025-12-23,0.006022509707835244
2025-12-24,0.0025849988011317215
2025-12-26,0.0021712745014021984
2025-12-29,-0.002843652229273408
2025-12-30,0.004345554634531457
2025-12-31,-0.0017576933059404443
2026-01-02,0.0096166607628283
2026-01-05,0.005097954933256155
2026-01-06,0.010144068007524432
2026-01-07,-0.0014534749658032808
2026-01-08,-0.006087111348355934
2026-01-09,0.006790140362708641
2026-01-12,0.007802114360738965
2026-01-13,0.0034116615410630935
2026-01-14,-0.0013076524008025503
2026-01-15,0.00549942148362037
2026-01-16,-0.0003906599679542877
2026-01-20,-0.011724838959588757
2026-01-21,0.004218284877137712
2026-01-22,0.011026453933186353
2026-01-23,-0.002207096598913716
2026-01-26,0.012231660399617539
2026-01-27,0.009384043259235586
2026-01-28,0.003566154795495491
2026-01-29,0.006598889161338217
2026-01-30,-0.011094302077504947
2026-02-02,-0.01160117325318999
2026-02-03,0.010189562645350536
2026-02-04,0.008809993210767253
2026-02-05,-0.01784583800618844
2026-02-06,0.009922704216634548
2026-02-09,0.014036030305853098
2026-02-10,0.013715782391526155
2026-02-11,0.00471709230928985
2026-02-12,0.0039535076851722195
2026-02-13,-0.014029078596203948
2026-02-17,-0.003744324436053992
2026-02-18,0.009020189839227255
2026-02-19,-0.005835553478487299
2026-02-20,0.0036218518875095196
2026-02-23,0.011075121016667966
2026-02-24,-0.003199974153019869
2026-02-25,0.013088059388783657
2026-02-26,0.0023156221268532118
2026-02-27,-0.0063229468301959635
2026-03-02,-0.02325013052589553
2026-03-03,-0.03871209092931471
2026-03-04,0.015117957624800171
2026-03-05,-0.00898702808238061
2026-03-06,-0.021893991755484676
2026-03-09,-0.004105984985435018
2026-03-10,0.02872715149713634
2026-03-11,-0.006205480968857202
2026-03-12,-0.007545181115034105
2026-03-13,-0.004587752187714567
2026-03-16,0.0015800087770703186
2026-03-17,0.011438442743838317
2026-03-18,-0.00922915620628395
2026-03-19,-0.029388580921293816
2026-03-20,0.010845326197291838
2026-03-23,-0.004285498461190196
2026-03-24,-0.01022197856514273
2026-03-25,0.022557541666321734
2026-03-26,-0.014484997731063154
2026-03-27,-0.014158631227087048
2026-03-30,0.0038297474948201238
2026-03-31,0.0017714037715550468
2026-04-01,0.033460361295745145
2026-04-02,-0.02158477783424806
2026-04-06,0.018159929723857715
2026-04-07,-0.0011890799258229556
2026-04-08,0.05171963732294316
2026-04-09,-0.013331739694342759
2026-04-10,0.013384379551070857
2026-04-13,-0.01157234236579674
2026-04-14,0.02099768329115448
2026-04-15,0.0026174548364612527
2026-04-16,0.004226728455700046
2026-04-17,0.010893874165594175
2026-04-20,-0.006980256483185898
2026-04-21,-0.0018497122474295802
2026-04-22,-0.006918787854507502
2026-04-23,-0.00584717872474616
2026-04-24,0.0011262959531899153
2026-04-27,0.006374964955787377
2026-04-28,-0.010557680722918739
2026-04-29,-0.001883024522710941
2026-04-30,0.007420466815153626
2026-05-01,0.008988759597573504
2026-05-04,-0.0021033866937192336
2026-05-05,0.003843702971348062
2026-05-06,0.025568192253806687
2026-05-07,0.009273771319616486
2026-05-08,-0.009546527053145737
2026-05-11,0.0020481818779147787
2026-05-12,-0.012143742392010104
2026-05-13,0.0017039223421388972
2026-05-14,0.006439850326292573
2026-05-15,-0.019075192277003494
2026-05-18,0.00455387394682627
2026-05-19,-0.013722213848668119
2026-05-20,0.005590028591495377
2026-05-21,0.007288576850078998
2026-05-22,0.0126317715954396
2026-05-26,0.0158653070124124
2026-05-27,0.001907534128739341
2026-05-28,-0.00987626234394623
2026-05-29,0.012017775290989574
2026-06-01,-0.004037466475724116
2026-06-02,0.007749998736911845
2026-06-03,0.0010648735333942394
2026-06-04,-0.00886416162452841
2026-06-05,-0.010255268011718943
2026-06-08,-0.009638589204613246
2026-06-09,0.009245767117149306
2026-06-10,-0.019286381120985352
2026-06-11,0.0007374829842472508
2026-06-12,0.025055245429239426
2026-06-15,0.021207861894046998
2026-06-16,-0.0010560489099974424
2026-06-17,0.0027015277726070153
2026-06-18,-0.000612740078272056
2026-06-22,0.0017663863531942603
2026-06-23,-0.028917351514018197
2026-06-24,-0.0016947026826543699
2026-06-25,0.015763252129514127
2026-06-26,-0.017309263535254082
2026-06-29,0.006073858137191301
2026-06-30,0.004588230558055795
2026-07-01,-0.004807619124471918
2026-07-02,0.00736715685831868
2026-07-06,0.005994484810544876
2026-07-07,-0.005243742369241966
2026-07-08,-0.017012077970272155
2026-07-09,0.009506383306346011
2026-07-10,0.005191359358567071
2026-07-13,-0.007927019519282208
2026-07-14,0.004116270866417526
2026-07-15,0.0026525345337256034
2026-07-16,-0.010582068831888058
2026-07-17,-0.017501245293753964
2026-07-20,0.013236112972424996
2026-07-21,0.004028741141575809
2026-07-22,0.0037695184343486954
2026-07-23,-0.010175698803529865
2026-07-24,-0.002
2026-07-27,0.0
