date,ret
2006-06-28,0.0
2006-06-29,0.0
2006-06-30,0.0
2006-07-03,0.0
2006-07-05,0.0
2006-07-06,0.0
2006-07-07,0.0
2006-07-10,0.0
2006-07-11,0.0
2006-07-12,0.0
2006-07-13,0.0
2006-07-14,0.0
2006-07-17,0.0
2006-07-18,0.0
2006-07-19,0.0
2006-07-20,0.0
2006-07-21,0.0
2006-07-24,0.0
2006-07-25,0.0
2006-07-26,0.0
2006-07-27,0.0
2006-07-28,0.0
2006-07-31,0.0
2006-08-01,0.0
2006-08-02,0.0
2006-08-03,0.0
2006-08-04,0.0
2006-08-07,0.0
2006-08-08,0.0
2006-08-09,0.0
2006-08-10,0.0
2006-08-11,0.0
2006-08-14,0.0
2006-08-15,0.0
2006-08-16,0.0
2006-08-17,0.0
2006-08-18,0.0
2006-08-21,0.0
2006-08-22,0.0
2006-08-23,0.0
2006-08-24,0.0
2006-08-25,0.0
2006-08-28,0.0
2006-08-29,0.0
2006-08-30,0.0
2006-08-31,0.0
2006-09-01,0.0
2006-09-05,0.0
2006-09-06,0.0
2006-09-07,0.0
2006-09-08,0.0
2006-09-11,0.0
2006-09-12,0.0
2006-09-13,0.0
2006-09-14,0.0
2006-09-15,0.0
2006-09-18,0.0
2006-09-19,0.0
2006-09-20,0.0
2006-09-21,0.0
2006-09-22,0.0
2006-09-25,0.0
2006-09-26,0.0
2006-09-27,0.0
2006-09-28,0.0
2006-09-29,0.0
2006-10-02,0.0
2006-10-03,0.0
2006-10-04,0.0
2006-10-05,0.0
2006-10-06,0.0
2006-10-09,0.0
2006-10-10,0.0
2006-10-11,0.0
2006-10-12,0.0
2006-10-13,0.0
2006-10-16,0.0
2006-10-17,0.0
2006-10-18,0.0
2006-10-19,0.0
2006-10-20,0.0
2006-10-23,0.0
2006-10-24,0.0
2006-10-25,0.0
2006-10-26,0.0
2006-10-27,0.0
2006-10-30,0.0
2006-10-31,0.0
2006-11-01,0.0
2006-11-02,0.0
2006-11-03,0.0
2006-11-06,0.0
2006-11-07,0.0
2006-11-08,0.0
2006-11-09,0.0
2006-11-10,0.0
2006-11-13,0.0
2006-11-14,0.0
2006-11-15,0.0
2006-11-16,0.0
2006-11-17,0.0
2006-11-20,0.0
2006-11-21,0.0
2006-11-22,0.0
2006-11-24,0.0
2006-11-27,0.0
2006-11-28,0.0
2006-11-29,0.0
2006-11-30,0.0
2006-12-01,0.0
2006-12-04,0.0
2006-12-05,0.0
2006-12-06,0.0
2006-12-07,0.0
2006-12-08,0.0
2006-12-11,0.0
2006-12-12,0.0
2006-12-13,0.0
2006-12-14,0.0
2006-12-15,0.0
2006-12-18,0.0
2006-12-19,0.0
2006-12-20,0.0
2006-12-21,0.0
2006-12-22,0.0
2006-12-26,0.0
2006-12-27,0.0
2006-12-28,0.0
2006-12-29,0.0
2007-01-03,0.0
2007-01-04,0.0
2007-01-05,0.0
2007-01-08,0.0
2007-01-09,0.0
2007-01-10,0.0
2007-01-11,0.0
2007-01-12,0.0
2007-01-16,0.0
2007-01-17,0.0
2007-01-18,0.0
2007-01-19,0.0
2007-01-22,0.0
2007-01-23,0.0
2007-01-24,0.0
2007-01-25,0.0
2007-01-26,0.0
2007-01-29,0.0
2007-01-30,0.0
2007-01-31,0.0
2007-02-01,0.0
2007-02-02,0.0
2007-02-05,0.0
2007-02-06,0.0
2007-02-07,0.0
2007-02-08,0.0
2007-02-09,0.0
2007-02-12,0.0
2007-02-13,0.0
2007-02-14,0.0
2007-02-15,0.0
2007-02-16,0.0
2007-02-20,0.0
2007-02-21,0.0
2007-02-22,0.0
2007-02-23,0.0
2007-02-26,0.0
2007-02-27,0.0
2007-02-28,0.0
2007-03-01,0.0
2007-03-02,0.0
2007-03-05,0.0
2007-03-06,0.0
2007-03-07,0.0
2007-03-08,0.0
2007-03-09,0.0
2007-03-12,0.0
2007-03-13,0.0
2007-03-14,0.0
2007-03-15,0.0
2007-03-16,0.0
2007-03-19,0.0
2007-03-20,0.0
2007-03-21,0.0
2007-03-22,0.0
2007-03-23,0.0
2007-03-26,0.0
2007-03-27,0.0
2007-03-28,0.0
2007-03-29,0.0
2007-03-30,0.0
2007-04-02,0.0
2007-04-03,0.0
2007-04-04,0.0
2007-04-05,0.0
2007-04-09,0.0
2007-04-10,0.0
2007-04-11,0.0
2007-04-12,0.0
2007-04-13,0.0
2007-04-16,0.0
2007-04-17,0.0
2007-04-18,0.0
2007-04-19,0.0
2007-04-20,0.0
2007-04-23,0.0
2007-04-24,0.0
2007-04-25,0.0
2007-04-26,0.0
2007-04-27,0.0
2007-04-30,0.0
2007-05-01,0.0
2007-05-02,0.0
2007-05-03,0.0
2007-05-04,0.0
2007-05-07,0.0
2007-05-08,0.0
2007-05-09,0.0
2007-05-10,0.0
2007-05-11,0.0
2007-05-14,0.0
2007-05-15,0.0
2007-05-16,0.0
2007-05-17,0.0
2007-05-18,0.0
2007-05-21,0.0
2007-05-22,0.0
2007-05-23,0.0
2007-05-24,0.0
2007-05-25,0.0
2007-05-29,0.0
2007-05-30,0.0
2007-05-31,0.0
2007-06-01,0.0
2007-06-04,0.0
2007-06-05,0.0
2007-06-06,0.0
2007-06-07,0.0
2007-06-08,0.0
2007-06-11,0.0
2007-06-12,0.0
2007-06-13,0.0
2007-06-14,0.0
2007-06-15,0.0
2007-06-18,0.0
2007-06-19,0.0
2007-06-20,0.0
2007-06-21,0.0
2007-06-22,0.0
2007-06-25,0.0
2007-06-26,0.0
2007-06-27,0.0
2007-06-28,0.0
2007-06-29,0.0
2007-07-02,0.0
2007-07-03,0.0
2007-07-05,0.0
2007-07-06,0.0
2007-07-09,0.0
2007-07-10,0.0
2007-07-11,0.0
2007-07-12,0.0
2007-07-13,0.0
2007-07-16,0.0
2007-07-17,0.0
2007-07-18,0.0
2007-07-19,0.0
2007-07-20,0.0
2007-07-23,0.0
2007-07-24,0.0
2007-07-25,0.0
2007-07-26,0.0
2007-07-27,0.0
2007-07-30,0.0
2007-07-31,0.0
2007-08-01,0.0
2007-08-02,0.0
2007-08-03,0.0
2007-08-06,0.0
2007-08-07,0.0
2007-08-08,0.0
2007-08-09,0.0
2007-08-10,0.0
2007-08-13,0.0
2007-08-14,0.0
2007-08-15,0.0
2007-08-16,0.0
2007-08-17,0.0
2007-08-20,0.0
2007-08-21,0.0
2007-08-22,0.0
2007-08-23,0.0
2007-08-24,0.0
2007-08-27,0.0
2007-08-28,0.0
2007-08-29,0.0
2007-08-30,0.0
2007-08-31,0.0
2007-09-04,0.0
2007-09-05,0.0
2007-09-06,0.0
2007-09-07,0.0
2007-09-10,0.0
2007-09-11,0.0
2007-09-12,0.0
2007-09-13,0.0
2007-09-14,0.0
2007-09-17,0.0
2007-09-18,0.0
2007-09-19,0.0
2007-09-20,0.0
2007-09-21,0.0
2007-09-24,0.0
2007-09-25,0.0
2007-09-26,0.0
2007-09-27,0.0
2007-09-28,0.0
2007-10-01,0.0
2007-10-02,0.0
2007-10-03,0.0
2007-10-04,0.0
2007-10-05,0.0
2007-10-08,0.0
2007-10-09,0.0
2007-10-10,0.0
2007-10-11,0.0
2007-10-12,0.0
2007-10-15,0.0
2007-10-16,0.0
2007-10-17,0.0
2007-10-18,0.0
2007-10-19,0.0
2007-10-22,0.0
2007-10-23,0.0
2007-10-24,0.0
2007-10-25,0.0
2007-10-26,0.0
2007-10-29,0.0
2007-10-30,0.0
2007-10-31,0.0
2007-11-01,0.0
2007-11-02,0.0
2007-11-05,0.0
2007-11-06,0.0
2007-11-07,0.0
2007-11-08,0.0
2007-11-09,0.0
2007-11-12,0.0
2007-11-13,0.0
2007-11-14,0.0
2007-11-15,0.0
2007-11-16,0.0
2007-11-19,0.0
2007-11-20,0.0
2007-11-21,0.0
2007-11-23,0.0
2007-11-26,0.0
2007-11-27,0.0
2007-11-28,0.0
2007-11-29,0.0
2007-11-30,0.0
2007-12-03,0.0
2007-12-04,0.0
2007-12-05,0.0
2007-12-06,0.0
2007-12-07,0.0
2007-12-10,0.0
2007-12-11,0.0
2007-12-12,0.0
2007-12-13,0.0
2007-12-14,0.0
2007-12-17,0.0
2007-12-18,0.0
2007-12-19,0.0
2007-12-20,0.0
2007-12-21,0.0
2007-12-24,0.0
2007-12-26,0.0
2007-12-27,0.0
2007-12-28,0.0
2007-12-31,0.0
2008-01-02,0.0
2008-01-03,0.0
2008-01-04,0.0
2008-01-07,0.0
2008-01-08,0.0
2008-01-09,0.0
2008-01-10,0.0
2008-01-11,0.0
2008-01-14,0.0
2008-01-15,0.0
2008-01-16,0.0
2008-01-17,0.0
2008-01-18,0.0
2008-01-22,0.0
2008-01-23,0.0
2008-01-24,0.0
2008-01-25,0.0
2008-01-28,0.0
2008-01-29,0.0
2008-01-30,0.0
2008-01-31,0.0
2008-02-01,0.0
2008-02-04,0.0
2008-02-05,0.0
2008-02-06,0.0
2008-02-07,0.0
2008-02-08,0.0
2008-02-11,0.0
2008-02-12,0.0
2008-02-13,0.0
2008-02-14,0.0
2008-02-15,0.0
2008-02-19,0.0
2008-02-20,0.0
2008-02-21,0.0
2008-02-22,0.0
2008-02-25,0.0
2008-02-26,0.0
2008-02-27,0.0
2008-02-28,0.0
2008-02-29,0.0
2008-03-03,0.0
2008-03-04,0.0
2008-03-05,0.0
2008-03-06,0.0
2008-03-07,0.0
2008-03-10,0.0
2008-03-11,0.0
2008-03-12,0.0
2008-03-13,0.0
2008-03-14,0.0
2008-03-17,0.0
2008-03-18,0.0
2008-03-19,0.0
2008-03-20,0.0
2008-03-24,0.0
2008-03-25,0.0
2008-03-26,0.0
2008-03-27,0.0
2008-03-28,0.0
2008-03-31,0.0
2008-04-01,0.0
2008-04-02,0.0
2008-04-03,0.0
2008-04-04,0.0
2008-04-07,0.0
2008-04-08,0.0
2008-04-09,0.0
2008-04-10,0.0
2008-04-11,0.0
2008-04-14,0.0
2008-04-15,0.0
2008-04-16,0.0
2008-04-17,0.0
2008-04-18,0.0
2008-04-21,0.0
2008-04-22,0.0
2008-04-23,0.0
2008-04-24,0.0
2008-04-25,0.0
2008-04-28,0.0
2008-04-29,0.0
2008-04-30,0.0
2008-05-01,0.0
2008-05-02,0.0
2008-05-05,0.0
2008-05-06,0.0
2008-05-07,0.0
2008-05-08,0.0
2008-05-09,0.0
2008-05-12,0.0
2008-05-13,0.0
2008-05-14,0.0
2008-05-15,0.0
2008-05-16,0.0
2008-05-19,0.0
2008-05-20,0.0
2008-05-21,0.0
2008-05-22,0.0
2008-05-23,0.0
2008-05-27,0.0
2008-05-28,0.0
2008-05-29,0.0
2008-05-30,0.0
2008-06-02,0.0
2008-06-03,0.0
2008-06-04,0.0
2008-06-05,0.0
2008-06-06,0.0
2008-06-09,0.0
2008-06-10,0.0
2008-06-11,0.0
2008-06-12,0.0
2008-06-13,0.0
2008-06-16,0.0
2008-06-17,0.0
2008-06-18,0.0
2008-06-19,0.0
2008-06-20,0.0
2008-06-23,0.0
2008-06-24,0.0
2008-06-25,0.0
2008-06-26,0.0
2008-06-27,0.0
2008-06-30,0.0
2008-07-01,0.0
2008-07-02,0.0
2008-07-03,0.0
2008-07-07,0.0
2008-07-08,0.0
2008-07-09,0.0
2008-07-10,0.0
2008-07-11,0.0
2008-07-14,0.0
2008-07-15,0.0
2008-07-16,0.0
2008-07-17,0.0
2008-07-18,0.0
2008-07-21,0.0
2008-07-22,0.0
2008-07-23,0.0
2008-07-24,0.0
2008-07-25,0.0
2008-07-28,0.0
2008-07-29,0.0
2008-07-30,0.0
2008-07-31,0.0
2008-08-01,0.0
2008-08-04,0.0
2008-08-05,0.0
2008-08-06,0.0
2008-08-07,0.0
2008-08-08,0.0
2008-08-11,0.0
2008-08-12,0.0
2008-08-13,0.0
2008-08-14,0.0
2008-08-15,0.0
2008-08-18,0.0
2008-08-19,0.0
2008-08-20,0.0
2008-08-21,0.0
2008-08-22,0.0
2008-08-25,0.0
2008-08-26,0.0
2008-08-27,0.0
2008-08-28,0.0
2008-08-29,0.0
2008-09-02,0.0
2008-09-03,0.0
2008-09-04,0.0
2008-09-05,0.0
2008-09-08,0.0
2008-09-09,0.0
2008-09-10,0.0
2008-09-11,0.0
2008-09-12,0.0
2008-09-15,0.0
2008-09-16,0.0
2008-09-17,0.0
2008-09-18,0.0
2008-09-19,0.0
2008-09-22,0.0
2008-09-23,0.0
2008-09-24,0.0
2008-09-25,0.0
2008-09-26,0.0
2008-09-29,0.0
2008-09-30,0.0
2008-10-01,0.0
2008-10-02,0.0
2008-10-03,0.0
2008-10-06,0.0
2008-10-07,0.0
2008-10-08,0.0
2008-10-09,0.0
2008-10-10,0.0
2008-10-13,0.0
2008-10-14,0.0
2008-10-15,0.0
2008-10-16,0.0
2008-10-17,0.0
2008-10-20,0.0
2008-10-21,0.0
2008-10-22,0.0
2008-10-23,0.0
2008-10-24,0.0
2008-10-27,0.0
2008-10-28,0.0
2008-10-29,0.0
2008-10-30,0.0
2008-10-31,0.0
2008-11-03,0.0
2008-11-04,0.0
2008-11-05,0.0
2008-11-06,0.0
2008-11-07,0.0
2008-11-10,0.0
2008-11-11,0.0
2008-11-12,0.0
2008-11-13,0.0
2008-11-14,0.0
2008-11-17,0.0
2008-11-18,0.0
2008-11-19,0.0
2008-11-20,0.0
2008-11-21,0.0
2008-11-24,0.0
2008-11-25,0.0
2008-11-26,0.0
2008-11-28,0.0
2008-12-01,0.0
2008-12-02,0.0
2008-12-03,0.0
2008-12-04,0.0
2008-12-05,0.0
2008-12-08,0.0
2008-12-09,0.0
2008-12-10,0.0
2008-12-11,0.0
2008-12-12,0.0
2008-12-15,0.0
2008-12-16,0.0
2008-12-17,0.0
2008-12-18,0.0
2008-12-19,0.0
2008-12-22,0.0
2008-12-23,0.0
2008-12-24,0.0
2008-12-26,0.0
2008-12-29,0.0
2008-12-30,0.0
2008-12-31,0.0
2009-01-02,0.0
2009-01-05,0.0
2009-01-06,0.0
2009-01-07,0.0
2009-01-08,0.0
2009-01-09,0.0
2009-01-12,0.0
2009-01-13,0.0
2009-01-14,0.0
2009-01-15,0.0
2009-01-16,0.0
2009-01-20,0.0
2009-01-21,0.0
2009-01-22,0.0
2009-01-23,0.0
2009-01-26,0.0
2009-01-27,0.0
2009-01-28,0.0
2009-01-29,0.0
2009-01-30,0.0
2009-02-02,0.0
2009-02-03,0.0
2009-02-04,0.0
2009-02-05,0.0
2009-02-06,0.0
2009-02-09,0.0
2009-02-10,0.0
2009-02-11,0.0
2009-02-12,0.0
2009-02-13,0.0
2009-02-17,0.0
2009-02-18,0.0
2009-02-19,0.0
2009-02-20,0.0
2009-02-23,0.0
2009-02-24,0.0
2009-02-25,0.0
2009-02-26,0.0
2009-02-27,0.0
2009-03-02,0.0
2009-03-03,0.0
2009-03-04,0.0
2009-03-05,0.0
2009-03-06,0.0
2009-03-09,0.0
2009-03-10,0.0
2009-03-11,0.0
2009-03-12,0.0
2009-03-13,0.0
2009-03-16,0.0
2009-03-17,0.0
2009-03-18,0.0
2009-03-19,0.0
2009-03-20,0.0
2009-03-23,0.0
2009-03-24,0.0
2009-03-25,0.0
2009-03-26,0.0
2009-03-27,0.0
2009-03-30,0.0
2009-03-31,0.0
2009-04-01,0.0
2009-04-02,0.0
2009-04-03,0.0
2009-04-06,0.0
2009-04-07,0.0
2009-04-08,0.0
2009-04-09,0.0
2009-04-13,0.0
2009-04-14,0.0
2009-04-15,0.0
2009-04-16,0.0
2009-04-17,0.0
2009-04-20,0.0
2009-04-21,0.0
2009-04-22,0.0
2009-04-23,0.0
2009-04-24,0.0
2009-04-27,0.0
2009-04-28,0.0
2009-04-29,0.0
2009-04-30,0.0
2009-05-01,0.0
2009-05-04,0.0
2009-05-05,0.0
2009-05-06,0.0
2009-05-07,0.0
2009-05-08,0.0
2009-05-11,0.0
2009-05-12,0.0
2009-05-13,0.0
2009-05-14,0.0
2009-05-15,0.0
2009-05-18,0.0
2009-05-19,0.0
2009-05-20,0.0
2009-05-21,0.0
2009-05-22,0.0
2009-05-26,0.0
2009-05-27,0.0
2009-05-28,0.0
2009-05-29,0.0
2009-06-01,0.0
2009-06-02,0.0
2009-06-03,0.0
2009-06-04,0.0
2009-06-05,0.0
2009-06-08,0.0
2009-06-09,0.0
2009-06-10,0.0
2009-06-11,0.0
2009-06-12,0.0
2009-06-15,0.0
2009-06-16,0.0
2009-06-17,0.0
2009-06-18,0.0
2009-06-19,0.0
2009-06-22,0.0
2009-06-23,0.0
2009-06-24,0.0
2009-06-25,0.0
2009-06-26,0.0
2009-06-29,0.0
2009-06-30,0.0
2009-07-01,0.0
2009-07-02,-0.014888760840830751
2009-07-06,-0.020561358810467296
2009-07-07,0.0059760440852324025
2009-07-08,-0.024276816974642016
2009-07-09,0.013682882781386739
2009-07-10,-0.0012522962430519405
2009-07-13,0.006417297722838597
2009-07-14,0.020400617246166645
2009-07-15,0.02450346214937053
2009-07-16,0.008418999767947126
2009-07-17,0.01506773505822989
2009-07-20,0.0040957844321263814
2009-07-21,0.011544837006542692
2009-07-22,-0.011161468467952828
2009-07-23,0.01775934414896197
2009-07-24,0.0025938894971679954
2009-07-27,0.004033207405599919
2009-07-28,-0.006994375476071099
2009-07-29,0.00429910563541918
2009-07-30,0.010145063972876574
2009-07-31,-0.0005307166326329205
2009-08-03,0.015643057420245656
2009-08-04,-0.008589579825875071
2009-08-05,0.003524960983994722
2009-08-06,-0.008768265479966014
2009-08-07,-0.0023408752680163323
2009-08-10,-0.007905565356549755
2009-08-11,-0.006476374315900282
2009-08-12,-0.0006982758900708395
2009-08-13,0.01069254732994207
2009-08-14,-0.0002937193668926035
2009-08-17,-0.023758829835932426
2009-08-18,0.005022469558665587
2009-08-19,-0.003816888717428307
2009-08-20,0.02146155378583198
2009-08-21,0.014155784401312467
2009-08-24,0.0022811200547539364
2009-08-25,-0.010206691892253279
2009-08-26,0.002802667143814841
2009-08-27,0.002012229879376646
2009-08-28,0.015393838530122866
2009-08-31,-0.016326088680838596
2009-09-01,-0.0052093327289509965
2009-09-02,-0.0019999999999999996
2009-09-03,0.0
2009-09-04,0.0
2009-09-08,0.0
2009-09-09,0.0
2009-09-10,0.0
2009-09-11,0.0
2009-09-14,0.0
2009-09-15,0.0
2009-09-16,0.0
2009-09-17,0.0
2009-09-18,0.0
2009-09-21,0.0
2009-09-22,0.0
2009-09-23,0.0
2009-09-24,0.0
2009-09-25,0.0
2009-09-28,0.0
2009-09-29,0.0
2009-09-30,0.0
2009-10-01,0.0
2009-10-02,0.0
2009-10-05,0.0
2009-10-06,0.0
2009-10-07,0.0
2009-10-08,0.0
2009-10-09,0.0
2009-10-12,0.0
2009-10-13,0.0
2009-10-14,0.0
2009-10-15,0.0
2009-10-16,0.0
2009-10-19,0.0
2009-10-20,0.0
2009-10-21,0.0
2009-10-22,0.0
2009-10-23,0.0
2009-10-26,0.0
2009-10-27,0.0
2009-10-28,0.0
2009-10-29,0.0
2009-10-30,0.0
2009-11-02,0.0
2009-11-03,0.0
2009-11-04,0.0
2009-11-05,0.0
2009-11-06,0.0
2009-11-09,0.0
2009-11-10,0.0
2009-11-11,0.0
2009-11-12,0.0
2009-11-13,0.0
2009-11-16,0.0
2009-11-17,0.0
2009-11-18,0.0
2009-11-19,0.0
2009-11-20,0.0
2009-11-23,0.0
2009-11-24,0.0
2009-11-25,0.0
2009-11-27,0.0
2009-11-30,0.0
2009-12-01,0.0
2009-12-02,0.0
2009-12-03,0.0
2009-12-04,0.0
2009-12-07,0.0
2009-12-08,0.0
2009-12-09,0.0
2009-12-10,0.0
2009-12-11,0.0
2009-12-14,0.0
2009-12-15,0.0
2009-12-16,0.0
2009-12-17,0.0
2009-12-18,0.0
2009-12-21,0.0
2009-12-22,0.0
2009-12-23,0.0
2009-12-24,0.0
2009-12-28,0.0
2009-12-29,0.0
2009-12-30,0.0
2009-12-31,0.0
2010-01-04,0.0
2010-01-05,0.0
2010-01-06,0.0
2010-01-07,0.0
2010-01-08,0.0
2010-01-11,0.0
2010-01-12,0.0
2010-01-13,0.0
2010-01-14,0.0
2010-01-15,0.0
2010-01-19,0.0
2010-01-20,0.0
2010-01-21,0.0
2010-01-22,0.0
2010-01-25,0.0
2010-01-26,0.0
2010-01-27,0.0
2010-01-28,0.0
2010-01-29,0.0
2010-02-01,0.0
2010-02-02,0.0
2010-02-03,0.0
2010-02-04,0.0
2010-02-05,0.0
2010-02-08,0.0
2010-02-09,0.0
2010-02-10,0.0
2010-02-11,0.0
2010-02-12,0.0
2010-02-16,0.0
2010-02-17,0.0
2010-02-18,0.0
2010-02-19,0.0
2010-02-22,0.0
2010-02-23,0.0
2010-02-24,0.0
2010-02-25,0.0
2010-02-26,0.0
2010-03-01,0.0
2010-03-02,0.0
2010-03-03,0.0
2010-03-04,0.0
2010-03-05,0.0
2010-03-08,0.0
2010-03-09,0.0
2010-03-10,0.0
2010-03-11,0.0
2010-03-12,0.0
2010-03-15,0.0
2010-03-16,0.0
2010-03-17,0.0
2010-03-18,0.0
2010-03-19,0.0
2010-03-22,0.0
2010-03-23,0.0
2010-03-24,0.0
2010-03-25,0.0
2010-03-26,0.0
2010-03-29,0.0
2010-03-30,0.0
2010-03-31,0.0
2010-04-01,0.0
2010-04-05,0.0
2010-04-06,0.0
2010-04-07,0.0
2010-04-08,0.0
2010-04-09,0.0
2010-04-12,0.0
2010-04-13,0.0
2010-04-14,0.0
2010-04-15,0.0
2010-04-16,0.0
2010-04-19,0.0
2010-04-20,0.0
2010-04-21,0.0
2010-04-22,0.0
2010-04-23,0.0
2010-04-26,0.0
2010-04-27,0.0
2010-04-28,0.0
2010-04-29,0.0
2010-04-30,0.0
2010-05-03,0.0
2010-05-04,0.0
2010-05-05,0.0
2010-05-06,0.0
2010-05-07,0.0
2010-05-10,0.0
2010-05-11,0.0
2010-05-12,0.0
2010-05-13,0.0
2010-05-14,0.0
2010-05-17,0.0
2010-05-18,0.0
2010-05-19,0.0
2010-05-20,0.0
2010-05-21,0.0
2010-05-24,0.0
2010-05-25,0.0
2010-05-26,0.0
2010-05-27,0.0
2010-05-28,0.0
2010-06-01,0.0
2010-06-02,0.0
2010-06-03,0.0
2010-06-04,0.0
2010-06-07,0.0
2010-06-08,0.0
2010-06-09,0.0
2010-06-10,0.0
2010-06-11,0.0
2010-06-14,0.0
2010-06-15,0.0
2010-06-16,0.0
2010-06-17,0.0
2010-06-18,0.0
2010-06-21,0.0
2010-06-22,0.0
2010-06-23,0.0
2010-06-24,0.0
2010-06-25,0.0
2010-06-28,0.0
2010-06-29,0.0
2010-06-30,0.0
2010-07-01,0.0
2010-07-02,0.0
2010-07-06,0.0
2010-07-07,0.0
2010-07-08,0.0
2010-07-09,0.0
2010-07-12,0.0
2010-07-13,0.0
2010-07-14,0.0
2010-07-15,0.0
2010-07-16,0.0
2010-07-19,0.0
2010-07-20,0.0
2010-07-21,0.0
2010-07-22,0.0
2010-07-23,0.0
2010-07-26,0.0
2010-07-27,0.0
2010-07-28,0.0
2010-07-29,0.0
2010-07-30,0.0
2010-08-02,0.0
2010-08-03,0.0
2010-08-04,0.0
2010-08-05,0.0
2010-08-06,0.0
2010-08-09,0.0
2010-08-10,0.0
2010-08-11,0.0
2010-08-12,0.0
2010-08-13,0.0
2010-08-16,0.0
2010-08-17,0.0
2010-08-18,0.0
2010-08-19,0.0
2010-08-20,0.0
2010-08-23,0.0
2010-08-24,0.0
2010-08-25,0.0
2010-08-26,0.0
2010-08-27,0.0
2010-08-30,0.0
2010-08-31,0.0
2010-09-01,0.0
2010-09-02,0.0
2010-09-03,0.0
2010-09-07,0.0
2010-09-08,0.0
2010-09-09,0.0
2010-09-10,0.0
2010-09-13,0.0
2010-09-14,0.0
2010-09-15,0.0
2010-09-16,0.0
2010-09-17,0.0
2010-09-20,0.0
2010-09-21,0.0
2010-09-22,0.0
2010-09-23,0.0
2010-09-24,0.0
2010-09-27,0.0
2010-09-28,0.0
2010-09-29,0.0
2010-09-30,0.0
2010-10-01,0.0
2010-10-04,0.0
2010-10-05,0.0
2010-10-06,0.0
2010-10-07,0.0
2010-10-08,0.0
2010-10-11,0.0
2010-10-12,0.0
2010-10-13,0.0
2010-10-14,0.0
2010-10-15,0.0
2010-10-18,0.0
2010-10-19,0.0
2010-10-20,0.0
2010-10-21,0.0
2010-10-22,0.0
2010-10-25,0.0
2010-10-26,0.0
2010-10-27,0.0
2010-10-28,0.0
2010-10-29,0.0
2010-11-01,0.0
2010-11-02,0.0
2010-11-03,0.0
2010-11-04,0.0
2010-11-05,0.0
2010-11-08,0.0
2010-11-09,0.0
2010-11-10,0.0
2010-11-11,0.0
2010-11-12,0.0
2010-11-15,0.0
2010-11-16,0.0
2010-11-17,0.0
2010-11-18,0.0
2010-11-19,0.0
2010-11-22,0.0
2010-11-23,0.0
2010-11-24,0.0
2010-11-26,0.0
2010-11-29,0.0
2010-11-30,0.0
2010-12-01,0.0
2010-12-02,0.0
2010-12-03,0.0
2010-12-06,0.0
2010-12-07,0.0
2010-12-08,0.0
2010-12-09,0.0
2010-12-10,0.0
2010-12-13,0.0
2010-12-14,0.0
2010-12-15,0.0
2010-12-16,0.0
2010-12-17,0.0
2010-12-20,0.0
2010-12-21,0.0
2010-12-22,0.0
2010-12-23,0.0
2010-12-27,0.0
2010-12-28,0.0
2010-12-29,0.0
2010-12-30,0.0
2010-12-31,0.0
2011-01-03,0.0
2011-01-04,0.0
2011-01-05,0.0
2011-01-06,0.0
2011-01-07,0.0
2011-01-10,0.0
2011-01-11,0.0
2011-01-12,0.0
2011-01-13,0.0
2011-01-14,0.0
2011-01-18,0.0
2011-01-19,0.0
2011-01-20,0.0
2011-01-21,0.0
2011-01-24,0.0
2011-01-25,0.0
2011-01-26,0.0
2011-01-27,0.0
2011-01-28,0.0
2011-01-31,0.0
2011-02-01,0.0
2011-02-02,0.0
2011-02-03,0.0
2011-02-04,0.0
2011-02-07,0.0
2011-02-08,0.0
2011-02-09,0.0
2011-02-10,0.0
2011-02-11,0.0
2011-02-14,0.0
2011-02-15,0.0
2011-02-16,0.0
2011-02-17,0.0
2011-02-18,0.0
2011-02-22,0.0
2011-02-23,0.0
2011-02-24,0.0
2011-02-25,0.0
2011-02-28,0.0
2011-03-01,0.0
2011-03-02,0.0
2011-03-03,0.0
2011-03-04,0.0
2011-03-07,0.0
2011-03-08,0.0
2011-03-09,0.0
2011-03-10,0.0
2011-03-11,0.0
2011-03-14,0.0
2011-03-15,0.0
2011-03-16,0.0
2011-03-17,0.0
2011-03-18,0.0
2011-03-21,0.0
2011-03-22,0.0
2011-03-23,0.0
2011-03-24,0.0
2011-03-25,0.0
2011-03-28,0.0
2011-03-29,0.0
2011-03-30,0.0
2011-03-31,0.0
2011-04-01,0.0
2011-04-04,0.0
2011-04-05,0.0
2011-04-06,0.0
2011-04-07,0.0
2011-04-08,0.0
2011-04-11,0.0
2011-04-12,0.0
2011-04-13,0.0
2011-04-14,0.0
2011-04-15,0.0
2011-04-18,0.0
2011-04-19,0.0
2011-04-20,0.0
2011-04-21,0.0
2011-04-25,0.0
2011-04-26,0.0
2011-04-27,0.0
2011-04-28,0.0
2011-04-29,0.0
2011-05-02,0.0
2011-05-03,0.0
2011-05-04,0.0
2011-05-05,0.0
2011-05-06,0.0
2011-05-09,0.0
2011-05-10,0.0
2011-05-11,0.0
2011-05-12,0.0
2011-05-13,0.0
2011-05-16,0.0
2011-05-17,0.0
2011-05-18,0.0
2011-05-19,0.0
2011-05-20,0.0
2011-05-23,0.0
2011-05-24,0.0
2011-05-25,0.0
2011-05-26,0.0
2011-05-27,0.0
2011-05-31,0.0
2011-06-01,0.0
2011-06-02,0.0
2011-06-03,0.0
2011-06-06,0.0
2011-06-07,0.0
2011-06-08,0.0
2011-06-09,0.0
2011-06-10,0.0
2011-06-13,0.0
2011-06-14,0.0
2011-06-15,0.0
2011-06-16,0.0
2011-06-17,0.0
2011-06-20,0.0
2011-06-21,0.0
2011-06-22,0.0
2011-06-23,0.0
2011-06-24,0.0
2011-06-27,0.0
2011-06-28,0.0
2011-06-29,0.0
2011-06-30,0.0
2011-07-01,0.0
2011-07-04,0.0
2011-07-05,0.0
2011-07-06,0.0
2011-07-07,0.0
2011-07-08,0.0
2011-07-11,0.0
2011-07-12,0.0
2011-07-13,0.0
2011-07-14,0.0
2011-07-15,0.0
2011-07-18,0.0
2011-07-19,0.0
2011-07-20,0.0
2011-07-21,0.0
2011-07-22,0.0
2011-07-25,0.0
2011-07-26,0.0
2011-07-27,0.0
2011-07-28,0.0
2011-07-29,0.0
2011-08-01,0.0
2011-08-02,0.0
2011-08-03,0.0
2011-08-04,0.0
2011-08-05,0.0
2011-08-08,0.0
2011-08-09,0.0
2011-08-10,0.0
2011-08-11,0.0
2011-08-12,0.0
2011-08-15,0.0
2011-08-16,0.0
2011-08-17,0.0
2011-08-18,0.0
2011-08-19,0.0
2011-08-22,0.0
2011-08-23,0.0
2011-08-24,0.0
2011-08-25,0.0
2011-08-26,0.0
2011-08-29,0.0
2011-08-30,0.0
2011-08-31,0.0
2011-09-01,0.0
2011-09-02,0.0
2011-09-06,0.0
2011-09-07,0.0
2011-09-08,0.0
2011-09-09,0.0
2011-09-12,0.0
2011-09-13,0.0
2011-09-14,0.0
2011-09-15,0.0
2011-09-16,0.0
2011-09-19,0.0
2011-09-20,0.0
2011-09-21,0.0
2011-09-22,0.0
2011-09-23,0.0
2011-09-26,0.0
2011-09-27,0.0
2011-09-28,0.0
2011-09-29,0.0
2011-09-30,0.0
2011-10-03,0.0
2011-10-04,0.0
2011-10-05,0.0
2011-10-06,0.0
2011-10-07,0.0
2011-10-10,0.0
2011-10-11,0.0
2011-10-12,0.0
2011-10-13,0.0
2011-10-14,0.0
2011-10-17,0.0
2011-10-18,0.0
2011-10-19,0.0
2011-10-20,0.0
2011-10-21,0.0
2011-10-24,0.0
2011-10-25,0.0
2011-10-26,0.0
2011-10-27,0.0
2011-10-28,0.0
2011-10-31,0.0
2011-11-01,0.0
2011-11-02,0.0
2011-11-03,0.0
2011-11-04,0.0
2011-11-07,0.0
2011-11-08,0.0
2011-11-09,0.0
2011-11-10,0.0
2011-11-11,0.0
2011-11-14,0.0
2011-11-15,0.0
2011-11-16,0.0
2011-11-17,0.0
2011-11-18,0.0
2011-11-21,0.0
2011-11-22,0.0
2011-11-23,0.0
2011-11-25,0.0
2011-11-28,0.0
2011-11-29,0.0
2011-11-30,0.0
2011-12-01,0.0
2011-12-02,0.0
2011-12-05,0.0
2011-12-06,0.0
2011-12-07,0.0
2011-12-08,0.0
2011-12-09,0.0
2011-12-12,0.0
2011-12-13,0.0
2011-12-14,0.0
2011-12-15,0.0
2011-12-16,0.0
2011-12-19,0.0
2011-12-20,0.0
2011-12-21,0.0
2011-12-22,0.0
2011-12-23,0.0
2011-12-27,0.0
2011-12-28,0.0
2011-12-29,0.0
2011-12-30,0.0
2012-01-03,0.0
2012-01-04,0.0
2012-01-05,0.0
2012-01-06,0.0
2012-01-09,0.0
2012-01-10,0.0
2012-01-11,0.0
2012-01-12,0.0
2012-01-13,0.0
2012-01-17,0.0
2012-01-18,0.0
2012-01-19,0.0
2012-01-20,0.0
2012-01-23,0.0
2012-01-24,0.0
2012-01-25,0.0
2012-01-26,0.0
2012-01-27,0.0
2012-01-30,0.0
2012-01-31,0.0
2012-02-01,0.0
2012-02-02,0.0
2012-02-03,0.0
2012-02-06,0.0
2012-02-07,0.0
2012-02-08,0.0
2012-02-09,0.0
2012-02-10,0.0
2012-02-13,0.0
2012-02-14,0.0
2012-02-15,0.0
2012-02-16,0.0
2012-02-17,0.0
2012-02-21,0.0
2012-02-22,0.0
2012-02-23,0.0
2012-02-24,0.0
2012-02-27,0.0
2012-02-28,0.0
2012-02-29,0.0
2012-03-01,0.0
2012-03-02,0.0
2012-03-05,0.0
2012-03-06,0.0
2012-03-07,0.0
2012-03-08,0.0
2012-03-09,0.0
2012-03-12,0.0
2012-03-13,0.0
2012-03-14,0.0
2012-03-15,0.0
2012-03-16,0.0
2012-03-19,0.0
2012-03-20,0.0
2012-03-21,0.0
2012-03-22,0.0
2012-03-23,0.0
2012-03-26,0.0
2012-03-27,0.0
2012-03-28,0.0
2012-03-29,0.0
2012-03-30,0.0
2012-04-02,0.0
2012-04-03,0.0
2012-04-04,0.0
2012-04-05,0.0
2012-04-06,0.0
2012-04-09,0.0
2012-04-10,0.0
2012-04-11,0.0
2012-04-12,0.0
2012-04-13,0.0
2012-04-16,0.0
2012-04-17,0.0
2012-04-18,0.0
2012-04-19,0.0
2012-04-20,0.0
2012-04-23,0.0
2012-04-24,0.0
2012-04-25,0.0
2012-04-26,0.0
2012-04-27,0.0
2012-04-30,0.0
2012-05-01,0.0
2012-05-02,0.0
2012-05-03,0.0
2012-05-04,0.0
2012-05-07,0.0
2012-05-08,0.0
2012-05-09,0.0
2012-05-10,0.0
2012-05-11,0.0
2012-05-14,0.0
2012-05-15,0.0
2012-05-16,0.0
2012-05-17,0.0
2012-05-18,0.0
2012-05-21,0.0
2012-05-22,0.0
2012-05-23,0.0
2012-05-24,0.0
2012-05-25,0.0
2012-05-28,0.0
2012-05-29,0.0
2012-05-30,0.0
2012-05-31,0.0
2012-06-01,0.0
2012-06-04,0.0
2012-06-05,0.0
2012-06-06,0.0
2012-06-07,0.0
2012-06-08,0.0
2012-06-11,0.0
2012-06-12,0.0
2012-06-13,0.0
2012-06-14,0.0
2012-06-15,0.0
2012-06-18,0.0
2012-06-19,0.0
2012-06-20,0.0
2012-06-21,0.0
2012-06-22,0.0
2012-06-25,0.0
2012-06-26,0.0
2012-06-27,0.0
2012-06-28,0.0
2012-06-29,0.0
2012-07-02,0.0
2012-07-03,0.0
2012-07-05,0.0
2012-07-06,0.0
2012-07-09,0.0
2012-07-10,0.0
2012-07-11,0.0
2012-07-12,0.0
2012-07-13,0.0
2012-07-16,0.0
2012-07-17,0.0
2012-07-18,0.0
2012-07-19,0.0
2012-07-20,0.0
2012-07-23,0.0
2012-07-24,0.0
2012-07-25,0.0
2012-07-26,0.0
2012-07-27,0.0
2012-07-30,0.0
2012-07-31,0.0
2012-08-01,0.0
2012-08-02,0.0
2012-08-03,0.0
2012-08-06,0.0
2012-08-07,0.0
2012-08-08,0.0
2012-08-09,0.0
2012-08-10,0.0
2012-08-13,0.0
2012-08-14,0.0
2012-08-15,0.0
2012-08-16,0.0
2012-08-17,0.0
2012-08-20,0.0
2012-08-21,0.0
2012-08-22,0.0
2012-08-23,0.0
2012-08-24,0.0
2012-08-27,0.0
2012-08-28,0.0
2012-08-29,0.0
2012-08-30,0.0
2012-08-31,0.0
2012-09-04,0.0
2012-09-05,0.0
2012-09-06,0.0
2012-09-07,0.0
2012-09-10,0.0
2012-09-11,0.0
2012-09-12,0.0
2012-09-13,0.0
2012-09-14,0.0
2012-09-17,0.0
2012-09-18,0.0
2012-09-19,0.0
2012-09-20,0.0
2012-09-21,0.0
2012-09-24,0.0
2012-09-25,0.0
2012-09-26,0.0
2012-09-27,0.0
2012-09-28,0.0
2012-10-01,0.0
2012-10-02,0.0
2012-10-03,0.0
2012-10-04,0.0
2012-10-05,0.0
2012-10-08,0.0
2012-10-09,0.0
2012-10-10,0.0
2012-10-11,0.0
2012-10-12,0.0
2012-10-15,0.0
2012-10-16,0.0
2012-10-17,0.0
2012-10-18,0.0
2012-10-19,0.0
2012-10-22,0.0
2012-10-23,0.0
2012-10-24,0.0
2012-10-25,0.0
2012-10-26,0.0
2012-10-31,0.0
2012-11-01,0.0
2012-11-02,0.0
2012-11-05,0.0
2012-11-06,0.0
2012-11-07,0.0
2012-11-08,0.0
2012-11-09,0.0
2012-11-12,0.0
2012-11-13,0.0
2012-11-14,0.0
2012-11-15,0.0
2012-11-16,0.0
2012-11-19,0.0
2012-11-20,0.0
2012-11-21,0.0
2012-11-23,0.0
2012-11-26,0.0
2012-11-27,0.0
2012-11-28,0.0
2012-11-29,0.0
2012-11-30,0.0
2012-12-03,0.0
2012-12-04,0.0
2012-12-05,0.0
2012-12-06,0.0
2012-12-07,0.0
2012-12-10,0.0
2012-12-11,0.0
2012-12-12,0.0
2012-12-13,0.0
2012-12-14,0.0
2012-12-17,0.0
2012-12-18,0.0
2012-12-19,0.0
2012-12-20,0.0
2012-12-21,0.0
2012-12-24,0.0
2012-12-26,0.0
2012-12-27,0.0
2012-12-28,0.0
2012-12-31,0.0
2013-01-02,0.0
2013-01-03,0.0
2013-01-04,0.0
2013-01-07,0.0
2013-01-08,0.0
2013-01-09,0.0
2013-01-10,0.0
2013-01-11,0.0
2013-01-14,0.0
2013-01-15,0.0
2013-01-16,0.0
2013-01-17,0.0
2013-01-18,0.0
2013-01-22,0.0
2013-01-23,0.0
2013-01-24,0.0
2013-01-25,0.0
2013-01-28,0.0
2013-01-29,0.0
2013-01-30,0.0
2013-01-31,0.0
2013-02-01,0.0
2013-02-04,0.0
2013-02-05,0.0
2013-02-06,0.0
2013-02-07,0.0
2013-02-08,0.0
2013-02-11,0.0
2013-02-12,0.0
2013-02-13,0.0
2013-02-14,0.0
2013-02-15,0.0
2013-02-19,0.0
2013-02-20,0.0
2013-02-21,0.0
2013-02-22,0.0
2013-02-25,0.0
2013-02-26,0.0
2013-02-27,0.0
2013-02-28,0.0
2013-03-01,0.0
2013-03-04,0.0
2013-03-05,0.0
2013-03-06,0.0
2013-03-07,0.0
2013-03-08,0.0
2013-03-11,0.0
2013-03-12,0.0
2013-03-13,0.0
2013-03-14,0.0
2013-03-15,0.0
2013-03-18,0.0
2013-03-19,0.0
2013-03-20,0.0
2013-03-21,0.0
2013-03-22,0.0
2013-03-25,0.0
2013-03-26,0.0
2013-03-27,0.0
2013-03-28,0.0
2013-04-01,0.0
2013-04-02,0.0
2013-04-03,0.0
2013-04-04,0.0
2013-04-05,0.0
2013-04-08,0.0
2013-04-09,0.0
2013-04-10,0.0
2013-04-11,0.0
2013-04-12,0.0
2013-04-15,0.0
2013-04-16,0.0
2013-04-17,0.0
2013-04-18,0.0
2013-04-19,0.0
2013-04-22,0.0
2013-04-23,0.0
2013-04-24,0.0
2013-04-25,0.0
2013-04-26,0.0
2013-04-29,0.0
2013-04-30,0.0
2013-05-01,0.0
2013-05-02,0.0
2013-05-03,0.0
2013-05-06,0.0
2013-05-07,0.0
2013-05-08,0.0
2013-05-09,0.0
2013-05-10,0.0
2013-05-13,0.0
2013-05-14,0.0
2013-05-15,0.0
2013-05-16,0.0
2013-05-17,0.0
2013-05-20,0.0
2013-05-21,0.0
2013-05-22,0.0
2013-05-23,0.0
2013-05-24,0.0
2013-05-28,0.0
2013-05-29,0.0
2013-05-30,0.0
2013-05-31,0.0
2013-06-03,0.0
2013-06-04,-0.0049645558740243605
2013-06-05,-0.009319275328944488
2013-06-06,-0.015061968220905556
2013-06-07,0.009946495056935019
2013-06-10,0.018439139945711603
2013-06-11,-0.012024339023012861
2013-06-12,0.007630842932463322
2013-06-13,-0.01779451999767769
2013-06-14,0.013518541521252226
2013-06-17,0.004294070307007592
2013-06-18,0.0023573847922552967
2013-06-19,0.008024744703655806
2013-06-20,-0.024900770566315858
2013-06-21,-0.011408761956460027
2013-06-24,-0.019026131950686115
2013-06-25,0.003219914263755036
2013-06-26,0.017880586531831555
2013-06-27,0.011716997798687949
2013-06-28,0.0012721720424087757
2013-07-01,0.004310788152704426
2013-07-02,-0.00040712047413736
2013-07-03,-0.0065264208307862686
2013-07-05,0.011815806934032504
2013-07-08,0.01513227074370913
2013-07-09,0.0076213968607400885
2013-07-10,-0.0008930395914307333
2013-07-11,0.01645544154883681
2013-07-12,-0.0028071126503946943
2013-07-15,0.012473195278780668
2013-07-16,0.0026806198439138615
2013-07-17,-0.004199223411211556
2013-07-18,0.010450416507851742
2013-07-19,0.011435630932265796
2013-07-22,0.003802050848313438
2013-07-23,0.006977305171974613
2013-07-24,0.0007579980619022092
2013-07-25,-0.013563900403818925
2013-07-26,0.003442787168183292
2013-07-29,-0.001977396262393816
2013-07-30,0.00018575335399660935
2013-07-31,-0.000787302033067183
2013-08-01,0.013385038464626037
2013-08-02,-0.00021978476048044966
2013-08-05,-0.00026599392577453815
2013-08-06,0.003210278915839182
2013-08-07,-0.005322441934843065
2013-08-08,0.006493559011556205
2013-08-09,-0.0016257027052392348
2013-08-12,-0.005702987825211692
2013-08-13,0.003537425784246551
2013-08-14,0.0015080630827033975
2013-08-15,-0.014164922949366993
2013-08-16,-0.010044858965799808
2013-08-19,0.0009473053916196071
2013-08-20,-0.0034615157984294485
2013-08-21,0.004146159607494965
2013-08-22,0.0022157800117955703
2013-08-23,0.010557376530324375
2013-08-26,0.0009057636305370043
2013-08-27,-0.014634019463951617
2013-08-28,-0.01671908567446339
2013-08-29,0.004100104101019325
2013-08-30,0.008260873362290904
2013-09-03,0.003934931091056382
2013-09-04,0.0033699629342120747
2013-09-05,0.012622546858825578
2013-09-06,0.007864693479146428
2013-09-09,-0.003527845749395103
2013-09-10,0.018737621688775498
2013-09-11,0.0043582491995467765
2013-09-12,0.0029290508851428703
2013-09-13,-0.0023977694843466627
2013-09-16,0.013829262363272844
2013-09-17,-0.0015503618994737736
2013-09-18,0.003797613290688889
2013-09-19,0.00593039175031978
2013-09-20,-0.007536036799007129
2013-09-23,-0.01622254540491941
2013-09-24,-0.004100789333480509
2013-09-25,0.002290500966052883
2013-09-26,-0.00012524638719102487
2013-09-27,-0.004154787268159572
2013-09-30,-0.0107569983587466
2013-10-01,0.00849623046655384
2013-10-02,0.0052785042539209084
2013-10-03,0.0022237738800766627
2013-10-04,-0.007730701662239825
2013-10-07,-5.162512675841455e-05
2013-10-08,0.0017060783672982031
2013-10-09,-0.019073491618458418
2013-10-10,0.008537202098155177
2013-10-11,0.012145807888120697
2013-10-14,-0.005341466572503435
2013-10-15,0.013688442562061216
2013-10-16,-0.003093652834981764
2013-10-17,0.004769530641243952
2013-10-18,0.015116202047328754
2013-10-21,-0.002802829696942316
2013-10-22,0.0022392263668766944
2013-10-23,-0.008531922018540892
2013-10-24,-0.0025228351097019487
2013-10-25,0.006591709806914764
2013-10-28,0.0020604144275959474
2013-10-29,0.0034559416988242057
2013-10-30,0.007230250423239688
2013-10-31,-0.011422299183463673
2013-11-01,0.010122322253569844
2013-11-04,0.004368053257996338
2013-11-05,0.008816145310242371
2013-11-06,-0.004784280822321798
2013-11-07,-0.00806849652139935
2013-11-08,-0.018058297333800828
2013-11-11,0.01576695115036976
2013-11-12,0.000541719352862735
2013-11-13,-0.0014030391493917605
2013-11-14,0.011149167573992074
2013-11-15,0.003359763165862328
2013-11-18,0.007077504210383501
2013-11-19,-0.014907156000056371
2013-11-20,0.0034716197091464287
2013-11-21,-0.00212443229787761
2013-11-22,0.012225111601667216
2013-11-25,0.007342258533415812
2013-11-26,-0.005778799152799701
2013-11-27,0.00582068009474327
2013-11-29,0.007936292647544764
2013-12-02,-0.00438162657414915
2013-12-03,-0.006431007229224515
2013-12-04,-0.005037754774010051
2013-12-05,-0.006180724237568548
2013-12-06,0.009646019231556807
2013-12-09,0.004315216427364278
2013-12-10,-0.0022460097408391446
2013-12-11,-0.0020832929516234225
2013-12-12,-0.013948230683603787
2013-12-13,0.007868782205381947
2013-12-16,0.0030348802477203896
2013-12-17,-0.0004329420818866723
2013-12-18,-0.00419355081412784
2013-12-19,0.009127855606954872
2013-12-20,0.00011373216085755456
2013-12-23,0.010492361736231094
2013-12-24,-0.00015221790402041295
2013-12-26,0.0047920111806043055
2013-12-27,0.00672498465826013
2013-12-30,-0.007244187659301288
2013-12-31,0.0006956145389660051
2014-01-02,-0.001429108885057157
2014-01-03,-0.004702498505811574
2014-01-06,0.00789344351603527
2014-01-07,-0.007428992103460248
2014-01-08,0.008145982985283339
2014-01-09,0.006376362268637115
2014-01-10,0.000555430014040242
2014-01-13,5.9914173442326794e-05
2014-01-14,-0.012758540327024425
2014-01-15,0.010773137648604542
2014-01-16,-0.00480208751644678
2014-01-17,0.0007472418607449958
2014-01-21,0.005318274281788066
2014-01-22,-0.00041718152165252627
2014-01-23,0.010255084331292432
2014-01-24,-0.012220152326982104
2014-01-27,-0.01922491971105241
2014-01-28,-0.011138233771154766
2014-01-29,-0.0007874750655701545
2014-01-30,0.006757263836520827
2014-01-31,-0.01149722733340995
2014-02-03,0.007899293181727324
2014-02-04,-0.02336724093346051
2014-02-05,-0.0018176246721546224
2014-02-06,0.0074140378341759254
2014-02-07,0.015385550364289714
2014-02-10,0.014880450425471725
2014-02-11,-0.00031663041329613173
2014-02-12,0.013108681531841783
2014-02-13,-0.0056948490152988595
2014-02-14,0.011224782422045353
2014-02-18,0.005491618604203142
2014-02-19,-8.110982240580605e-05
2014-02-20,-0.003093401080847125
2014-02-21,0.01250481651903233
2014-02-24,-8.022539072623534e-05
2014-02-25,0.009390006047427457
2014-02-26,-0.005075334350457034
2014-02-27,-0.003496523506284716
2014-02-28,0.002408438390553574
2014-03-03,-0.013079052369438668
2014-03-04,0.016063882528813963
2014-03-05,0.008727686400544728
2014-03-06,0.008036327161175395
2014-03-07,0.002872742542303625
2014-03-10,-0.006502466579804972
2014-03-11,0.002678901639956311
2014-03-12,-0.013750806838494212
2014-03-13,0.010930221607734325
2014-03-14,-0.018224649996243472
2014-03-17,0.004568153618308729
2014-03-18,0.00515915647480254
2014-03-19,0.005469191553720266
2014-03-20,-0.010613247105712525
2014-03-21,0.014455558414897918
2014-03-24,-0.012794963593149574
2014-03-25,-0.007915581998369798
2014-03-26,0.005197137551845421
2014-03-27,-0.011750095376190057
2014-03-28,-0.0014514521686028684
2014-03-31,0.01109901372187801
2014-04-01,0.013882962874931177
2014-04-02,0.009836798771009687
2014-04-03,0.0046584775551942355
2014-04-04,0.004515284198084163
2014-04-07,-0.039585839458052885
2014-04-08,-0.012528126005161566
2014-04-09,0.009921556768529334
2014-04-10,0.011663852115411872
2014-04-11,-0.03853677500602577
2014-04-14,0.0024159726212278684
2014-04-15,0.0030853540461333938
2014-04-16,0.013332252642333921
2014-04-17,0.007137710534116942
2014-04-21,0.013491795427856824
2014-04-22,0.006411153619735194
2014-04-23,0.005503940373966114
2014-04-24,0.01010797605450886
2014-04-25,-0.0147546602507759
2014-04-28,-0.009372736334894723
2014-04-29,-0.00993021112897564
2014-04-30,-0.0004332792942904175
2014-05-01,0.007528229065762481
2014-05-02,-0.0019521913063374685
2014-05-05,-0.0019756181660593236
2014-05-06,0.006264820880823119
2014-05-07,-0.004872719266480519
2014-05-08,-0.0005732972609264807
2014-05-09,0.0021575947192865046
2014-05-12,0.005820534009335954
2014-05-13,0.01761531952915233
2014-05-14,-0.004328147597926286
2014-05-15,-0.008132352885262113
2014-05-16,-0.01056805384236182
2014-05-19,0.005321346370823737
2014-05-20,0.007453851578294985
2014-05-21,-0.0059345458230667895
2014-05-22,0.004689731135578479
2014-05-23,0.0036305004345634495
2014-05-27,0.01684492841332317
2014-05-28,0.0014790301149390727
2014-05-29,0.0005376795067151996
2014-05-30,0.004257136649549054
2014-06-02,0.002044565291136674
2014-06-03,-0.00031745698798464443
2014-06-04,0.002888432479799144
2014-06-05,0.0062885377164802435
2014-06-06,0.007445073834759975
2014-06-09,0.00045066095462846024
2014-06-10,-0.002646145569606718
2014-06-11,-0.0008839001785434458
2014-06-12,-0.004008646155550569
2014-06-13,-0.005449693803818808
2014-06-16,0.003237384639563256
2014-06-17,-0.0002028771382808108
2014-06-18,0.005627446919432864
2014-06-19,0.009381114185564816
2014-06-20,0.004579415540315907
2014-06-23,0.0035853489739902304
2014-06-24,-0.0052150779204279
2014-06-25,-0.00634402358249703
2014-06-26,0.012143623054596361
2014-06-27,-0.004273624245297837
2014-06-30,0.004503674137455898
2014-07-01,0.005477849343127058
2014-07-02,4.9568802141565895e-05
2014-07-03,-0.0013163200374542252
2014-07-07,0.0009343519952931728
2014-07-08,-0.008709817685356952
2014-07-09,-0.0005492722317231539
2014-07-10,-0.009635908146830156
2014-07-11,0.0074103187035626
2014-07-14,0.007612433294310203
2014-07-15,-0.002309113853169749
2014-07-16,0.0009911571928774142
2014-07-17,-0.004084453219549417
2014-07-18,-0.006663086823724449
2014-07-21,0.010251676422520926
2014-07-22,0.005329950239234882
2014-07-23,0.00777435749381666
2014-07-24,0.004068616122506086
2014-07-25,-0.0011055533573810237
2014-07-28,-0.008005181263275835
2014-07-29,-0.004013681655431869
2014-07-30,-0.008349247237114006
2014-07-31,-0.012424206713406235
2014-08-01,-0.010904211771296132
2014-08-04,0.0015240636289052954
2014-08-05,0.004463773129067877
2014-08-06,-0.013792530264820649
2014-08-07,0.009256053068257794
2014-08-08,-0.012608266273283316
2014-08-11,0.018232041684673992
2014-08-12,-0.00215768821691218
2014-08-13,0.003442314467492192
2014-08-14,0.00353167337444582
2014-08-15,0.004928179289072146
2014-08-18,0.004755551368097017
2014-08-19,0.0048826635305309
2014-08-20,0.0045395029394348155
2014-08-21,0.0057303050010562495
2014-08-22,-0.0016973031638393254
2014-08-25,0.004487423654526453
2014-08-26,0.0020683101067459652
2014-08-27,0.00022472736875847995
2014-08-28,-0.0024455904480468666
2014-08-29,0.012400753924463688
2014-09-02,0.004198308476421685
2014-09-03,-0.002366240347508682
2014-09-04,-0.002010608942994123
2014-09-05,-0.001297913519068135
2014-09-08,0.005987863301455837
2014-09-09,-0.002391542562937377
2014-09-10,-0.002732036369950384
2014-09-11,-0.0009656037214454164
2014-09-12,0.0037053312582023554
2014-09-15,-0.005353881239706318
2014-09-16,-0.0048720256291983595
2014-09-17,0.011737065994063317
2014-09-18,0.005347663711515246
2014-09-19,0.005730034590914056
2014-09-22,-0.007340690860183
2014-09-23,-0.010387066293507484
2014-09-24,-0.0022921320263713197
2014-09-25,0.005241621542334667
2014-09-26,-0.011865912945272457
2014-09-29,4.331185542732227e-05
2014-09-30,0.009659689952732406
2014-10-01,-0.005625203236469046
2014-10-02,-0.018773073064053628
2014-10-03,0.001716521829338965
2014-10-06,0.013290218606493903
2014-10-07,-0.011729841628713853
2014-10-08,-0.011603263192480605
2014-10-09,0.015134223456366346
2014-10-10,-0.028354529198310184
2014-10-13,-0.016456400006907228
2014-10-14,-0.015704896197977044
2014-10-15,-0.018809892411375154
2014-10-16,-0.002924327917309279
2014-10-17,0.03790005308232659
2014-10-20,0.004053566514995703
2014-10-21,0.023504892573972192
2014-10-22,0.02045559632540366
2014-10-23,0.0009397778175586547
2014-10-24,0.009281683354961155
2014-10-27,0.006791170566058249
2014-10-28,0.005763489014604756
2014-10-29,0.01023730975775011
2014-10-30,-0.003543758996110458
2014-10-31,0.019724371385383167
2014-11-03,-0.001657849598211046
2014-11-04,-0.0010843672834070731
2014-11-05,0.008399475549711311
2014-11-06,0.0006998923269011366
2014-11-07,0.0025525749427333312
2014-11-10,-0.003897260856553445
2014-11-11,0.009147219788057723
2014-11-12,-0.0032885416177771726
2014-11-13,0.006347398080707416
2014-11-14,0.004484808319882235
2014-11-17,-0.0028191287158327964
2014-11-18,0.004544249631750828
2014-11-19,0.004978176004828723
2014-11-20,-0.012374569137327908
2014-11-21,0.0153312159809901
2014-11-24,-0.0036312326199644685
2014-11-25,0.00557679118766904
2014-11-26,0.0005871113863634333
2014-11-28,0.008613185602661558
2014-12-01,-0.0023822903372276733
2014-12-02,-0.0021214776836147005
2014-12-03,0.009352403419405712
2014-12-04,0.003073188481793535
2014-12-05,-0.001953205937870792
2014-12-08,0.0009221361999568096
2014-12-09,-0.004544883526458796
2014-12-10,0.005779665740904725
2014-12-11,-0.008046724838016314
2014-12-12,-0.00430468348668002
2014-12-15,-0.002032203504833807
2014-12-16,-0.011507022607615195
2014-12-17,6.27764953041941e-05
2014-12-18,0.024384424730842402
2014-12-19,0.011547933975147296
2014-12-22,-0.0029828988219940166
2014-12-23,0.009439461253759003
2014-12-24,-0.005420344021364619
2014-12-26,0.0049347694040711475
2014-12-29,0.0005411337857656011
2014-12-30,-0.0003834052687879214
2014-12-31,-0.004796299501348913
2015-01-02,-0.010643026804871447
2015-01-05,-0.012699973329259378
2015-01-06,-0.004213978859248647
2015-01-07,-0.0004010555210607863
2015-01-08,0.017977309298833778
2015-01-09,0.012010327520797458
2015-01-12,-0.0066678049725303196
2015-01-13,-0.0007064064196338151
2015-01-14,-0.020946807804550417
2015-01-15,0.012987272182757508
2015-01-16,-0.012672009068711333
2015-01-20,0.018228774321804673
2015-01-21,-0.008152119539335836
2015-01-22,0.008740021757848413
2015-01-23,0.015117388166248144
2015-01-26,-0.0011495384601130565
2015-01-27,-0.011337279311713237
2015-01-28,0.010608911686225849
2015-01-29,-0.01186217206382393
2015-01-30,-0.0005197198500766842
2015-02-02,-0.011504565457027853
2015-02-03,0.007878321590827592
2015-02-04,0.007971376453573587
2015-02-05,0.004800023375663167
2015-02-06,0.005478473132573535
2015-02-09,-0.014981286770148178
2015-02-10,-0.0026810159319142924
2015-02-11,0.009552818090563301
2015-02-12,0.0038951190877400746
2015-02-13,0.0013918495097584003
2015-02-17,-0.002962540747897141
2015-02-18,0.004993116216277256
2015-02-19,0.00839870602076925
2015-02-20,-0.0036800749328133146
2015-02-23,0.006145542458477679
2015-02-24,0.0033218362952534414
2015-02-25,0.0017654384423135988
2015-02-26,-0.0006504248423477006
2015-02-27,0.005540363896771762
2015-03-02,-0.002100808692666151
2015-03-03,0.0018629064041783005
2015-03-04,-0.005762609679743117
2015-03-05,0.0022403190303658645
2015-03-06,-0.004335480892368454
2015-03-09,-0.00962557324477136
2015-03-10,-0.0037428630210698055
2015-03-11,-0.0013856250307248763
2015-03-12,0.003428228638273613
2015-03-13,0.008640177203918062
2015-03-16,0.00198572317190761
2015-03-17,0.01071600657734505
2015-03-18,-0.001596754240601593
2015-03-19,0.007903274067233651
2015-03-20,0.006526481199449625
2015-03-23,0.000791808457852528
2015-03-24,-7.603907743523148e-05
2015-03-25,-0.0036807815987561507
2015-03-26,-0.024225852869952564
2015-03-27,0.002251372509210571
2015-03-30,0.01504142252765845
2015-03-31,0.0029514250490385264
2015-04-01,-0.0009975694679284206
2015-04-02,-0.006202853874296736
2015-04-06,-0.0030252890644277193
2015-04-07,0.009110305130843425
2015-04-08,-0.0034089963003660732
2015-04-09,0.001238743115247388
2015-04-10,0.001484877346633331
2015-04-13,0.002770970717476303
2015-04-14,-0.006079310383457653
2015-04-15,0.001210127710804965
2015-04-16,-0.004362667506505924
2015-04-17,-0.0062534854981345575
2015-04-20,-0.0024527164414922054
2015-04-21,0.011691825139496133
2015-04-22,0.0007212564070484804
2015-04-23,0.0005518526697086334
2015-04-24,0.008892682206903063
2015-04-27,0.0005299187953645648
2015-04-28,-0.011851255098958112
2015-04-29,-0.0034713983914576607
2015-04-30,-0.010587003425462338
2015-05-01,-0.00521709460641964
2015-05-04,0.009587908237252519
2015-05-05,0.0013620247612965693
2015-05-06,-0.0032800396170160986
2015-05-07,-0.00310333436435029
2015-05-08,0.012205196462664677
2015-05-11,0.001304947149789047
2015-05-12,-0.002964592013558655
2015-05-13,0.006403053993038358
2015-05-14,0.0019606780829061724
2015-05-15,0.004573234684289268
2015-05-18,-4.9997651500245085e-05
2015-05-19,0.011189761932461535
2015-05-20,-0.00273327653437817
2015-05-21,-0.008279338771796143
2015-05-22,0.006838359511392095
2015-05-26,-0.000923920604446803
2015-05-27,-0.005934988347950064
2015-05-28,0.005020161308870771
2015-05-29,0.0024869261840133445
2015-06-01,0.010578971838391788
2015-06-02,-0.005897003947957937
2015-06-03,0.005581111626297238
2015-06-04,-0.002383699229232655
2015-06-05,-0.003937934564911839
2015-06-08,0.0006043398268242321
2015-06-09,-0.007443553529635089
2015-06-10,0.0028810498499083187
2015-06-11,0.010513278853539313
2015-06-12,-0.0017236120787119348
2015-06-15,-0.00418646313741974
2015-06-16,-0.0013022897265504907
2015-06-17,0.012028300796757499
2015-06-18,0.004731929335876332
2015-06-19,0.009371270413898087
2015-06-22,0.003540753145629992
2015-06-23,0.0015533099130402468
2015-06-24,-0.0018211427778685111
2015-06-25,-0.0020591527374825514
2015-06-26,0.0010169277122855066
2015-06-29,-0.00843219594086897
2015-06-30,-0.0029015746551102374
2015-07-01,0.0018017998908064958
2015-07-02,0.0021709390772362384
2015-07-06,-0.013478805006853526
2015-07-07,0.008819708225165184
2015-07-08,-0.005202443914292471
2015-07-09,0.005231943097549855
2015-07-10,0.0009634629503483365
2015-07-13,0.010257350527075696
2015-07-14,0.0017882326432538897
2015-07-15,0.00558559238328683
2015-07-16,-0.0013354868138588452
2015-07-17,0.0029318544317041887
2015-07-20,0.003120655918190932
2015-07-21,0.0025378021898449796
2015-07-22,-0.014164786229603087
2015-07-23,0.008513098302092416
2015-07-24,-0.004211025764787416
2015-07-27,-0.01762277502531572
2015-07-28,-0.0005599127800447572
2015-07-29,0.008938840699820342
2015-07-30,0.0021994152929560016
2015-07-31,0.008439765882807699
2015-08-03,0.0029259318866282106
2015-08-04,-0.0032122015545786938
2015-08-05,0.003494170460914307
2015-08-06,0.008154512578302
2015-08-07,-0.022778120628098416
2015-08-10,0.0077761017342716995
2015-08-11,-0.010723695231298134
2015-08-12,-0.011234473704039055
2015-08-13,0.0060094847965497826
2015-08-14,0.002555226598579589
2015-08-17,0.0014968379447638568
2015-08-18,0.012689198514387254
2015-08-19,-0.0021778710290019784
2015-08-20,-0.01363206992405425
2015-08-21,-0.03952956787515867
2015-08-24,-0.07921762022066009
2015-08-25,0.060749905921832374
2015-08-26,-0.011225700914076344
2015-08-27,0.02782011251637513
2015-08-28,0.0037950488107172118
2015-08-31,7.857071624511099e-05
2015-09-01,-0.027532458659075013
2015-09-02,-0.002
2015-09-03,0.0
2015-09-04,0.0
2015-09-08,0.0
2015-09-09,0.0
2015-09-10,0.0
2015-09-11,0.0
2015-09-14,0.0
2015-09-15,0.0
2015-09-16,0.0
2015-09-17,0.0
2015-09-18,0.0
2015-09-21,0.0
2015-09-22,0.0
2015-09-23,0.0
2015-09-24,0.0
2015-09-25,0.0
2015-09-28,0.0
2015-09-29,0.0
2015-09-30,0.0
2015-10-01,0.0
2015-10-02,0.0
2015-10-05,0.0
2015-10-06,0.0
2015-10-07,0.0
2015-10-08,0.0
2015-10-09,0.0
2015-10-12,0.0
2015-10-13,0.0
2015-10-14,0.0
2015-10-15,0.0
2015-10-16,0.0
2015-10-19,0.0
2015-10-20,0.0
2015-10-21,0.0
2015-10-22,0.0
2015-10-23,0.0
2015-10-26,0.0
2015-10-27,0.0
2015-10-28,0.0
2015-10-29,0.0
2015-10-30,0.0
2015-11-02,0.0
2015-11-03,-0.00415093420373897
2015-11-04,0.0005926798637436994
2015-11-05,-0.0044991476410875825
2015-11-06,0.0008480693744411197
2015-11-09,-0.0026649630958259993
2015-11-10,-0.009508716751659985
2015-11-11,0.007663605642705882
2015-11-12,-0.007249945473655898
2015-11-13,-0.009960395419129086
2015-11-16,-0.013650460892573147
2015-11-17,0.018951864338691025
2015-11-18,-0.0035090242916340796
2015-11-19,0.011853823257809652
2015-11-20,0.008658146014111972
2015-11-23,0.00032552095136659936
2015-11-24,-0.0026245526076885796
2015-11-25,0.006685860899338266
2015-11-27,0.0011535764094050495
2015-11-30,0.0009017820420544938
2015-12-01,-0.007212400861568205
2015-12-02,0.0022465553166287466
2015-12-03,-0.002370492825506974
2015-12-04,-0.014826821550126807
2015-12-07,0.020372339220476463
2015-12-08,-0.0091800393482126
2015-12-09,0.0044894540365138695
2015-12-10,-0.008751625390886444
2015-12-11,-0.012200892347317312
2015-12-14,-0.005344901260706973
2015-12-15,0.015890539089484634
2015-12-16,0.004681258071557101
2015-12-17,0.01146709706323465
2015-12-18,-0.018827968449993498
2015-12-21,-0.006686461572477224
2015-12-22,0.005743602447814075
2015-12-23,0.010691878882027555
2015-12-24,-0.002025550819994004
2015-12-28,-0.002873293524584552
2015-12-29,0.010972127446012591
2015-12-30,0.006606389376692403
2015-12-31,-0.008726095016292347
2016-01-04,-0.025122699391024565
2016-01-05,-0.0019999999999999996
2016-01-06,0.0
2016-01-07,0.0
2016-01-08,0.0
2016-01-11,0.0
2016-01-12,0.0
2016-01-13,0.0
2016-01-14,0.0
2016-01-15,0.0
2016-01-19,0.0
2016-01-20,0.0
2016-01-21,0.0
2016-01-22,0.0
2016-01-25,0.0
2016-01-26,0.0
2016-01-27,0.0
2016-01-28,0.0
2016-01-29,0.0
2016-02-01,0.0
2016-02-02,0.0
2016-02-03,0.0
2016-02-04,0.0
2016-02-05,0.0
2016-02-08,0.0
2016-02-09,0.0
2016-02-10,0.0
2016-02-11,0.0
2016-02-12,0.0
2016-02-16,0.0
2016-02-17,0.0
2016-02-18,0.0
2016-02-19,0.0
2016-02-22,0.0
2016-02-23,0.0
2016-02-24,0.0
2016-02-25,0.0
2016-02-26,0.0
2016-02-29,0.0
2016-03-01,0.0
2016-03-02,0.0
2016-03-03,0.0
2016-03-04,0.0
2016-03-07,0.0
2016-03-08,0.0
2016-03-09,0.0
2016-03-10,0.0
2016-03-11,0.0
2016-03-14,0.0
2016-03-15,0.0
2016-03-16,0.0
2016-03-17,0.0
2016-03-18,0.0
2016-03-21,0.0
2016-03-22,0.0
2016-03-23,0.0
2016-03-24,0.0
2016-03-28,0.0
2016-03-29,0.0
2016-03-30,0.0
2016-03-31,0.0
2016-04-01,0.0
2016-04-04,0.009799878752893091
2016-04-05,-0.007443672895735142
2016-04-06,-0.0038456186996176636
2016-04-07,0.0015404549897007006
2016-04-08,0.0015991089967687013
2016-04-11,0.003586431781124827
2016-04-12,-0.0024146210680827678
2016-04-13,0.003743505893345044
2016-04-14,-0.006662687012339646
2016-04-15,-0.000894758693290883
2016-04-18,0.0014307941630023497
2016-04-19,0.008808880551040387
2016-04-20,0.0021653543347424716
2016-04-21,-0.010544064682427799
2016-04-22,-0.008904905793138284
2016-04-25,-0.00042894762689972213
2016-04-26,0.006591019161359057
2016-04-27,-3.6765291164179495e-05
2016-04-28,-0.005188424601091861
2016-04-29,0.0007479259314013566
2016-05-02,0.004401337910995357
2016-05-03,0.0012275742034210545
2016-05-04,-0.004711157983515825
2016-05-05,0.0070209658420198
2016-05-06,-0.005357166655908764
2016-05-09,0.003734662193497194
2016-05-10,0.006075111283301039
2016-05-11,0.004830359665710981
2016-05-12,-0.0012730336400190354
2016-05-13,0.007371224236029501
2016-05-16,-0.006188368464872425
2016-05-17,0.0049189934543864685
2016-05-18,-0.01346058939727512
2016-05-19,-0.010904867273742958
2016-05-20,0.00909472443730528
2016-05-23,-0.00017159704936501677
2016-05-24,-0.001815568292027701
2016-05-25,0.00741008772001954
2016-05-26,-0.0005666396105588055
2016-05-27,0.007238201465718053
2016-05-31,0.0023553349910264906
2016-06-01,-0.0011317361971031348
2016-06-02,-0.001760110537171737
2016-06-03,0.01269669209166607
2016-06-06,0.011977007148851686
2016-06-07,9.316033581929789e-05
2016-06-08,0.0053255034113902896
2016-06-09,0.0031062285693267094
2016-06-10,0.004367388933657777
2016-06-13,8.263799534293697e-05
2016-06-14,-0.0044651118053910185
2016-06-15,0.0023916153154028676
2016-06-16,0.0010095347634686029
2016-06-17,0.004187487997365938
2016-06-20,0.0013548928517276228
2016-06-21,-0.0021135243341986465
2016-06-22,-0.00016790014015312035
2016-06-23,0.005586996248485284
2016-06-24,-0.00843038117157828
2016-06-27,-0.0010234880799933968
2016-06-28,0.0031300648133682626
2016-06-29,0.012865064951704173
2016-06-30,0.006607458816851165
2016-07-01,0.021248346764451625
2016-07-05,-0.0020347569316251043
2016-07-06,0.0034231098392753113
2016-07-07,0.005731222422648256
2016-07-08,-0.0025173371634389635
2016-07-11,0.007630382905116576
2016-07-12,0.0035080563409435224
2016-07-13,-0.0016983719353919492
2016-07-14,-0.001500227658575587
2016-07-15,0.002068314164298307
2016-07-18,-0.0009574126101711372
2016-07-19,-0.002240231897730038
2016-07-20,0.003958384742468484
2016-07-21,-0.004284179341740338
2016-07-22,-0.0018451130279351132
2016-07-25,0.003981804979141933
2016-07-26,-0.004291973715111813
2016-07-27,-0.001011577939444767
2016-07-28,-0.003314789416817287
2016-07-29,0.0006500943573905803
2016-08-01,0.002143956819516121
2016-08-02,-0.00019177080487200256
2016-08-03,-0.0029103023530345187
2016-08-04,0.0028398734534023345
2016-08-05,0.0021004619904169343
2016-08-08,0.0002907132979167973
2016-08-09,0.002121225461394112
2016-08-10,0.0016516857227408073
2016-08-11,-0.0033979680632688896
2016-08-12,0.007630186888293771
2016-08-15,0.002348469680781893
2016-08-16,-0.006126422409967429
2016-08-17,-0.010241390113189135
2016-08-18,0.004303317508348458
2016-08-19,0.0061669095112546896
2016-08-22,-0.0005811570106374129
2016-08-23,0.0004172242179980315
2016-08-24,-0.008550310118248371
2016-08-25,-0.009210611557483409
2016-08-26,0.002615883059553382
2016-08-29,-0.007617911866198164
2016-08-30,0.006679387245246785
2016-08-31,-0.01351205598497299
2016-09-01,-0.0025355840857990723
2016-09-02,0.0173622285139968
2016-09-06,0.002114705502833134
2016-09-07,-0.0012178270288389916
2016-09-08,-0.003578473433464825
2016-09-09,-0.013439068616395867
2016-09-12,-0.03159897042858402
2016-09-13,0.01502118090533091
2016-09-14,-0.010710359546132552
2016-09-15,0.00045764615135492266
2016-09-16,0.01172288751008366
2016-09-19,0.002952239808399997
2016-09-20,0.004654964866787239
2016-09-21,-0.00028139419300959076
2016-09-22,0.022001003928187136
2016-09-23,-0.0031922443696758168
2016-09-26,-0.008890386804889964
2016-09-27,-0.003429404294713855
2016-09-28,0.010030497217428318
2016-09-29,0.004986452543765057
2016-09-30,0.001585977069168124
2016-10-03,0.0019727434933562776
2016-10-04,-0.002671873867862853
2016-10-05,-0.0064586174211680916
2016-10-06,-0.0021854720991921284
2016-10-07,0.00723998901481506
2016-10-10,-0.000501155867761888
2016-10-11,-0.00857746426980321
2016-10-12,-0.015548080115807189
2016-10-13,-0.007917763323716461
2016-10-14,0.004767822983445421
2016-10-17,-0.0007271267128294791
2016-10-18,0.006454249676094357
2016-10-19,-0.0032088045248975317
2016-10-20,-0.002688783325716188
2016-10-21,-0.008814763345898109
2016-10-24,0.01171243907491731
2016-10-25,0.0021316943545062724
2016-10-26,-0.0067226188518827645
2016-10-27,0.008057165388979593
2016-10-28,-0.011984344754991617
2016-10-31,0.0006121504930231583
2016-11-01,0.00885338192074351
2016-11-02,-0.018292614808782654
2016-11-03,-0.0055329966575676254
2016-11-04,-0.006124600823151153
2016-11-07,0.016204602088949138
2016-11-08,0.00840189069509085
2016-11-09,-0.006699476224870082
2016-11-10,0.023892383132056952
2016-11-11,-0.007173829174732676
2016-11-14,0.02000128907809272
2016-11-15,-0.005438716193735778
2016-11-16,0.011232658981449862
2016-11-17,0.010622444608709737
2016-11-18,0.015396263603219194
2016-11-21,0.006734290322666781
2016-11-22,0.009461459154980475
2016-11-23,-0.00309924865999542
2016-11-25,0.007751748798758623
2016-11-28,-0.0004669515523457417
2016-11-29,-0.00508415992372737
2016-11-30,0.0044887779402394586
2016-12-01,-0.005163069761280543
2016-12-02,-0.0245558725823119
2016-12-05,0.010598442521612683
2016-12-06,0.0034513035756808972
2016-12-07,0.00681823551809019
2016-12-08,0.01887445282206146
2016-12-09,0.007302040967134144
2016-12-12,3.346986734259732e-05
2016-12-13,0.002475951453926465
2016-12-14,-0.0005926390248801701
2016-12-15,-0.00772560098287209
2016-12-16,0.009356818440103078
2016-12-19,-0.0061410716499623545
2016-12-20,0.005119905559925797
2016-12-21,0.0011674185338014973
2016-12-22,2.4461836069232057e-05
2016-12-23,-0.006126879526115913
2016-12-27,0.004869816231941809
2016-12-28,0.004608602789952375
2016-12-29,-0.01546980110499227
2016-12-30,0.005817294176635287
2017-01-03,-0.0033455923408874347
2017-01-04,0.000499875555321935
2017-01-05,0.0024272874150789367
2017-01-06,-0.004000622419089621
2017-01-09,-0.000515718072683141
2017-01-10,-0.0025432334190576633
2017-01-11,0.004792752670510994
2017-01-12,0.004242455428094792
2017-01-13,0.0008389992828612466
2017-01-17,0.0016857713123393527
2017-01-18,-0.015355505902853762
2017-01-19,0.014043156176015311
2017-01-20,-6.340128543045947e-05
2017-01-23,-0.003873942911447438
2017-01-24,0.005265662444079333
2017-01-25,0.029854871687949945
2017-01-26,0.009578081759024821
2017-01-27,-0.0016540838482883564
2017-01-30,-0.0028149565573895243
2017-01-31,-0.0077576737760005725
2017-02-01,0.007347560601807687
2017-02-02,-0.00908692528721409
2017-02-03,0.021781419921781776
2017-02-06,0.003702955371720674
2017-02-07,0.009598750655372497
2017-02-08,-0.014599622362909247
2017-02-09,0.0048033743757840575
2017-02-10,0.011722153833895611
2017-02-13,0.0001255698306080479
2017-02-14,0.0007327203701778398
2017-02-15,0.01081024404567182
2017-02-16,0.0033064321791130887
2017-02-17,-0.0100906567906821
2017-02-21,0.008568608304597273
2017-02-22,0.004248090490808468
2017-02-23,0.004237415728986801
2017-02-24,-0.013588506137771933
2017-02-27,0.005200186109919293
2017-02-28,0.0072810463005173005
2017-03-01,0.017249249259022603
2017-03-02,0.009794437914002807
2017-03-03,-0.01682152603063348
2017-03-06,4.789712190465085e-05
2017-03-07,0.0038090062603475246
2017-03-08,0.001608615645643371
2017-03-09,-0.012073063405546453
2017-03-10,0.0028920154761477336
2017-03-13,-0.004753161521719942
2017-03-14,-0.003758252485233812
2017-03-15,0.0029472124405410115
2017-03-16,0.006091790741024346
2017-03-17,-0.001695727968692313
2017-03-20,-0.011529529679449306
2017-03-21,0.0034816535533140954
2017-03-22,-0.04032234020637381
2017-03-23,0.005789902423808781
2017-03-24,0.01534295238340659
2017-03-27,-0.02673368952314944
2017-03-28,0.014403499791557046
2017-03-29,0.015551589232166294
2017-03-30,0.0009502298866270477
2017-03-31,0.008357374590363812
2017-04-03,-0.0015920891753628988
2017-04-04,-0.00980578042023562
2017-04-05,0.01362012008517047
2017-04-06,-0.018233655206839654
2017-04-07,0.0031104099188604046
2017-04-10,0.003065140862335515
2017-04-11,-0.005746566033535533
2017-04-12,0.00029565478291563674
2017-04-13,-0.01788632263966808
2017-04-17,-0.005859627987581582
2017-04-18,0.005151846319145871
2017-04-19,0.005152530874805376
2017-04-20,0.0003919273603922545
2017-04-21,0.007917831434650227
2017-04-24,0.013519055078159151
2017-04-25,0.00735311762522935
2017-04-26,-0.0014392757529143227
2017-04-27,0.00455140277523495
2017-04-28,0.0005270301413967246
2017-05-01,-0.007205039946941893
2017-05-02,-0.008381626235877177
2017-05-03,-0.009412397244679667
2017-05-04,0.0034715416794394004
2017-05-05,-0.0011115983834373761
2017-05-08,0.005248350269097857
2017-05-09,0.00020828706968813366
2017-05-10,0.006095538147042848
2017-05-11,0.00110656567273276
2017-05-12,0.005216530949929264
2017-05-15,-0.001778136527641144
2017-05-16,0.005174635021213117
2017-05-17,-0.011941128845751773
2017-05-18,-0.02108205459534833
2017-05-19,0.014646478524463595
2017-05-22,0.008461519063253
2017-05-23,0.0033819272077115292
2017-05-24,0.005675389346740093
2017-05-25,0.003640175386374093
2017-05-26,0.003978608946058122
2017-05-30,0.0005915871413868672
2017-05-31,0.006996288818161076
2017-06-01,-0.002694272742438555
2017-06-02,0.008006087984714073
2017-06-05,0.004682039153753848
2017-06-06,-0.009129178719960525
2017-06-07,0.00423103907548119
2017-06-08,0.004415123279035662
2017-06-09,0.00359172201177008
2017-06-12,-0.033339409729705866
2017-06-13,0.007489679657659015
2017-06-14,0.006605529456887511
2017-06-15,-0.02247899741042901
2017-06-16,0.006786342652958564
2017-06-19,0.006895055164594845
2017-06-20,0.010300591492649856
2017-06-21,-0.002319204238959483
2017-06-22,0.003517365744098375
2017-06-23,-0.002133110397798563
2017-06-26,0.0085967921742117
2017-06-27,-0.013294809104659478
2017-06-28,-0.006700801155707973
2017-06-29,0.007438549680677216
2017-06-30,-0.008558193517778132
2017-07-03,-0.0031923508023713513
2017-07-05,-0.014680062510604743
2017-07-06,0.0027355334821709786
2017-07-07,0.006928962641502209
2017-07-10,0.00897752495019338
2017-07-11,0.007568917534184505
2017-07-12,0.017139383721606418
2017-07-13,0.0012237839888926635
2017-07-14,-0.0025537385036164617
2017-07-17,0.006260039178118687
2017-07-18,-0.002233439096419265
2017-07-19,0.019225642109623457
2017-07-20,0.0045369702834189545
2017-07-21,-0.0071840061367987994
2017-07-24,0.004196334500170159
2017-07-25,0.004065935339451758
2017-07-26,0.0012621366158598
2017-07-27,0.0072768957501882945
2017-07-28,-0.023378083902017795
2017-07-31,0.00042035239335501753
2017-08-01,-0.006182213721940484
2017-08-02,-0.0029752305284929674
2017-08-03,-0.0017847661465573309
2017-08-04,0.016503403551517346
2017-08-07,-0.004547974278488589
2017-08-08,0.0037042638356216025
2017-08-09,-0.001679242094488585
2017-08-10,0.00042149812954892624
2017-08-11,-0.011222497571543366
2017-08-14,0.010237401489221252
2017-08-15,0.00912339370047031
2017-08-16,0.00302649647282244
2017-08-17,0.001295311742887154
2017-08-18,-0.01872885287891716
2017-08-21,0.0043639656254160246
2017-08-22,0.0018464037206323784
2017-08-23,0.006476989209695225
2017-08-24,0.0033850826282337074
2017-08-25,-0.0025911254589228213
2017-08-28,-0.001093836730659056
2017-08-29,-0.0068634825812770184
2017-08-30,0.008653204117517084
2017-08-31,0.007008742723705023
2017-09-01,0.00361532299322896
2017-09-05,-0.00785043804118562
2017-09-06,-0.005413496365829339
2017-09-07,-0.002779702637518139
2017-09-08,-0.006157786633631127
2017-09-11,0.019007513451480523
2017-09-12,0.008946449298005137
2017-09-13,-0.0037617711339283186
2017-09-14,-0.0015660675213521958
2017-09-15,0.004385963971938007
2017-09-18,0.005484243796065274
2017-09-19,0.003500992081511323
2017-09-20,0.004215015136725805
2017-09-21,0.0006834211050930706
2017-09-22,-0.00035608677296861124
2017-09-25,4.440795336603191e-05
2017-09-26,-0.001643183072659109
2017-09-27,0.002569578793298147
2017-09-28,-0.002625252346737478
2017-09-29,0.00729162702178987
2017-10-02,0.0025631957686830346
2017-10-03,0.0011696765114139556
2017-10-04,0.005718697437870192
2017-10-05,0.0048776858545539065
2017-10-06,0.003919284384301584
2017-10-09,0.0021367649834123197
2017-10-10,-0.0014828813483415398
2017-10-11,-0.0004640845225982896
2017-10-12,0.003586734020824639
2017-10-13,-0.0021342309321325764
2017-10-16,0.0019436809117856554
2017-10-17,-0.0005002192167140383
2017-10-18,0.005283616817500214
2017-10-19,-0.002610423679539548
2017-10-20,0.007975421888276078
2017-10-23,0.008063291404290638
2017-10-24,0.0008895708295276752
2017-10-25,0.002644343977769
2017-10-26,-0.0031191091822747492
2017-10-27,0.0036664933418682506
2017-10-30,0.005821766435820663
2017-10-31,-0.0028578833463305617
2017-11-01,0.0063435573119271504
2017-11-02,-0.0037755469437289082
2017-11-03,0.0002641841416044677
2017-11-06,0.005535895780824949
2017-11-07,0.004477307106501721
2017-11-08,0.00622078474093141
2017-11-09,-0.006416209508139216
2017-11-10,-0.005723102812211106
2017-11-13,0.0022098960260182187
2017-11-14,0.005884051916805331
2017-11-15,-0.0004091006893234689
2017-11-16,0.003422311862936495
2017-11-17,0.004729376928888587
2017-11-20,0.0020475291930021444
2017-11-21,0.009311290210390576
2017-11-22,0.006927771919583328
2017-11-24,-0.0035972349267877676
2017-11-27,-0.0009478657331228932
2017-11-28,0.0038880762081724947
2017-11-29,0.0064876649875097725
2017-11-30,-0.0032258655472640527
2017-12-01,0.0026276545523958865
2017-12-04,0.00018347908469630407
2017-12-05,-0.014647199867259073
2017-12-06,-0.0030145966833095214
2017-12-07,0.004243055836288276
2017-12-08,0.014649521632682823
2017-12-11,0.00028651372353641065
2017-12-12,0.0009800965024661505
2017-12-13,0.0020540754280145876
2017-12-14,-0.0014476474748002458
2017-12-15,-0.002207599037384358
2017-12-18,0.012663696760554958
2017-12-19,0.0037447450308940033
2017-12-20,0.0023703253431288807
2017-12-21,-0.002606760567345767
2017-12-22,-0.004266162697632379
2017-12-26,-0.0006970296153309837
2017-12-27,-0.00016468677624532056
2017-12-28,0.004908777333859047
2017-12-29,0.0009489599086938396
2018-01-02,-0.0025777182724130787
2018-01-03,-0.0020919830833327985
2018-01-04,0.01177346174584729
2018-01-05,0.0011800327016374583
2018-01-08,0.005830660189459749
2018-01-09,0.009527661357529102
2018-01-10,0.005927445918130977
2018-01-11,-0.0010822185426783298
2018-01-12,0.01055572462114413
2018-01-16,0.010443401697342185
2018-01-17,-0.0056675035291620865
2018-01-18,0.01047309703040394
2018-01-19,-0.0006699308545171649
2018-01-22,0.003878581684476796
2018-01-23,0.005749560661010844
2018-01-24,0.007412903589282524
2018-01-25,-0.0016174243162303487
2018-01-26,0.0025486667447364823
2018-01-29,0.006685288687176833
2018-01-30,-0.015837642362675167
2018-01-31,0.010413652263365294
2018-02-01,-0.009793284736180737
2018-02-02,-0.0021083471470736345
2018-02-05,-0.028375422262141795
2018-02-06,-0.049265059721724264
2018-02-07,0.03504352623963872
2018-02-08,0.004391611017401053
2018-02-09,-0.035203601696611006
2018-02-12,0.011358116551847935
2018-02-13,0.0016277680406270568
2018-02-14,0.0035799923546223026
2018-02-15,0.03157927890283372
2018-02-16,-0.002364751386756161
2018-02-20,-0.005402731941364168
2018-02-21,-0.001102879842140263
2018-02-22,7.905641907295487e-05
2018-02-23,0.005145555817370005
2018-02-26,0.01001082879506995
2018-02-27,0.0030905721767791354
2018-02-28,-0.012405990954091416
2018-03-01,-0.018854491013422472
2018-03-02,-0.029075629043767547
2018-03-05,0.006230083452360142
2018-03-06,0.021401612650359687
2018-03-07,-0.009609687344437417
2018-03-08,0.014776042021116657
2018-03-09,0.014157138350023883
2018-03-12,0.017368676911612806
2018-03-13,-0.005272062784531906
2018-03-14,-0.005521780769547669
2018-03-15,-0.006070807087473418
2018-03-16,-0.004392650732322584
2018-03-19,0.0010598329329908843
2018-03-20,-0.001306057464090939
2018-03-21,0.00638391975467592
2018-03-22,-0.013555512007966376
2018-03-23,-0.017893119136049178
2018-03-26,-0.007461118135612954
2018-03-27,0.016123960408141187
2018-03-28,-0.022549617473940867
2018-03-29,-0.0038575130714298416
2018-04-02,0.009608209155173944
2018-04-03,-0.01291645480444447
2018-04-04,-0.012476651658714104
2018-04-05,0.035587059135462236
2018-04-06,-0.005778411804566836
2018-04-09,-0.005290063145704103
2018-04-10,0.009500070634728925
2018-04-11,-0.002098348077118703
2018-04-12,0.009477629380450624
2018-04-13,0.01038689358604936
2018-04-16,-0.004379412492034839
2018-04-17,0.01119443978543527
2018-04-18,0.009613323466801688
2018-04-19,-0.0030560752273960227
2018-04-20,-0.002796356554907837
2018-04-23,-0.002476031194695653
2018-04-24,-0.0009389453702272977
2018-04-25,-0.022434372085514177
2018-04-26,0.0005978410854558572
2018-04-27,0.005802329451610336
2018-04-30,-0.002375514622131779
2018-05-01,-0.014890901076220837
2018-05-02,-0.000947270142986833
2018-05-03,-0.003061505053477393
2018-05-04,0.0035331910359171796
2018-05-07,0.016758187582638542
2018-05-08,0.0037903966992141706
2018-05-09,0.009429811546849153
2018-05-10,0.014992880378379087
2018-05-11,0.0035433725390952527
2018-05-14,0.0029499617331753096
2018-05-15,-0.010041856022733336
2018-05-16,0.003241874849357794
2018-05-17,-0.0012653957554881598
2018-05-18,0.0043087018395851495
2018-05-21,0.006767863489878587
2018-05-22,0.006649079427434504
2018-05-23,-0.013622515905815893
2018-05-24,0.00870653148421822
2018-05-25,0.003940088719178947
2018-05-29,-0.007469308756266886
2018-05-30,0.003972306898416685
2018-05-31,0.01392783368492334
2018-06-01,-0.0021689830693782637
2018-06-04,0.008361506291063804
2018-06-05,0.0012987676505137676
2018-06-06,0.003994076657056877
2018-06-07,0.004316136604004347
2018-06-08,-0.008661445322912943
2018-06-11,0.004339884589909546
2018-06-12,0.003664516218765962
2018-06-13,0.003931654828475306
2018-06-14,0.0029661679779489233
2018-06-15,-0.0047408998026863625
2018-06-18,-0.005796186677025861
2018-06-19,-0.006050529232457605
2018-06-20,0.010863059387259564
2018-06-21,0.0014309164456285531
2018-06-22,-0.0023726765879229397
2018-06-25,-0.012467128191712843
2018-06-26,-0.013281260919373847
2018-06-27,0.0070516054293105835
2018-06-28,-0.010926013954691683
2018-06-29,0.012256983171924737
2018-07-02,-0.00877601031304352
2018-07-03,0.012287821256686227
2018-07-05,-0.0039506664956986005
2018-07-06,-0.006039305071764608
2018-07-09,0.015667013862077122
2018-07-10,0.006113808077449137
2018-07-11,-0.0069713651578397744
2018-07-12,0.005967418599755122
2018-07-13,0.004764733652216474
2018-07-16,-0.0015255069414582996
2018-07-17,-0.010688489153328973
2018-07-18,0.017254202381358167
2018-07-19,0.0030857268102629128
2018-07-20,-0.0009074201352959938
2018-07-23,0.001704208250856921
2018-07-24,0.004753561435231282
2018-07-25,-0.00687206044928308
2018-07-26,0.015392062538823838
2018-07-27,0.007856057949393286
2018-07-30,-0.016414333343709453
2018-07-31,-0.017157642565498742
2018-08-01,0.0023591681386346763
2018-08-02,-0.001989819155747902
2018-08-03,0.014554814548872651
2018-08-06,-0.00445630545182002
2018-08-07,0.011307995682481906
2018-08-08,0.0005604309141994438
2018-08-09,0.00017091150018753868
2018-08-10,-0.0009938037330946812
2018-08-13,0.004543587367774695
2018-08-14,-0.00010387404714516516
2018-08-15,-0.0020493049371931955
2018-08-16,-0.008006973315492303
2018-08-17,0.0014955246906438204
2018-08-20,0.0031339115273446173
2018-08-21,0.012493904772888788
2018-08-22,0.0005351512668585413
2018-08-23,0.004679300903746606
2018-08-24,0.0061865415888427925
2018-08-27,0.014160774161236598
2018-08-28,0.0016028989034296939
2018-08-29,0.0014443641041350197
2018-08-30,0.0035363553163756736
2018-08-31,-0.005663467660316094
2018-09-04,0.005241651057781314
2018-09-05,0.0008933540904987086
2018-09-06,-0.002713191036267064
2018-09-07,-0.006522599654640632
2018-09-10,0.00795768729788168
2018-09-11,-0.001389066647010162
2018-09-12,0.006401538381697702
2018-09-13,-0.001106016104246654
2018-09-14,0.0018362862264499297
2018-09-17,0.0018082540999915947
2018-09-18,-0.008364173591485521
2018-09-19,0.0063494803507059975
2018-09-20,-0.008075223580613229
2018-09-21,0.0035405117876963054
2018-09-24,0.0001008144687028843
2018-09-25,0.007298322983168893
2018-09-26,0.003790004120637725
2018-09-27,0.00023571390708175923
2018-09-28,-0.0019317496769307918
2018-10-01,0.010901932925037515
2018-10-02,-0.009386266814746745
2018-10-03,-0.004599920455875655
2018-10-04,-0.003248358241234801
2018-10-05,-0.012357052647276611
2018-10-08,-0.0086936116543474
2018-10-09,-0.0032543308741041343
2018-10-10,0.00016342287560482967
2018-10-11,-0.040316456889288324
2018-10-12,0.009428575646145581
2018-10-15,0.00039279373280177635
2018-10-16,-0.0009689237246119208
2018-10-17,0.017391782972455277
2018-10-18,-0.007314351992985443
2018-10-19,-0.006249230194933483
2018-10-22,-0.008940355381866634
2018-10-23,-0.014186823808742635
2018-10-24,0.009431923913222121
2018-10-25,-0.023008668447393958
2018-10-26,-0.002298749548848208
2018-10-29,0.014450915441560346
2018-10-30,-0.022180472352748108
2018-10-31,0.030362989125752506
2018-11-01,0.0037092578160739464
2018-11-02,-0.002
2018-11-05,0.0
2018-11-06,0.0
2018-11-07,0.0
2018-11-08,0.0
2018-11-09,0.0
2018-11-12,0.0
2018-11-13,0.0
2018-11-14,0.0
2018-11-15,0.0
2018-11-16,0.0
2018-11-19,0.0
2018-11-20,0.0
2018-11-21,0.0
2018-11-23,0.0
2018-11-26,0.0
2018-11-27,0.0
2018-11-28,0.0
2018-11-29,0.0
2018-11-30,0.0
2018-12-03,0.0
2018-12-04,-0.007192991142522717
2018-12-06,-0.030536517809624644
2018-12-07,0.008889794098230906
2018-12-10,-0.017147773977879366
2018-12-11,0.014247670300781485
2018-12-12,0.0017573656796377863
2018-12-13,0.0033485496980969185
2018-12-14,-0.010582997809715722
2018-12-17,-0.022915978589005966
2018-12-18,-0.012780412714901046
2018-12-19,-0.002703946897851139
2018-12-20,-0.016686156289618927
2018-12-21,-0.016110863911438296
2018-12-24,-0.01485435097239178
2018-12-26,-0.016340304425376283
2018-12-27,0.029019080560114527
2018-12-28,0.02816065172032267
2018-12-31,0.0036998922519617325
2019-01-02,-0.0065069258951353515
2019-01-03,-0.0019999999999999996
2019-01-04,0.0
2019-01-07,0.0
2019-01-08,0.0
2019-01-09,0.0
2019-01-10,0.0
2019-01-11,0.0
2019-01-14,0.0
2019-01-15,0.0
2019-01-16,0.0
2019-01-17,0.0
2019-01-18,0.0
2019-01-22,0.0
2019-01-23,0.0
2019-01-24,0.0
2019-01-25,0.0
2019-01-28,0.0
2019-01-29,0.0
2019-01-30,0.0
2019-01-31,0.0
2019-02-01,0.0
2019-02-04,0.0
2019-02-05,0.0
2019-02-06,0.0
2019-02-07,0.0
2019-02-08,0.0
2019-02-11,0.0
2019-02-12,0.0
2019-02-13,0.0
2019-02-14,0.0
2019-02-15,0.0
2019-02-19,0.0
2019-02-20,0.0
2019-02-21,0.0
2019-02-22,0.0
2019-02-25,0.0
2019-02-26,0.0
2019-02-27,0.0
2019-02-28,0.0
2019-03-01,0.0
2019-03-04,0.0013083301545431117
2019-03-05,-0.0032590865338647675
2019-03-06,-0.0018417595654397398
2019-03-07,-0.00761391507694969
2019-03-08,-0.006201288713479419
2019-03-11,0.0027005806154872494
2019-03-12,0.0086182424275794
2019-03-13,0.005681168913480084
2019-03-14,-0.00030877626870785943
2019-03-15,0.002950475190016778
2019-03-18,0.004863446460276734
2019-03-19,0.0010558921921565052
2019-03-20,-0.0017647944102372568
2019-03-21,-0.0019359472640299831
2019-03-22,0.011464745412084199
2019-03-25,-0.0028755841814404
2019-03-26,0.008185665173873187
2019-03-27,0.004702449122563351
2019-03-28,-0.0030765088035761335
2019-03-29,0.0005507268326834237
2019-04-01,0.006826013512131423
2019-04-02,-0.005044901845269218
2019-04-03,0.0011676525986455662
2019-04-04,-0.0008032446216099009
2019-04-05,-0.004430573532417557
2019-04-08,0.00234367289018173
2019-04-09,-0.0022558747252360138
2019-04-10,0.005435989930636022
2019-04-11,-0.0018607109735431981
2019-04-12,0.001180650665969997
2019-04-15,0.00626692984901093
2019-04-16,0.0011951540097126562
2019-04-17,-0.008413207147119482
2019-04-18,-0.010955198764198981
2019-04-22,-0.0017725881540157887
2019-04-23,0.006320792128958883
2019-04-24,0.0061412025424329355
2019-04-25,-0.0012321218074637526
2019-04-26,0.0019609202600130537
2019-04-29,0.0006922911962852574
2019-04-30,-0.003323682229236004
2019-05-01,0.009726679747139446
2019-05-02,-0.008784105647591576
2019-05-03,0.008523079928374982
2019-05-06,-0.007054555011606603
2019-05-07,0.0005900989588889262
2019-05-08,-0.005738787632524741
2019-05-09,-0.003040611425527766
2019-05-10,0.0006348940626648906
2019-05-13,0.0005503050008097503
2019-05-14,0.0036557888385356585
2019-05-15,-0.0011970066721311593
2019-05-16,0.00567228230821642
2019-05-17,0.003329900393257888
2019-05-20,-0.0011207797106885095
2019-05-21,0.000641726335656618
2019-05-22,-0.0005772830285556015
2019-05-23,-0.0010307779906740659
2019-05-24,0.002289985516140115
2019-05-28,-0.0018872281562153067
2019-05-29,-0.013019448173138767
2019-05-30,0.002442829889608322
2019-05-31,-0.002109194189914913
2019-06-03,0.0024478814407792515
2019-06-04,-0.002
2019-06-05,0.0
2019-06-06,0.0
2019-06-07,0.0
2019-06-10,0.0
2019-06-11,0.0
2019-06-12,0.0
2019-06-13,0.0
2019-06-14,0.0
2019-06-17,0.0
2019-06-18,0.0
2019-06-19,0.0
2019-06-20,0.0
2019-06-21,0.0
2019-06-24,0.0
2019-06-25,0.0
2019-06-26,0.0
2019-06-27,0.0
2019-06-28,0.0
2019-07-01,0.0
2019-07-02,-0.0010645423748932474
2019-07-03,0.008492671639302483
2019-07-05,0.0028123610817015047
2019-07-08,0.0007113380900335117
2019-07-09,-0.003353445592119036
2019-07-10,0.005941325414341377
2019-07-11,0.0018468539959360574
2019-07-12,0.0011197871172905192
2019-07-15,0.003264931836556946
2019-07-16,0.0019400028578453815
2019-07-17,-0.0018697241815828314
2019-07-18,-0.008948219931400058
2019-07-19,0.009165306110880919
2019-07-22,-0.009281205136896831
2019-07-23,0.0012962125518825788
2019-07-24,-0.00207499275333143
2019-07-25,0.0013371634120878336
2019-07-26,0.003714005057809908
2019-07-29,0.008586099226545988
2019-07-30,-0.0013305594941851915
2019-07-31,-0.0011566870291696613
2019-08-01,-0.011808584120727137
2019-08-02,-0.006931014641135422
2019-08-05,-0.01297842076186926
2019-08-06,-0.011137838075662612
2019-08-07,0.006102404843791043
2019-08-08,0.018995937776145062
2019-08-09,0.0135493268859403
2019-08-12,-0.004938118359666763
2019-08-13,-0.010665404932930582
2019-08-14,0.005370137632074597
2019-08-15,-0.012299345367478686
2019-08-16,0.013202707123998242
2019-08-19,0.014923910312003113
2019-08-20,-0.0021693225193121024
2019-08-21,0.0025237073836063603
2019-08-22,0.0038741110754950125
2019-08-23,-0.0036374555158117435
2019-08-26,-0.011660878179015101
2019-08-27,0.010683153283256325
2019-08-28,-0.003987063543786564
2019-08-29,0.013831744112559425
2019-08-30,0.00844358484770642
2019-09-03,-0.011664765155398736
2019-09-04,0.006088687400194698
2019-09-05,0.007107805115720903
2019-09-06,-0.0028127927016201137
2019-09-09,0.0033860315838125255
2019-09-10,-0.020283615626557255
2019-09-11,-0.00935764057753659
2019-09-12,0.013201989043186022
2019-09-13,-0.002238067298575785
2019-09-16,-0.004620501859743902
2019-09-17,-0.003066895871300001
2019-09-18,0.013866606047988072
2019-09-19,0.0004280034925359163
2019-09-20,0.005176025713006944
2019-09-23,-0.0033099547817159935
2019-09-24,0.006937580938528875
2019-09-25,-0.006301229108668725
2019-09-26,0.002425317712094845
2019-09-27,0.0014193863575905454
2019-09-30,-0.010354843204614553
2019-10-01,0.002028206938540212
2019-10-02,-0.011963696186905296
2019-10-03,-0.00894248978828275
2019-10-04,0.006142805262485724
2019-10-07,0.009203016694595738
2019-10-08,-0.0029952141067283826
2019-10-09,-0.0008002346037648469
2019-10-10,0.001042996644844388
2019-10-11,0.006685473175684101
2019-10-14,-0.008729893991837
2019-10-15,-0.0019156954537587125
2019-10-16,-0.005631757625595131
2019-10-17,0.006155197382670462
2019-10-18,0.0027058109410079837
2019-10-21,0.0036525951760361113
2019-10-22,-0.0014029916380259
2019-10-23,-0.007242428364173463
2019-10-24,-0.0013977701604494317
2019-10-25,0.0042460436121220775
2019-10-28,-0.009472430338115602
2019-10-29,-0.007041052595406504
2019-10-30,0.004703852526244149
2019-10-31,0.011406803735357761
2019-11-01,0.003914835205355188
2019-11-04,-0.0020823414457089356
2019-11-05,-0.020498333061945796
2019-11-06,-0.0031844084755060613
2019-11-07,0.005803001117435107
2019-11-08,-0.013348955269504272
2019-11-11,0.0024421385787391555
2019-11-12,0.0054111109276784915
2019-11-13,0.0036743198309057796
2019-11-14,0.008127003717170709
2019-11-15,0.004418845958085621
2019-11-18,0.0008425090699938907
2019-11-19,0.002116210058319009
2019-11-20,-0.0005712987928182278
2019-11-21,-0.0005724478070885344
2019-11-22,-0.006443307063485418
2019-11-25,0.0011018939000080432
2019-11-26,0.002062226406208855
2019-11-27,0.006231255045807732
2019-11-29,0.0032107915880331987
2019-12-02,-0.0049586534247367565
2019-12-03,-0.020919261345472104
2019-12-04,0.008323968562338333
2019-12-05,0.005598609855220039
2019-12-06,0.006826522911187915
2019-12-09,-0.00030511490658149205
2019-12-10,-0.0038655105956049356
2019-12-11,0.0017880482598806495
2019-12-12,0.004804241258945963
2019-12-13,0.005507862500683303
2019-12-16,0.005139495019318531
2019-12-17,0.007156953485888549
2019-12-18,0.0024656420726244426
2019-12-19,-0.003323880371630637
2019-12-20,0.008837292093460408
2019-12-23,0.0034123226344575652
2019-12-24,-0.004647928466264753
2019-12-26,0.0003270339444025176
2019-12-27,0.006028964400114007
2019-12-30,-0.003916366750287038
2019-12-31,-0.004829439973476876
2020-01-02,0.008283955154545568
2020-01-03,-0.012350084348682394
2020-01-06,-0.00457627935283776
2020-01-07,0.0029338257962739367
2020-01-08,0.0024809958398345515
2020-01-09,0.005413588422915373
2020-01-10,0.0001794045919753571
2020-01-13,-0.003182757580282404
2020-01-14,0.003474798722178566
2020-01-15,-0.00378215354514011
2020-01-16,0.0033595407847280493
2020-01-17,0.009405531601102848
2020-01-21,-0.003440200274752922
2020-01-22,0.004404603147679462
2020-01-23,0.0037823084839296007
2020-01-24,0.009409840981906172
2020-01-27,-0.034350539078676114
2020-01-28,0.01074174065311651
2020-01-29,0.011872291964893693
2020-01-30,-0.01495848004167806
2020-01-31,-0.008553868265676987
2020-02-03,-0.010879917808627081
2020-02-04,0.011236434787743886
2020-02-05,0.00913086703253549
2020-02-06,0.008373973327575062
2020-02-07,-0.0030745328233596973
2020-02-10,-0.006275768388735594
2020-02-11,0.016041874216569357
2020-02-12,0.003004859469436359
2020-02-13,-0.0005897885717019185
2020-02-14,0.005128770843089048
2020-02-18,-0.007277583370435733
2020-02-19,0.0069544607437639966
2020-02-20,0.0013089111083766144
2020-02-21,-0.001744099050299526
2020-02-24,-0.03361530394696495
2020-02-25,0.0012385344310082273
2020-02-26,-0.032149025033177986
2020-02-27,-0.025384505466659896
2020-02-28,-0.05766858556410277
2020-03-02,0.037004994016194205
2020-03-03,-0.002
2020-03-04,0.0
2020-03-05,0.0
2020-03-06,0.0
2020-03-09,0.0
2020-03-10,0.0
2020-03-11,0.0
2020-03-12,0.0
2020-03-13,0.0
2020-03-16,0.0
2020-03-17,0.0
2020-03-18,0.0
2020-03-19,0.0
2020-03-20,0.0
2020-03-23,0.0
2020-03-24,0.0
2020-03-25,0.0
2020-03-26,0.0
2020-03-27,0.0
2020-03-30,0.0
2020-03-31,0.0
2020-04-01,0.0
2020-04-02,0.0
2020-04-03,0.0
2020-04-06,0.0
2020-04-07,0.0
2020-04-08,0.0
2020-04-09,0.0
2020-04-13,0.0
2020-04-14,0.0
2020-04-15,0.0
2020-04-16,0.0
2020-04-17,0.0
2020-04-20,0.0
2020-04-21,0.0
2020-04-22,0.0
2020-04-23,0.0
2020-04-24,0.0
2020-04-27,0.0
2020-04-28,0.0
2020-04-29,0.0
2020-04-30,0.0
2020-05-01,0.0
2020-05-04,0.0
2020-05-05,0.0
2020-05-06,0.0
2020-05-07,0.0
2020-05-08,0.0
2020-05-11,0.0
2020-05-12,0.0
2020-05-13,0.0
2020-05-14,0.0
2020-05-15,0.0
2020-05-18,0.0
2020-05-19,0.0
2020-05-20,0.0
2020-05-21,0.0
2020-05-22,0.0
2020-05-26,0.0
2020-05-27,0.0
2020-05-28,0.0
2020-05-29,0.0
2020-06-01,0.0
2020-06-02,0.002421222141769544
2020-06-03,-0.0005709650000619041
2020-06-04,2.3289752430837377e-05
2020-06-05,-0.004289862598290925
2020-06-08,0.005238492765285123
2020-06-09,0.00793743704163765
2020-06-10,0.014921796358289899
2020-06-11,-0.0005291289112794553
2020-06-12,-0.021422221586297203
2020-06-15,-0.029148150467314164
2020-06-16,0.04405574907166551
2020-06-17,0.0014480017213385867
2020-06-18,-0.0036717576576738376
2020-06-19,0.010545565145117237
2020-06-22,0.004842750541927474
2020-06-23,0.011842530648943967
2020-06-24,-0.005731569613311308
2020-06-25,-0.013097958345909625
2020-06-26,0.012024457724825719
2020-06-29,-0.004845374392362175
2020-06-30,0.008280927450247269
2020-07-01,0.022081988570267625
2020-07-02,0.009306235325830713
2020-07-06,0.011651122768263678
2020-07-07,0.0038066965172125497
2020-07-08,0.011711497534478862
2020-07-09,0.005711728171021563
2020-07-10,-0.004003781742522366
2020-07-13,0.010006317128549934
2020-07-14,-0.03142798917191674
2020-07-15,0.026774038694302303
2020-07-16,-0.009340742454872996
2020-07-17,0.009347230185226128
2020-07-20,0.008355668990867442
2020-07-21,0.018132329425459528
2020-07-22,-0.010398970797805749
2020-07-23,0.003679606731585042
2020-07-24,-0.023913157044658854
2020-07-27,0.005109673604704929
2020-07-28,0.012224114077634386
2020-07-29,-0.003971503297045381
2020-07-30,-0.007641676879007615
2020-07-31,0.01660450743260183
2020-08-03,0.00521893192322666
2020-08-04,0.007035520393196545
2020-08-05,0.00982556857950982
2020-08-06,-0.00524359766329676
2020-08-07,-0.0001254443162813138
2020-08-10,-0.006005462527037391
2020-08-11,-0.014953070428536719
2020-08-12,-0.004385787776050885
2020-08-13,0.019033580437108538
2020-08-14,0.0043410526159233295
2020-08-17,0.009046428032323962
2020-08-18,0.021650515884443895
2020-08-19,-0.003738397723760142
2020-08-20,-0.009426459238815875
2020-08-21,0.012772641038810248
2020-08-24,0.009278184451205252
2020-08-25,-0.011938003644668613
2020-08-26,0.0052548740038962476
2020-08-27,0.01852481780028655
2020-08-28,-0.00557389260829837
2020-08-31,-0.0017705204101767088
2020-09-01,0.018140876836969515
2020-09-02,0.006948790478361937
2020-09-03,-0.014060146358538531
2020-09-04,-0.04102570704851374
2020-09-08,-0.035215391509815244
2020-09-09,0.009255910401489046
2020-09-10,0.018888890558641208
2020-09-11,-0.01914515428860051
2020-09-14,0.008305303001407386
2020-09-15,0.011011185670288099
2020-09-16,0.0010375533112766504
2020-09-17,-0.041034311403120624
2020-09-18,0.014400423931008285
2020-09-21,-0.024490658537127438
2020-09-22,0.02320787787966433
2020-09-23,0.013957971305952627
2020-09-24,-0.0311632354842846
2020-09-25,0.010793436322922201
2020-09-28,0.033816616880467096
2020-09-29,0.004888837597432275
2020-09-30,-0.001070310796656068
2020-10-01,0.012367601606082038
2020-10-02,-0.02412118212531076
2020-10-05,0.018722929375111007
2020-10-06,0.012947392637660794
2020-10-07,-0.005528924374654335
2020-10-08,0.01778187537228447
2020-10-09,0.005086266517858676
2020-10-12,0.019126325790997857
2020-10-13,0.002620559772355332
2020-10-14,0.008337835975386197
2020-10-15,-0.021261838209308666
2020-10-16,0.01675732650589945
2020-10-19,-0.00203290753797387
2020-10-20,-0.0139810024959128
2020-10-21,0.0014083785278913546
2020-10-22,-0.0051060041115057915
2020-10-23,0.0015311738389763192
2020-10-26,-0.0065213947799936086
2020-10-27,0.00010021247620235372
2020-10-28,-0.026565169029793712
2020-10-29,-0.00897581943487371
2020-10-30,-0.0009047295294047253
2020-11-02,-0.00225007693398662
2020-11-03,0.01721045787066705
2020-11-04,0.016384446407644384
2020-11-05,0.02207707252227566
2020-11-06,0.00595233995126453
2020-11-09,0.03045238445585912
2020-11-10,-0.04595605969211036
2020-11-11,0.007636849237978865
2020-11-12,0.00285857060197606
2020-11-13,-0.004640260760802267
2020-11-16,0.009978410016014905
2020-11-17,0.0071943161740860365
2020-11-18,0.0008167702181898825
2020-11-19,-0.0034702133314588406
2020-11-20,0.007811307502812398
2020-11-23,0.0035484228427256374
2020-11-24,0.0167883670631494
2020-11-25,0.0034893116568705017
2020-11-27,0.0062390197127974965
2020-11-30,0.0006255207973841897
2020-12-01,0.011571516859917145
2020-12-02,-0.01431528935778408
2020-12-03,0.004644273288442635
2020-12-04,-0.002182408458992288
2020-12-07,0.007956808205980624
2020-12-08,-0.000294605209906399
2020-12-09,0.00643571272501275
2020-12-10,-0.01874254686834537
2020-12-11,-4.6234890295376516e-05
2020-12-14,0.009106232064530893
2020-12-15,-0.0021206592149471755
2020-12-16,0.008613794485854965
2020-12-17,0.0040223621613235064
2020-12-18,0.007909800091404795
2020-12-21,-0.01481634582618132
2020-12-22,0.008131645337325733
2020-12-23,0.0018293663098289492
2020-12-24,-0.0009822761014980966
2020-12-28,0.010229465563598664
2020-12-29,-0.00588359161539189
2020-12-30,-0.00591657203436666
2020-12-31,0.006928532780771121
2021-01-04,0.011017771835102243
2021-01-05,-0.02115282796333506
2021-01-06,0.022604364913052476
2021-01-07,0.03129156712497202
2021-01-08,0.01297725442793737
2021-01-11,-0.01969193295706704
2021-01-12,0.019909595501662082
2021-01-13,0.011228547781322252
2021-01-14,0.00026788882500327184
2021-01-15,-0.0003467084963979868
2021-01-19,0.0015944957032352114
2021-01-20,0.008438850818188274
2021-01-21,0.0074167633793664044
2021-01-22,-0.011744159773227361
2021-01-25,0.006392450462316518
2021-01-26,-0.004239734812277251
2021-01-27,-0.037984247676037336
2021-01-28,-0.004693011033364816
2021-01-29,0.005273996798108911
2021-02-01,-0.005632118056892511
2021-02-02,0.02204292732655416
2021-02-03,0.006486107641690235
2021-02-04,-0.0011244190299480872
2021-02-05,0.016563311022836785
2021-02-08,0.008804326974104461
2021-02-09,0.0012100824145233264
2021-02-10,0.007802643038860545
2021-02-11,-0.008706005003874726
2021-02-12,-0.006314750064777659
2021-02-16,0.021444873315575867
2021-02-17,-0.010476383797239284
2021-02-18,-0.008059702928222254
2021-02-19,0.013403873806491768
2021-02-22,-0.005849920849333153
2021-02-23,-0.01850187606765696
2021-02-24,0.002252767564330551
2021-02-25,0.019078211542187702
2021-02-26,-0.021048143685161877
2021-03-01,0.011752445826607658
2021-03-02,0.0066160613981658106
2021-03-03,-0.008153879155647612
2021-03-04,-0.019776019334016508
2021-03-05,-0.01185521569380723
2021-03-08,0.007502676082205628
2021-03-09,-0.001247936931247937
2021-03-10,0.015907758659888388
2021-03-11,0.009240033036938045
2021-03-12,0.0007607566837399783
2021-03-15,0.01737277843601711
2021-03-16,0.007495716319212384
2021-03-17,-0.01477313796708494
2021-03-18,0.014396095694625381
2021-03-19,-0.019932193674949812
2021-03-22,0.004748130275027285
2021-03-23,-0.009298415381041814
2021-03-24,-0.016667255974457323
2021-03-25,-0.028495702602419605
2021-03-26,0.03558307386888813
2021-03-29,0.008845713932613212
2021-03-30,-0.009059762864101189
2021-03-31,0.018973695467033914
2021-04-01,0.011668312715745142
2021-04-05,0.02050023764864395
2021-04-06,-0.002979119969103237
2021-04-07,0.00010687441613848155
2021-04-08,-0.010755627469527684
2021-04-09,0.006235088763070315
2021-04-12,0.00426691366037055
2021-04-13,-0.00615606761670183
2021-04-14,-0.0040095269333526576
2021-04-15,0.015902038701712234
2021-04-16,0.0038870943415581505
2021-04-19,-0.006980089387819728
2021-04-20,-0.00995714596198895
2021-04-21,-0.032237493851812585
2021-04-22,0.026128125111998135
2021-04-23,-0.007884336006281911
2021-04-26,0.0254243918456785
2021-04-27,0.0050385110988366575
2021-04-28,0.00935739665646472
2021-04-29,0.013057926337988246
2021-04-30,-0.011221654710145433
2021-05-03,0.008906798345960119
2021-05-04,-0.005917279072862082
2021-05-05,0.01608147322566294
2021-05-06,0.01270361438383659
2021-05-07,0.003229887902611336
2021-05-10,0.028766486280765217
2021-05-11,-0.031010443049779405
2021-05-12,0.006398003789300138
2021-05-13,-0.026509032903378766
2021-05-14,0.023788754819196553
2021-05-17,0.012016665062535152
2021-05-18,0.015335364042672725
2021-05-19,-0.03952162462926301
2021-05-20,0.007312949485346679
2021-05-21,0.008251860153371189
2021-05-24,0.00648310353513587
2021-05-25,0.006663644305948155
2021-05-26,-0.009724961717405015
2021-05-27,0.01946529070373461
2021-05-28,0.00558493551123004
2021-06-01,0.015494630795573826
2021-06-02,0.0023242152707063394
2021-06-03,-0.012078836893600639
2021-06-04,0.010035868410051572
2021-06-07,-2.7823578928609215e-05
2021-06-08,-0.008787546836963298
2021-06-09,0.0036500730570805384
2021-06-10,-0.0022893467782441413
2021-06-11,-0.016753948174610116
2021-06-14,0.002488237029189978
2021-06-15,-0.012032006111779391
2021-06-16,0.0018673995622994865
2021-06-17,0.003818037314440632
2021-06-18,-0.05407883252725805
2021-06-21,0.0035589625890876113
2021-06-22,0.020166472747952496
2021-06-23,0.008423395839591194
2021-06-24,0.007935237912405649
2021-06-25,0.015868548696993136
2021-06-28,-0.00043846539364123427
2021-06-29,-0.003117833867500682
2021-06-30,-0.008554097106892075
2021-07-01,0.018188835105144123
2021-07-02,-0.0007504679813686488
2021-07-06,-0.004320743411246649
2021-07-07,-0.025695832305671035
2021-07-08,-0.021423565031860207
2021-07-09,0.024481342954361614
2021-07-12,0.003384416286436103
2021-07-13,0.012807087410980873
2021-07-14,-0.0059934757256663255
2021-07-15,-0.024885883817050824
2021-07-16,0.011493221194230662
2021-07-19,-0.05343282458955613
2021-07-20,-0.0008969395694631546
2021-07-21,0.042388502341549256
2021-07-22,0.011829769152694807
2021-07-23,-0.007472700281235327
2021-07-26,-0.002685764823891404
2021-07-27,0.0008384334894619382
2021-07-28,0.009134432133159922
2021-07-29,0.009570458208769202
2021-07-30,-0.00233438662319587
2021-08-02,-0.0016811194611638935
2021-08-03,-0.007219781593394212
2021-08-04,0.0032787489338906707
2021-08-05,0.002567685699122695
2021-08-06,0.01525809160078902
2021-08-09,-0.0018157480125569152
2021-08-10,0.007604141189574863
2021-08-11,0.01589590372102126
2021-08-12,0.004955606692057218
2021-08-13,0.00656518883073945
2021-08-16,-0.015195021131911082
2021-08-17,-0.009521555079009337
2021-08-18,-0.00618476543153448
2021-08-19,-0.022576719455524818
2021-08-20,-0.0006949074065036134
2021-08-23,0.02462922399629176
2021-08-24,0.011035783185330278
2021-08-25,0.006556161396111502
2021-08-26,0.008600451054715257
2021-08-27,-0.0023035680622144196
2021-08-30,0.014836507480197207
2021-08-31,-0.01375637405648716
2021-09-01,-0.004715135136740677
2021-09-02,-0.001604272688359993
2021-09-03,-0.0038591866956926187
2021-09-07,0.00018905177061828991
2021-09-08,-0.01147493059984
2021-09-09,0.005579474997777329
2021-09-10,0.0026846484143369194
2021-09-13,-0.005586287848741161
2021-09-14,-0.005982351961348035
2021-09-15,-0.004606824968362212
2021-09-16,0.010156288359948803
2021-09-17,-0.001471880637919756
2021-09-20,-0.026461358872143546
2021-09-21,0.010307912771171794
2021-09-22,0.0028608560119388424
2021-09-23,0.0071731192490272775
2021-09-24,0.0007913859641535608
2021-09-27,0.0008773904226614391
2021-09-28,-0.014997592600341128
2021-09-29,-0.011175890440212461
2021-09-30,0.003600240941445668
2021-10-01,-0.01411082662320503
2021-10-04,0.00042307740544013546
2021-10-05,-0.008526927248367455
2021-10-06,0.0008492237389022537
2021-10-07,0.02083478219881621
2021-10-08,0.005473873043641476
2021-10-11,-0.004025934579809448
2021-10-12,0.0008093647672909589
2021-10-13,0.0007696264799400795
2021-10-14,0.01313830625554217
2021-10-15,0.016389248522670728
2021-10-18,-0.005223135766951595
2021-10-19,0.012814981561275541
2021-10-20,0.009075549524277544
2021-10-21,-0.0003162257106564572
2021-10-22,0.002568908552630067
2021-10-25,0.007845918890902215
2021-10-26,0.0007605116133372965
2021-10-27,-0.0030229772776401253
2021-10-28,-0.0019344132302607866
2021-10-29,0.008901423239458407
2021-11-01,0.011615267831674986
2021-11-02,-0.007195713536427193
2021-11-03,0.0040227610612056834
2021-11-04,0.0020639627311645893
2021-11-05,0.0034079760248155438
2021-11-08,0.0035384108008257257
2021-11-09,-0.002848098850951975
2021-11-10,-0.0020855693211050165
2021-11-11,-0.007239386171491799
2021-11-12,0.00017934119773801096
2021-11-15,0.0068158419911888155
2021-11-16,-0.0003234307587373424
2021-11-17,0.0021716575341890346
2021-11-18,-0.008126638834224044
2021-11-19,0.0016983587808963902
2021-11-22,-0.006695627380182595
2021-11-23,0.006569868871595903
2021-11-24,0.005725517968000911
2021-11-26,-0.01595588098481518
2021-11-29,0.011979715219984617
2021-11-30,-0.012058535139612763
2021-12-01,0.0012008050233483674
2021-12-02,-0.03418421631598068
2021-12-03,0.027723995962839188
2021-12-06,-0.011352138226851622
2021-12-07,0.013173265326046051
2021-12-08,0.015056839149618239
2021-12-09,-0.005940552548606115
2021-12-10,0.007539009571988632
2021-12-13,0.0027524823289321876
2021-12-14,-0.02087137441337876
2021-12-15,-0.0038529641792013486
2021-12-16,0.023461065352093326
2021-12-17,-0.024497697423145656
2021-12-20,-0.02126574098532114
2021-12-21,0.013997944698701515
2021-12-22,0.00844295620270791
2021-12-23,0.01765206662607566
2021-12-27,0.0050009525979487005
2021-12-28,0.02109913692038662
2021-12-29,-0.004522743527581901
2021-12-30,0.0019081813149522567
2021-12-31,-0.009039276461438542
2022-01-03,0.0026793530503057836
2022-01-04,-0.009283692494836938
2022-01-05,0.005520218615082638
2022-01-06,-0.014762322207085583
2022-01-07,0.00434631646287742
2022-01-10,-0.018275162611943327
2022-01-11,0.003649764684333191
2022-01-12,0.013275935922771742
2022-01-13,0.003227240463091423
2022-01-14,-0.024398258820806484
2022-01-18,-0.009551775510017513
2022-01-19,0.0008105841058882143
2022-01-20,-0.012283274355753387
2022-01-21,-0.017247171684673886
2022-01-24,-0.02987359671119776
2022-01-25,0.011041023445027318
2022-01-26,0.022703257565128594
2022-01-27,-0.008024270088440562
2022-01-28,-0.01334892806837984
2022-01-31,0.017910055597308357
2022-02-01,0.018437995424256063
2022-02-02,0.004235097448677741
2022-02-03,0.011679819405305348
2022-02-04,-0.006090050809982241
2022-02-07,0.0006292908181074366
2022-02-08,-0.0032892974044201545
2022-02-09,0.00825332542932609
2022-02-10,-0.006853645074548262
2022-02-11,-0.00021225850694670792
2022-02-14,-0.008291960097358731
2022-02-15,-0.0013575753450908198
2022-02-16,0.00018525738478681735
2022-02-17,0.005081015786734646
2022-02-18,-0.008607742046347979
2022-02-22,0.005143914915304294
2022-02-23,-0.0127258925730802
2022-02-24,-0.02613717916074989
2022-02-25,0.016493003191652457
2022-02-28,0.0130512586536579
2022-03-01,0.018173136206277432
2022-03-02,-0.002
2022-03-03,0.0
2022-03-04,0.0
2022-03-07,0.0
2022-03-08,0.0
2022-03-09,0.0
2022-03-10,0.0
2022-03-11,0.0
2022-03-14,0.0
2022-03-15,0.0
2022-03-16,0.0
2022-03-17,0.0
2022-03-18,0.0
2022-03-21,0.0
2022-03-22,0.0
2022-03-23,0.0
2022-03-24,0.0
2022-03-25,0.0
2022-03-28,0.0
2022-03-29,0.0
2022-03-30,0.0
2022-03-31,0.0
2022-04-01,0.0
2022-04-04,0.006818595723562989
2022-04-05,-0.005176449275806995
2022-04-06,-0.0037655996501479608
2022-04-07,0.007508240025691827
2022-04-08,0.01729633833282246
2022-04-11,0.005897082677155762
2022-04-12,-0.006185610366604848
2022-04-13,0.0070872063814570625
2022-04-14,-0.0016329681552900396
2022-04-18,0.0050469619781530395
2022-04-19,0.002757269744686828
2022-04-20,0.0038717197626818487
2022-04-21,0.0086025986618076
2022-04-22,-0.024733430086212226
2022-04-25,-0.035632492371563323
2022-04-26,-0.0013421807890070523
2022-04-27,0.0038519730756205843
2022-04-28,0.007551680027388108
2022-04-29,0.009286430507386065
2022-05-02,-0.029288891484652295
2022-05-03,-0.002
2022-05-04,0.0
2022-05-05,0.0
2022-05-06,0.0
2022-05-09,0.0
2022-05-10,0.0
2022-05-11,0.0
2022-05-12,0.0
2022-05-13,0.0
2022-05-16,0.0
2022-05-17,0.0
2022-05-18,0.0
2022-05-19,0.0
2022-05-20,0.0
2022-05-23,0.0
2022-05-24,0.0
2022-05-25,0.0
2022-05-26,0.0
2022-05-27,0.0
2022-05-31,0.0
2022-06-01,0.0
2022-06-02,0.0
2022-06-03,0.0
2022-06-06,0.0
2022-06-07,0.0
2022-06-08,0.0
2022-06-09,0.0
2022-06-10,0.0
2022-06-13,0.0
2022-06-14,0.0
2022-06-15,0.0
2022-06-16,0.0
2022-06-17,0.0
2022-06-21,0.0
2022-06-22,0.0
2022-06-23,0.0
2022-06-24,0.0
2022-06-27,0.0
2022-06-28,0.0
2022-06-29,0.0
2022-06-30,0.0
2022-07-01,0.0
2022-07-05,0.0
2022-07-06,0.0
2022-07-07,0.0
2022-07-08,0.0
2022-07-11,0.0
2022-07-12,0.0
2022-07-13,0.0
2022-07-14,0.0
2022-07-15,0.0
2022-07-18,0.0
2022-07-19,0.0
2022-07-20,0.0
2022-07-21,0.0
2022-07-22,0.0
2022-07-25,0.0
2022-07-26,0.0
2022-07-27,0.0
2022-07-28,0.0
2022-07-29,0.0
2022-08-01,0.0
2022-08-02,0.0
2022-08-03,0.0
2022-08-04,0.0
2022-08-05,0.0
2022-08-08,0.0
2022-08-09,0.0
2022-08-10,0.0
2022-08-11,0.0
2022-08-12,0.0
2022-08-15,0.0
2022-08-16,0.0
2022-08-17,0.0
2022-08-18,0.0
2022-08-19,0.0
2022-08-22,0.0
2022-08-23,0.0
2022-08-24,0.0
2022-08-25,0.0
2022-08-26,0.0
2022-08-29,0.0
2022-08-30,0.0
2022-08-31,0.0
2022-09-01,0.0
2022-09-02,0.0
2022-09-06,0.0
2022-09-07,0.0
2022-09-08,0.0
2022-09-09,0.0
2022-09-12,0.0
2022-09-13,0.0
2022-09-14,0.0
2022-09-15,0.0
2022-09-16,0.0
2022-09-19,0.0
2022-09-20,0.0
2022-09-21,0.0
2022-09-22,0.0
2022-09-23,0.0
2022-09-26,0.0
2022-09-27,0.0
2022-09-28,0.0
2022-09-29,0.0
2022-09-30,0.0
2022-10-03,0.0
2022-10-04,0.0
2022-10-05,0.0
2022-10-06,0.0
2022-10-07,0.0
2022-10-10,0.0
2022-10-11,0.0
2022-10-12,0.0
2022-10-13,0.0
2022-10-14,0.0
2022-10-17,0.0
2022-10-18,0.0
2022-10-19,0.0
2022-10-20,0.0
2022-10-21,0.0
2022-10-24,0.0
2022-10-25,0.0
2022-10-26,0.0
2022-10-27,0.0
2022-10-28,0.0
2022-10-31,0.0
2022-11-01,0.0
2022-11-02,0.0
2022-11-03,0.0
2022-11-04,0.0
2022-11-07,0.0
2022-11-08,0.0
2022-11-09,0.0
2022-11-10,0.0
2022-11-11,0.0
2022-11-14,0.0
2022-11-15,0.0
2022-11-16,0.0
2022-11-17,0.0
2022-11-18,0.0
2022-11-21,0.0
2022-11-22,0.0
2022-11-23,0.0
2022-11-25,0.0
2022-11-28,0.0
2022-11-29,0.0
2022-11-30,0.0
2022-12-01,0.0
2022-12-02,-0.017428092514977574
2022-12-05,0.006468026917847812
2022-12-06,-0.008159575632779359
2022-12-07,-0.00922824887033796
2022-12-08,0.006734472848925891
2022-12-09,-0.004537223057430331
2022-12-12,-0.012764464205197237
2022-12-13,0.020505230739105287
2022-12-14,-0.018416349431001046
2022-12-15,-0.008030110808436885
2022-12-16,-0.015912881673936365
2022-12-19,0.005858148821405437
2022-12-20,-0.0020765938200885316
2022-12-21,0.007390681912946306
2022-12-22,0.0025536067469346113
2022-12-23,-0.0037319059739979923
2022-12-27,0.010779010981428888
2022-12-28,-0.0008918338166709108
2022-12-29,-0.007007532519677669
2022-12-30,-0.0016694527363298626
2023-01-03,-0.003147413608917373
2023-01-04,-0.002
2023-01-05,0.0
2023-01-06,0.0
2023-01-09,0.0
2023-01-10,0.0
2023-01-11,0.0
2023-01-12,0.0
2023-01-13,0.0
2023-01-17,0.0
2023-01-18,0.0
2023-01-19,0.0
2023-01-20,0.0
2023-01-23,0.0
2023-01-24,0.0
2023-01-25,0.0
2023-01-26,0.0
2023-01-27,0.0
2023-01-30,0.0
2023-01-31,0.0
2023-02-01,0.0
2023-02-02,-0.012894134344882313
2023-02-03,-0.009235791110455652
2023-02-06,-0.0031512783373770555
2023-02-07,0.0008743838220724659
2023-02-08,0.007215777287020734
2023-02-09,0.007827456946501062
2023-02-10,-0.005876111304352378
2023-02-13,0.013741452331751903
2023-02-14,0.0047972265672922626
2023-02-15,-0.005055778756179443
2023-02-16,-0.004293220117014839
2023-02-17,-0.004073005280482662
2023-02-21,-0.0021853840531604065
2023-02-22,-0.004751929271849309
2023-02-23,0.00012332483715678548
2023-02-24,-0.010708128912954374
2023-02-27,0.008706169720418074
2023-02-28,-0.002746883706461879
2023-03-01,-0.012628438946733968
2023-03-02,0.005130628525124602
2023-03-03,0.011360178730248222
2023-03-06,0.00992162572853515
2023-03-07,0.004393581500760066
2023-03-08,-0.012822825573310284
2023-03-09,-7.251256237261316e-05
2023-03-10,-0.02357265462625795
2023-03-13,-0.02820454635598443
2023-03-14,0.01400377368608308
2023-03-15,-0.019384282550460624
2023-03-16,-0.012984272537226246
2023-03-17,0.016487107773873036
2023-03-20,-0.008414835720702833
2023-03-21,0.025519743517526706
2023-03-22,0.004405788254057946
2023-03-23,-0.014641259686588276
2023-03-24,-0.016175266541952667
2023-03-27,0.016327406189745094
2023-03-28,0.0031892375277446728
2023-03-29,0.015611366212081496
2023-03-30,0.012295462461923277
2023-03-31,0.0017724703326372677
2023-04-03,0.017752072376566792
2023-04-04,0.005368214628656682
2023-04-05,-0.025657501525243584
2023-04-06,-0.009322002768336793
2023-04-10,-0.0036530376076563875
2023-04-11,0.012374913337436991
2023-04-12,0.005444561189768129
2023-04-13,0.0005894786452786574
2023-04-14,0.000344177601941971
2023-04-17,0.005535944670071868
2023-04-18,0.009336898721710788
2023-04-19,-0.001775428082383464
2023-04-20,-0.0027839232631264046
2023-04-21,0.005642435053189123
2023-04-24,-0.0011894712498205769
2023-04-25,0.0007063803061542193
2023-04-26,-0.012578267052731008
2023-04-27,-0.007390027146982737
2023-04-28,0.011822005066573285
2023-05-01,0.009202429430666653
2023-05-02,-0.007970394131675008
2023-05-03,-0.00673183124943845
2023-05-04,-0.013808507765718167
2023-05-05,-0.0010380115620298284
2023-05-08,0.0064448695325235155
2023-05-09,0.002845409769719476
2023-05-10,0.005900486563695022
2023-05-11,-0.010937479562926806
2023-05-12,0.005806404704346351
2023-05-15,-0.004761145496899181
2023-05-16,0.00242743502900314
2023-05-17,-0.0014132487211727905
2023-05-18,0.007402210109049339
2023-05-19,0.01723851504752406
2023-05-22,-0.003908322356837468
2023-05-23,-0.011642645060525012
2023-05-24,-0.01927595894919866
2023-05-25,-0.0010355337591598302
2023-05-26,0.008244063505246067
2023-05-30,0.010951217024279765
2023-05-31,-0.008683107801437825
2023-06-01,-0.0003787049267700766
2023-06-02,0.010524180840974479
2023-06-05,0.007209804946552795
2023-06-06,0.0014212345473869096
2023-06-07,-0.004545451500092087
2023-06-08,-0.013392814712877801
2023-06-09,0.015356073717636618
2023-06-12,0.005919846161550434
2023-06-13,0.01134697778273606
2023-06-14,0.00235155827719471
2023-06-15,0.001134416845227883
2023-06-16,0.019319510037418816
2023-06-20,-0.011984920261896941
2023-06-21,-0.00010812542540358154
2023-06-22,0.000891663878337583
2023-06-23,0.0002751700515363801
2023-06-26,-0.0005998792420021924
2023-06-27,-0.004350624842954063
2023-06-28,0.007255695131839435
2023-06-29,0.003157594671496716
2023-06-30,0.008714219269160993
2023-07-03,0.00015185607673056007
2023-07-05,-0.005006971102186487
2023-07-06,-0.005394172368942907
2023-07-07,-0.0037634190962663326
2023-07-10,-0.0020063892489866567
2023-07-11,0.009221886727228871
2023-07-12,0.012048232638233784
2023-07-13,0.00848795141471846
2023-07-14,0.0049522232231835415
2023-07-17,-0.0039961733910343755
2023-07-18,0.006485749194189877
2023-07-19,0.012164951989621434
2023-07-20,-0.0079432822332545
2023-07-21,-0.0009667808999707002
2023-07-24,-0.006535985210429851
2023-07-25,-0.0012815205815533482
2023-07-26,0.004859336081649833
2023-07-27,0.009855878002703192
2023-07-28,-0.008202751978474991
2023-07-31,0.0030742277325996117
2023-08-01,-0.0021488970047105096
2023-08-02,0.0070252343934440326
2023-08-03,-0.012838251580245165
2023-08-04,0.0037640319093846506
2023-08-07,-0.003016208302750463
2023-08-08,-1.599449540093216e-06
2023-08-09,-6.870226470862277e-05
2023-08-10,-0.010343316902133227
2023-08-11,-0.006989050447439448
2023-08-14,-0.0008828084013812378
2023-08-15,0.011784673200681809
2023-08-16,-0.0033569868935562157
2023-08-17,-0.009478532372702629
2023-08-18,-0.02790005417655642
2023-08-21,0.020237989089657175
2023-08-22,0.011995403769562455
2023-08-23,-0.006561851370259634
2023-08-24,0.01606630385006649
2023-08-25,-0.016876969783659213
2023-08-28,0.012357340223256694
2023-08-29,0.004736075854317592
2023-08-30,0.01964479549525497
2023-08-31,0.0055080326157598905
2023-09-01,0.00313581946395152
2023-09-05,-0.010259914155913543
2023-09-06,-0.008861625382747436
2023-09-07,-0.01005271525324738
2023-09-08,0.006547866298093376
2023-09-11,0.00553781019131103
2023-09-12,0.0003833193476718503
2023-09-13,-0.010792400714281891
2023-09-14,-0.0007349435742509585
2023-09-15,0.003879417960136668
2023-09-18,-0.017064972140829797
2023-09-19,0.0015169211964848762
2023-09-20,0.0029163818769331676
2023-09-21,-0.023198461970209076
2023-09-22,-0.005803122814465797
2023-09-25,-0.007383983357565744
2023-09-26,0.0009397247653426582
2023-09-27,-0.0018728187389628623
2023-09-28,-0.0023173684586873565
2023-09-29,0.022862375950010907
2023-10-02,-0.014066229360462323
2023-10-03,-0.008554981948748059
2023-10-04,-0.011914367132171132
2023-10-05,0.007369330027455733
2023-10-06,-0.005709073711564145
2023-10-09,0.017353495209376388
2023-10-10,0.014174926799369051
2023-10-11,0.007605904576741122
2023-10-12,0.003135611012525092
2023-10-13,-0.008414488542338311
2023-10-16,-0.013370342815194128
2023-10-17,-0.0033915749365671845
2023-10-18,-0.0001506378356466361
2023-10-19,-0.013499306902611516
2023-10-20,-0.015557746798434177
2023-10-23,-0.016178931585736196
2023-10-24,0.017105296003242294
2023-10-25,0.0033788673715378615
2023-10-26,-0.022046892477246532
2023-10-27,-0.014635340280836386
2023-10-30,0.006019269295558849
2023-10-31,0.009792849296219229
2023-11-01,0.008803334707718883
2023-11-02,-0.002
2023-11-03,0.0
2023-11-06,0.0
2023-11-07,0.0
2023-11-08,0.0
2023-11-09,0.0
2023-11-10,0.0
2023-11-13,0.0
2023-11-14,0.0
2023-11-15,0.0
2023-11-16,0.0
2023-11-17,0.0
2023-11-20,0.0
2023-11-21,0.0
2023-11-22,0.0
2023-11-24,0.0
2023-11-27,0.0
2023-11-28,0.0
2023-11-29,0.0
2023-11-30,0.0
2023-12-01,0.0
2023-12-04,-0.002290033993534375
2023-12-05,-0.0021540965817825144
2023-12-06,0.0039471705272312255
2023-12-07,-0.010204739636922262
2023-12-08,0.0016485461116469515
2023-12-11,0.010953274421488204
2023-12-12,0.007099943125725849
2023-12-13,0.008185039572700312
2023-12-14,0.0023478880028400314
2023-12-15,-0.020198091885668214
2023-12-18,0.010859043753917552
2023-12-19,0.004192050009378112
2023-12-20,-0.0038007061351737065
2023-12-21,-0.0029130684985962147
2023-12-22,0.009392790592801206
2023-12-26,0.0010874254031757271
2023-12-27,0.0031379463666986783
2023-12-28,0.0038869154573514387
2023-12-29,0.0011520119084617634
2024-01-02,-0.006141983194430581
2024-01-03,-0.02796495489506162
2024-01-04,-0.004125090242560742
2024-01-05,0.001990858129387652
2024-01-08,0.007020707555715932
2024-01-09,0.013610172960464975
2024-01-10,0.012026836609015065
2024-01-11,0.011435888840848346
2024-01-12,0.005760065249076829
2024-01-16,-0.00031612840738892245
2024-01-17,0.0008223743793362717
2024-01-18,0.008326882016288773
2024-01-19,0.009455483500450796
2024-01-22,0.027229635494109124
2024-01-23,-0.003942157111191229
2024-01-24,0.011544287849592987
2024-01-25,0.006860969507769446
2024-01-26,-0.008430011199803182
2024-01-29,0.0035192402869531256
2024-01-30,0.009842269223313788
2024-01-31,-0.010237024662062458
2024-02-01,-0.0020871939180681968
2024-02-02,0.0145408871764692
2024-02-05,0.0058345196961571465
2024-02-06,0.0038634055385068453
2024-02-07,-0.00018240755889985163
2024-02-08,0.011630928047861883
2024-02-09,0.00450437684257326
2024-02-12,0.0018010311587658933
2024-02-13,-0.01849055796246169
2024-02-14,0.020743317408583928
2024-02-15,0.011817835129631225
2024-02-16,-0.0010257895512773283
2024-02-20,-0.007633327876691421
2024-02-21,-0.014196554381883376
2024-02-22,0.026316045141594954
2024-02-23,0.008076154360810921
2024-02-26,0.0028048331969870296
2024-02-27,0.003143514380286548
2024-02-28,-0.002975308042576438
2024-02-29,0.014594176927400244
2024-03-01,0.016481147864832246
2024-03-04,0.01161464107030343
2024-03-05,-0.004027299749952218
2024-03-06,0.012402500897954832
2024-03-07,-0.0016240340275781168
2024-03-08,7.547183636655763e-05
2024-03-11,-0.019409519069587294
2024-03-12,0.0030998975389850093
2024-03-13,0.010102962144106959
2024-03-14,0.00030076426879148866
2024-03-15,-0.017643981210175276
2024-03-18,0.004890705787604172
2024-03-19,-0.004222353281006141
2024-03-20,0.012136098483667413
2024-03-21,0.02879976415234842
2024-03-22,0.0009428237934653403
2024-03-25,-0.006883293632444415
2024-03-26,0.010582842338998338
2024-03-27,0.006292898473270377
2024-03-28,-0.006849320164060355
2024-04-01,0.002692681987042926
2024-04-02,-0.017370546749032097
2024-04-03,0.0007704533616967695
2024-04-04,0.020957962645898234
2024-04-05,-0.022203307129276928
2024-04-08,0.01571291893991502
2024-04-09,-0.0015020573190985308
2024-04-10,-0.024506429995578134
2024-04-11,0.009949744967624262
2024-04-12,-0.004455104098327634
2024-04-15,0.0032314030720738685
2024-04-16,-0.029002196943651616
2024-04-17,0.008837889699281277
2024-04-18,-0.010860187731513735
2024-04-19,-0.0053799174442581334
2024-04-22,-0.0019124121791361756
2024-04-23,0.0065735158329912665
2024-04-24,0.02124012210144978
2024-04-25,-0.022782062946642232
2024-04-26,0.019083052920088026
2024-04-29,0.012118250629723982
2024-04-30,-0.007705940325783339
2024-05-01,-0.01175884612936079
2024-05-02,0.021245733939604796
2024-05-03,0.01617511028572526
2024-05-06,0.008941639037592061
2024-05-07,0.010353928393427959
2024-05-08,-0.020746371093127602
2024-05-09,0.01755691075161222
2024-05-10,0.01977567989149841
2024-05-13,-0.0037460590497635643
2024-05-14,-0.015892634135226673
2024-05-15,0.02133183399758238
2024-05-16,0.011030317771726677
2024-05-17,-0.010091335301800397
2024-05-20,-0.003478781908821236
2024-05-21,0.0004227782001892848
2024-05-22,0.008375372470480386
2024-05-23,0.00773533541600889
2024-05-24,-0.01519468627813025
2024-05-28,0.021817758484532334
2024-05-29,-0.01732268058628782
2024-05-30,0.002719765740533314
2024-05-31,-0.004044696971214301
2024-06-03,0.001867921470451196
2024-06-04,-0.022197003174104966
2024-06-05,0.0008826260898624808
2024-06-06,0.011504493127145358
2024-06-07,-0.015710345149689033
2024-06-10,-0.0008955679658865326
2024-06-11,0.007518395362847286
2024-06-12,0.005164019860839081
2024-06-13,-0.003878658602999514
2024-06-14,-0.009878325754437445
2024-06-17,-0.00354451684192072
2024-06-18,0.01459592175509563
2024-06-20,0.014520964514641141
2024-06-21,-0.013215394400230953
2024-06-24,0.0008807177225420709
2024-06-25,0.005217015179929013
2024-06-26,-0.002450612832506698
2024-06-27,-0.004666390100389124
2024-06-28,0.006060693949221841
2024-07-01,0.007841879636075803
2024-07-02,-0.008094696139825342
2024-07-03,0.014094287431914194
2024-07-05,0.00647299836956111
2024-07-08,-0.0015841732974392665
2024-07-09,0.0006942614915491141
2024-07-10,0.008471938184302188
2024-07-11,0.004747139686241051
2024-07-12,-0.012113401320953655
2024-07-15,0.007638023700824009
2024-07-16,0.006120964441056398
2024-07-17,-0.010417296907801174
2024-07-18,-0.014134202646979885
2024-07-19,-0.0187234957071538
2024-07-22,0.0023881095357067006
2024-07-23,0.004516656960060364
2024-07-24,-0.007327475217978418
2024-07-25,-0.022790917309077598
2024-07-26,0.005005035630255936
2024-07-29,0.007650912752226766
2024-07-30,-0.008350569530146693
2024-07-31,0.01311759284555445
2024-08-01,-0.003317743024020667
2024-08-02,-0.027237666431529025
2024-08-05,-0.05116139060174535
2024-08-06,0.025480573712660402
2024-08-07,0.026812937429122972
2024-08-08,-0.011097368887924116
2024-08-09,0.01849526480635035
2024-08-12,0.01053418873147966
2024-08-13,0.0033007720261738756
2024-08-14,0.009079752822652951
2024-08-15,0.02048316170437445
2024-08-16,0.001006880500118929
2024-08-19,0.006260387248823468
2024-08-20,0.007386770765201898
2024-08-21,0.0033058861884961853
2024-08-22,0.006797903074098671
2024-08-23,0.0014375387392996052
2024-08-26,0.006906460361047528
2024-08-27,-0.0029081459210970875
2024-08-28,0.006284323651718433
2024-08-29,-0.005020105090359606
2024-08-30,0.0032114081992172475
2024-09-03,0.002453632261553716
2024-09-04,-0.003306518261995099
2024-09-05,0.007616145439342057
2024-09-06,-0.008581824986315692
2024-09-09,-0.008311821222126958
2024-09-10,0.010685325810874667
2024-09-11,-0.010749777271326907
2024-09-12,0.0034544584424771735
2024-09-13,0.00815214058331884
2024-09-16,0.011108671123162625
2024-09-17,0.0052539392686762375
2024-09-18,-0.003693284707359537
2024-09-19,0.005739870121155718
2024-09-20,-0.0020944762472519573
2024-09-23,0.006484553327560986
2024-09-24,0.00016948332673861086
2024-09-25,0.004498223660831907
2024-09-26,-0.005425428679864826
2024-09-27,0.0015191934351537898
2024-09-30,-0.00022090535381477162
2024-10-01,0.003966790439187851
2024-10-02,-0.005805892715181085
2024-10-03,-0.001058141405326336
2024-10-04,0.0009913189726439655
2024-10-07,-0.0016600177947577919
2024-10-08,0.0007120858117728355
2024-10-09,0.005521906953625208
2024-10-10,0.006356956050957365
2024-10-11,0.0006419122734335895
2024-10-14,0.007574306491452919
2024-10-15,0.010879751180831204
2024-10-16,0.00042526315050662544
2024-10-17,0.008770422447909754
2024-10-18,-0.0002835924348742984
2024-10-21,0.003232676028260842
2024-10-22,-0.006804844435420078
2024-10-23,-0.002930340115882436
2024-10-24,-0.0024614945595693855
2024-10-25,-0.005377511489366778
2024-10-28,-0.007255394634570515
2024-10-29,-0.0006261978948653759
2024-10-30,-9.249706641075816e-05
2024-10-31,0.0016404364318096478
2024-11-01,-0.00033079005427352325
2024-11-04,-0.012181331022802232
2024-11-05,0.007696590804087286
2024-11-06,0.03960675847036742
2024-11-07,0.016512577528879375
2024-11-08,0.011575250250371445
2024-11-11,0.023239830473058536
2024-11-12,-0.002305871323029915
2024-11-13,-0.001364341616833709
2024-11-14,-0.004023482473406655
2024-11-15,-0.008834887618884105
2024-11-18,0.004365726002346299
2024-11-19,-0.0020344211461851185
2024-11-20,0.013735968281330632
2024-11-21,0.00014954607231761538
2024-11-22,0.007746682925690154
2024-11-25,0.0209423443149782
2024-11-26,-0.006043249919136869
2024-11-27,0.008399008994410054
2024-11-29,0.0014694320918485263
2024-12-02,0.0008764950556553185
2024-12-03,-0.00819595732225163
2024-12-04,0.005891622333823092
2024-12-05,0.00446363461304806
2024-12-06,0.0022352632830911676
2024-12-09,0.00769860328756304
2024-12-10,-0.02363887612540779
2024-12-11,0.004207484542175769
2024-12-12,0.00010170712776152999
2024-12-13,0.0022058746599134538
2024-12-16,0.0018458332339387803
2024-12-17,-0.003376585616958325
2024-12-18,-0.005294191665702575
2024-12-19,-0.026214838678108608
2024-12-20,-0.02139268300960391
2024-12-23,0.019946320536015867
2024-12-24,0.003823614816007274
2024-12-26,0.007047421933313858
2024-12-27,-0.002025776013442837
2024-12-30,-0.018276273205116888
2024-12-31,0.005677309511135843
2025-01-02,-0.0031950392562066867
2025-01-03,0.0009472034234308925
2025-01-06,0.018698597573903134
2025-01-07,-0.003816814730097863
2025-01-08,-0.012241586783827807
2025-01-10,-0.006374591715457984
2025-01-13,-0.019101779356075453
2025-01-14,0.014307171196376773
2025-01-15,0.022249895299353957
2025-01-16,0.0024522089927512857
2025-01-17,0.017037637883711248
2025-01-21,0.013565803216062908
2025-01-22,0.028558040272250788
2025-01-23,-0.004017807744560829
2025-01-24,0.011888859021733622
2025-01-27,-0.018802667905803972
2025-01-28,-0.0006316423576119423
2025-01-29,0.01098251441780418
2025-01-30,0.00801691670242557
2025-01-31,0.00714908982446424
2025-02-03,-0.020307705846649246
2025-02-04,0.03347857276870775
2025-02-05,0.003948696179636667
2025-02-06,0.010679869820794774
2025-02-07,0.004075528623667751
2025-02-10,-0.0018556687390245963
2025-02-11,-0.0038902637852603287
2025-02-12,-0.012388752160397407
2025-02-13,0.030557429951348046
2025-02-14,0.005784959874144009
2025-02-18,0.012321513740281906
2025-02-19,-0.0010088186923303676
2025-02-20,-0.017722545700582213
2025-02-21,-0.009481109535746149
2025-02-24,-0.02723748154943546
2025-02-25,-0.012229967359787753
2025-02-26,-0.013327614239945594
2025-02-27,0.011717532960582986
2025-02-28,-0.028566212290175422
2025-03-03,0.040023978656687206
2025-03-04,-0.034164004212524045
2025-03-05,-0.011558333231134841
2025-03-06,-0.009377874314178964
2025-03-07,-0.035188162115640624
2025-03-10,-0.01427297399620167
2025-03-11,-0.019361983954813214
2025-03-12,0.03487244593028439
2025-03-13,-0.009583972291533916
2025-03-14,-0.007059574295577631
2025-03-17,0.018842958560587125
2025-03-18,0.008277793267106748
2025-03-19,-0.00772394459336453
2025-03-20,0.009058687613265233
2025-03-21,0.0006660796654299054
2025-03-24,0.027916173286307175
2025-03-25,0.016912842490474946
2025-03-26,-0.0033500536211985656
2025-03-27,-0.019625052665108396
2025-03-28,-0.006046894624689967
2025-03-31,-0.031141331914026425
2025-04-01,0.020208541474705164
2025-04-02,-0.0019999999999999996
2025-04-03,0.0
2025-04-04,0.0
2025-04-07,0.0
2025-04-08,0.0
2025-04-09,0.0
2025-04-10,0.0
2025-04-11,0.0
2025-04-14,0.0
2025-04-15,0.0
2025-04-16,0.0
2025-04-17,0.0
2025-04-21,0.0
2025-04-22,0.0
2025-04-23,0.0
2025-04-24,0.0
2025-04-25,0.0
2025-04-28,0.0
2025-04-29,0.0
2025-04-30,0.0
2025-05-01,0.0
2025-05-02,0.0
2025-05-05,0.0
2025-05-06,0.0
2025-05-07,0.0
2025-05-08,0.0
2025-05-09,0.0
2025-05-12,0.0
2025-05-13,0.0
2025-05-14,0.0
2025-05-15,0.0
2025-05-16,0.0
2025-05-19,0.0
2025-05-20,0.0
2025-05-21,0.0
2025-05-22,0.0
2025-05-23,0.0
2025-05-27,0.0
2025-05-28,0.0
2025-05-29,0.0
2025-05-30,0.0
2025-06-02,0.0
2025-06-03,0.013455135872810725
2025-06-04,-0.0004340249614010188
2025-06-05,-0.0003791004720119184
2025-06-06,0.008568879863690482
2025-06-09,-0.0005905229802552527
2025-06-10,-0.006499495905644187
2025-06-11,-0.00509626721478514
2025-06-12,-0.004340050820482035
2025-06-13,-0.007983124202047614
2025-06-16,0.0031134873803429957
2025-06-17,0.0003557005778517579
2025-06-18,-0.0016462208935215568
2025-06-20,0.015401186231959269
2025-06-23,-0.0017423557714199747
2025-06-24,0.023849672396765217
2025-06-25,0.0078009917268405705
2025-06-26,-0.00865798805688798
2025-06-27,0.012254656819876452
2025-06-30,0.0069287873383241765
2025-07-01,0.00459411257379338
2025-07-02,-0.009272056477690678
2025-07-03,0.006959432894979554
2025-07-07,0.007555104492248088
2025-07-08,0.006399797753088201
2025-07-09,-0.004423082738869957
2025-07-10,0.0019510139051772024
2025-07-11,-0.005011882214172217
2025-07-14,0.0006469749956901224
2025-07-15,0.010653876390701237
2025-07-16,-0.00018369803954078844
2025-07-17,0.0030212617559780036
2025-07-18,0.016460095610250868
2025-07-21,-0.0006210534373255195
2025-07-22,-0.005818160099500956
2025-07-23,0.005934665665722259
2025-07-24,0.010208985420833353
2025-07-25,0.002507113895881226
2025-07-28,0.005378901258645022
2025-07-29,0.0004087494398872055
2025-07-30,-1.0280185633676511e-05
2025-07-31,0.017690659433657593
2025-08-01,-0.015547436592360917
2025-08-04,0.004899824603163068
2025-08-05,0.016163406750862867
2025-08-06,-0.009584942252404874
2025-08-07,0.011144326610192358
2025-08-08,0.010081288255189544
2025-08-11,0.0018945269591194855
2025-08-12,0.0026789380506744235
2025-08-13,0.0050571879823506916
2025-08-14,-0.015787937626338767
2025-08-15,0.0012815303982620838
2025-08-18,-0.008356333894075479
2025-08-19,0.0005219513324168226
2025-08-20,-0.01643769081899658
2025-08-21,0.004685611549679978
2025-08-22,0.0049925831292707045
2025-08-25,0.01034138890222364
2025-08-26,0.0021150124622811846
2025-08-27,0.008892033901114108
2025-08-28,-0.0014184219809813038
2025-08-29,0.004969738367738072
2025-09-02,-0.016076895638425674
2025-09-03,0.01184761285978178
2025-09-04,-0.00018745602970033701
2025-09-05,0.006184675067443195
2025-09-08,-0.0036731775099964055
2025-09-09,0.005157533668335364
2025-09-10,0.009855730440861856
2025-09-11,0.0027211077978972396
2025-09-12,0.005925704968524334
2025-09-15,0.008914498139684196
2025-09-16,-0.0023139905746143953
2025-09-17,-0.005323989838133138
2025-09-18,0.004989159846836191
2025-09-19,0.007198270441559106
2025-09-22,-0.0043497084431569815
2025-09-23,0.0037544674477423307
2025-09-24,0.006114642465278337
2025-09-25,-0.0161564421234514
2025-09-26,0.008497554987382158
2025-09-29,0.008916994300891943
2025-09-30,0.005724264769879527
2025-10-01,-0.004823653961652264
2025-10-02,0.0038349468050920123
2025-10-03,0.003056709525517148
2025-10-06,0.0029050109357688877
2025-10-07,-0.002049293789835714
2025-10-08,0.00530571110953879
2025-10-09,0.0011818490699346997
2025-10-10,0.001989517778977324
2025-10-13,-0.02150331738928219
2025-10-14,-0.004581225472326233
2025-10-15,0.02275864697488972
2025-10-16,0.004453110338653518
2025-10-17,-0.024810722995676743
2025-10-20,0.0075221823607686256
2025-10-21,0.002202618862874275
2025-10-22,-0.008815962488346088
2025-10-23,-0.012083508352680688
2025-10-24,0.015075538539322858
2025-10-27,0.010582936146719369
2025-10-28,-0.0006420612716915671
2025-10-29,-0.013016542526002884
2025-10-30,-0.009273059174715194
2025-10-31,-0.002444814655946208
2025-11-03,0.006803523828112953
2025-11-04,-0.010839581579028253
2025-11-05,-0.005456052635534216
2025-11-06,-0.005281551829731893
2025-11-07,-0.022607167417075802
2025-11-10,0.03235809346430515
2025-11-11,0.005931758128545215
2025-11-12,-0.0030366255006181223
2025-11-13,-0.0035331012610856807
2025-11-14,-0.03165293945703592
2025-11-17,0.011407033899012249
2025-11-18,-0.014387138242573724
2025-11-19,0.002190301731647234
2025-11-20,0.01801488413160618
2025-11-21,-0.033308999155583933
2025-11-24,0.005790424682975526
2025-11-25,0.010136057937813914
2025-11-26,0.01736808676483422
2025-11-28,0.009175880483116386
2025-12-01,-6.780761051831923e-05
2025-12-02,0.005693220547433708
2025-12-03,-0.00028611106039116
2025-12-04,0.015616530957616783
2025-12-05,0.009590405579080747
2025-12-08,0.006219300908582631
2025-12-09,-0.0022584227787848655
2025-12-10,0.013005087362716687
2025-12-11,0.0020386270183779896
2025-12-12,0.01813693677903873
2025-12-15,-0.008162852010969798
2025-12-16,-0.01446982204900192
2025-12-17,0.0023407587164107767
2025-12-18,-0.006247311276013167
2025-12-19,0.0069364187181784704
2025-12-22,0.015258145737436491
2025-12-23,-0.00037919716486685043
2025-12-24,0.004210754298942145
2025-12-26,0.0030134415972720013
2025-12-29,-0.006582735381520043
2025-12-30,-0.0007117284482872678
2025-12-31,-0.004329697614872882
2026-01-02,-0.0053529322965479844
2026-01-05,-0.002172054659625995
2026-01-06,0.013892142036894243
2026-01-07,0.006734949072165106
2026-01-08,-0.009513948191843957
2026-01-09,0.007318423756110205
2026-01-12,-0.003928674589758586
2026-01-13,0.012981630990831076
2026-01-14,-0.0005169597455033922
2026-01-15,0.008507001042086118
2026-01-16,-0.0016228406606637322
2026-01-20,-0.018868775114424315
2026-01-21,-0.005179699979453444
2026-01-22,0.007561808110684436
2026-01-23,-0.005287679852511111
2026-01-26,0.005417014632810973
2026-01-27,0.0031647023440558733
2026-01-28,0.005030560015059382
2026-01-29,-0.004786488461329425
2026-01-30,-0.008833950347500757
2026-02-02,-0.007920588314112973
2026-02-03,0.01113243798639707
2026-02-04,-0.015859627995867286
2026-02-05,-0.02262344762973886
2026-02-06,0.006816147458833114
2026-02-09,0.011893612256382202
2026-02-10,0.01918888092758843
2026-02-11,-0.001022163731716949
2026-02-12,-0.022717103848055555
2026-02-13,-0.024075277992584892
2026-02-17,0.015661731460273616
2026-02-18,0.005993233801266002
2026-02-19,0.006119487534845517
2026-02-20,-0.000795013279313283
2026-02-23,-0.0014093979186765675
2026-02-24,-0.016172187630794768
2026-02-25,0.01727357316799572
2026-02-26,0.01692881328452362
2026-02-27,0.0024109846010643885
2026-03-02,-0.010474717349690759
2026-03-03,-0.0024542309600115576
2026-03-04,0.016504808002991388
2026-03-05,-0.0010911764046136476
2026-03-06,-0.009607029404479646
2026-03-09,-0.009008320335784975
2026-03-10,0.0158390419879768
2026-03-11,-0.01008440644312534
2026-03-12,-0.015202400618474195
2026-03-13,0.002548289163221668
2026-03-16,0.005057510594727675
2026-03-17,0.004764881791410024
2026-03-18,-0.001130521736822455
2026-03-19,-0.01995660245505516
2026-03-20,0.004571740334142468
2026-03-23,-0.005160617623952281
2026-03-24,-0.002695640447692683
2026-03-25,0.016225303499238362
2026-03-26,-0.011891859294404639
2026-03-27,-0.009290083961178176
2026-03-30,-0.000542301058293854
2026-03-31,-0.002251335931001755
2026-04-01,0.020847524543835535
2026-04-02,-0.0019999999999999996
2026-04-06,0.0
2026-04-07,0.0
2026-04-08,0.0
2026-04-09,0.0
2026-04-10,0.0
2026-04-13,0.0
2026-04-14,0.0
2026-04-15,0.0
2026-04-16,0.0
2026-04-17,0.0
2026-04-20,0.0
2026-04-21,0.0
2026-04-22,0.0
2026-04-23,0.0
2026-04-24,0.0
2026-04-27,0.0
2026-04-28,0.0
2026-04-29,0.0
2026-04-30,0.0
2026-05-01,0.0
2026-05-04,-0.00946774875529325
2026-05-05,0.0012949032575810583
2026-05-06,0.0006048770105874935
2026-05-07,0.001495146583685336
2026-05-08,5.058704416245257e-05
2026-05-11,-9.00409655407176e-05
2026-05-12,0.008377354478129742
2026-05-13,0.0025771099527000844
2026-05-14,0.004360408924910358
2026-05-15,0.0061647909194945385
2026-05-18,0.0007658659472019417
2026-05-19,-0.002893502258940658
2026-05-20,-0.004175613464401499
2026-05-21,-0.001113152353006275
2026-05-22,0.015200575143665341
2026-05-26,0.013508199984495954
2026-05-27,-0.004162690951578702
2026-05-28,-0.00012903323535587408
2026-05-29,0.000935683534215831
2026-06-01,-0.0012746317925380656
2026-06-02,-0.004273402632685136
2026-06-03,-0.007450621868134405
2026-06-04,-0.0006575030077828483
2026-06-05,0.005418933461482806
2026-06-08,-0.004528404697985442
2026-06-09,-8.630790383004146e-05
2026-06-10,-0.010339687498688384
2026-06-11,-0.004444360564393897
2026-06-12,0.015801302495030013
2026-06-15,0.006435522359653977
2026-06-16,0.008766143802770594
2026-06-17,-0.009107710200782779
2026-06-18,-0.00614783623537891
2026-06-22,-0.001529520787886925
2026-06-23,-0.004785391332697207
2026-06-24,0.0010866545322011825
2026-06-25,0.003305438035526419
2026-06-26,-0.004610237504041316
2026-06-29,0.015261837698331717
2026-06-30,0.001740259151797994
2026-07-01,0.006260848967009045
2026-07-02,0.016460827731048705
2026-07-06,-0.0026776756838323645
2026-07-07,0.005769319509772802
2026-07-08,-0.009317022917898233
2026-07-09,-0.0030511073892235062
2026-07-10,0.009519552326337758
