date,ret
2006-06-28,0.0
2006-06-29,0.0
2006-06-30,0.0
2006-07-03,0.0
2006-07-05,0.0
2006-07-06,0.0
2006-07-07,0.0
2006-07-10,0.0
2006-07-11,0.0
2006-07-12,0.0
2006-07-13,0.0
2006-07-14,0.0
2006-07-17,0.0
2006-07-18,0.0
2006-07-19,0.0
2006-07-20,0.0
2006-07-21,0.0
2006-07-24,0.0
2006-07-25,0.0
2006-07-26,0.0
2006-07-27,0.0
2006-07-28,0.0
2006-07-31,0.0
2006-08-01,0.0
2006-08-02,0.0
2006-08-03,0.0
2006-08-04,0.0
2006-08-07,0.0
2006-08-08,0.0
2006-08-09,0.0
2006-08-10,0.0
2006-08-11,0.0
2006-08-14,0.0
2006-08-15,0.0
2006-08-16,0.0
2006-08-17,0.0
2006-08-18,0.0
2006-08-21,0.0
2006-08-22,0.0
2006-08-23,0.0
2006-08-24,0.0
2006-08-25,0.0
2006-08-28,0.0
2006-08-29,0.0
2006-08-30,0.0
2006-08-31,0.0
2006-09-01,0.0
2006-09-05,0.0
2006-09-06,0.0
2006-09-07,0.0
2006-09-08,0.0
2006-09-11,0.0
2006-09-12,0.0
2006-09-13,0.0
2006-09-14,0.0
2006-09-15,0.0
2006-09-18,0.0
2006-09-19,0.0
2006-09-20,0.0
2006-09-21,0.0
2006-09-22,0.0
2006-09-25,0.0
2006-09-26,0.0
2006-09-27,0.0
2006-09-28,0.0
2006-09-29,0.0
2006-10-02,0.0
2006-10-03,0.0
2006-10-04,0.0
2006-10-05,0.0
2006-10-06,0.0
2006-10-09,0.0
2006-10-10,0.0
2006-10-11,0.0
2006-10-12,0.0
2006-10-13,0.0
2006-10-16,0.0
2006-10-17,0.0
2006-10-18,0.0
2006-10-19,0.0
2006-10-20,0.0
2006-10-23,0.0
2006-10-24,0.0
2006-10-25,0.0
2006-10-26,0.0
2006-10-27,0.0
2006-10-30,0.0
2006-10-31,0.0
2006-11-01,0.0
2006-11-02,0.0
2006-11-03,0.0
2006-11-06,0.0
2006-11-07,0.0
2006-11-08,0.0
2006-11-09,0.0
2006-11-10,0.0
2006-11-13,0.0
2006-11-14,0.0
2006-11-15,0.0
2006-11-16,0.0
2006-11-17,0.0
2006-11-20,0.0
2006-11-21,0.0
2006-11-22,0.0
2006-11-24,0.0
2006-11-27,0.0
2006-11-28,0.0
2006-11-29,0.0
2006-11-30,0.0
2006-12-01,0.0
2006-12-04,0.0
2006-12-05,0.0
2006-12-06,0.0
2006-12-07,0.0
2006-12-08,0.0
2006-12-11,0.0
2006-12-12,0.0
2006-12-13,0.0
2006-12-14,0.0
2006-12-15,0.0
2006-12-18,0.0
2006-12-19,0.0
2006-12-20,0.0
2006-12-21,0.0
2006-12-22,0.0
2006-12-26,0.0
2006-12-27,0.0
2006-12-28,0.0
2006-12-29,0.0
2007-01-03,0.0
2007-01-04,0.0
2007-01-05,0.0
2007-01-08,0.0
2007-01-09,0.0
2007-01-10,0.0
2007-01-11,0.0
2007-01-12,0.0
2007-01-16,0.0
2007-01-17,0.0
2007-01-18,0.0
2007-01-19,0.0
2007-01-22,0.0
2007-01-23,0.0
2007-01-24,0.0
2007-01-25,0.0
2007-01-26,0.0
2007-01-29,0.0
2007-01-30,0.0
2007-01-31,0.0
2007-02-01,0.0
2007-02-02,0.0
2007-02-05,0.0
2007-02-06,0.0
2007-02-07,0.0
2007-02-08,0.0
2007-02-09,0.0
2007-02-12,0.0
2007-02-13,0.0
2007-02-14,0.0
2007-02-15,0.0
2007-02-16,0.0
2007-02-20,0.0
2007-02-21,0.0
2007-02-22,0.0
2007-02-23,0.0
2007-02-26,0.0
2007-02-27,0.0
2007-02-28,0.0
2007-03-01,0.0
2007-03-02,0.0
2007-03-05,0.0
2007-03-06,0.0
2007-03-07,0.0
2007-03-08,0.0
2007-03-09,0.0
2007-03-12,0.0
2007-03-13,0.0
2007-03-14,0.0
2007-03-15,0.0
2007-03-16,0.0
2007-03-19,0.0
2007-03-20,0.0
2007-03-21,0.0
2007-03-22,0.0
2007-03-23,0.0
2007-03-26,0.0
2007-03-27,0.0
2007-03-28,0.0
2007-03-29,0.0
2007-03-30,0.0
2007-04-02,0.0
2007-04-03,0.0
2007-04-04,0.0
2007-04-05,0.0
2007-04-09,0.0
2007-04-10,0.0
2007-04-11,0.0
2007-04-12,0.0
2007-04-13,0.0
2007-04-16,0.0
2007-04-17,0.0
2007-04-18,0.0
2007-04-19,0.0
2007-04-20,0.0
2007-04-23,0.0
2007-04-24,0.0
2007-04-25,0.0
2007-04-26,0.0
2007-04-27,0.0
2007-04-30,0.0
2007-05-01,0.0
2007-05-02,0.0
2007-05-03,0.0
2007-05-04,0.0
2007-05-07,0.0
2007-05-08,0.0
2007-05-09,0.0
2007-05-10,0.0
2007-05-11,0.0
2007-05-14,0.0
2007-05-15,0.0
2007-05-16,0.0
2007-05-17,0.0
2007-05-18,0.0
2007-05-21,0.0
2007-05-22,0.0
2007-05-23,0.0
2007-05-24,0.0
2007-05-25,0.0
2007-05-29,0.0
2007-05-30,0.0
2007-05-31,0.0
2007-06-01,0.0
2007-06-04,0.0
2007-06-05,0.0
2007-06-06,0.0
2007-06-07,0.0
2007-06-08,0.0
2007-06-11,0.0
2007-06-12,0.0
2007-06-13,0.0
2007-06-14,0.0
2007-06-15,0.0
2007-06-18,0.0
2007-06-19,0.0
2007-06-20,0.0
2007-06-21,0.0
2007-06-22,0.0
2007-06-25,0.0
2007-06-26,0.0
2007-06-27,0.0
2007-06-28,0.0
2007-06-29,0.0
2007-07-02,0.0
2007-07-03,0.0
2007-07-05,0.0
2007-07-06,0.0
2007-07-09,0.0
2007-07-10,0.0
2007-07-11,0.0
2007-07-12,0.0
2007-07-13,0.0
2007-07-16,0.0
2007-07-17,0.0
2007-07-18,0.0
2007-07-19,0.0
2007-07-20,0.0
2007-07-23,0.0
2007-07-24,0.0
2007-07-25,0.0
2007-07-26,0.0
2007-07-27,0.0
2007-07-30,0.0
2007-07-31,0.0
2007-08-01,0.0
2007-08-02,0.0
2007-08-03,0.0
2007-08-06,0.0
2007-08-07,0.0
2007-08-08,0.0
2007-08-09,0.0
2007-08-10,0.0
2007-08-13,0.0
2007-08-14,0.0
2007-08-15,0.0
2007-08-16,0.0
2007-08-17,0.0
2007-08-20,0.0
2007-08-21,0.0
2007-08-22,0.0
2007-08-23,0.0
2007-08-24,0.0
2007-08-27,0.0
2007-08-28,0.0
2007-08-29,0.0
2007-08-30,0.0
2007-08-31,0.0
2007-09-04,0.0
2007-09-05,0.0
2007-09-06,0.0
2007-09-07,0.0
2007-09-10,0.0
2007-09-11,0.0
2007-09-12,0.0
2007-09-13,0.0
2007-09-14,0.0
2007-09-17,0.0
2007-09-18,0.0
2007-09-19,0.0
2007-09-20,0.0
2007-09-21,0.0
2007-09-24,0.0
2007-09-25,0.0
2007-09-26,0.0
2007-09-27,0.0
2007-09-28,0.0
2007-10-01,0.0
2007-10-02,0.0
2007-10-03,0.0
2007-10-04,0.0
2007-10-05,0.0
2007-10-08,0.0
2007-10-09,0.0
2007-10-10,0.0
2007-10-11,0.0
2007-10-12,0.0
2007-10-15,0.0
2007-10-16,0.0
2007-10-17,0.0
2007-10-18,0.0
2007-10-19,0.0
2007-10-22,0.0
2007-10-23,0.0
2007-10-24,0.0
2007-10-25,0.0
2007-10-26,0.0
2007-10-29,0.0
2007-10-30,0.0
2007-10-31,0.0
2007-11-01,0.0
2007-11-02,0.0
2007-11-05,0.0
2007-11-06,0.0
2007-11-07,0.0
2007-11-08,0.0
2007-11-09,0.0
2007-11-12,0.0
2007-11-13,0.0
2007-11-14,0.0
2007-11-15,0.0
2007-11-16,0.0
2007-11-19,0.0
2007-11-20,0.0
2007-11-21,0.0
2007-11-23,0.0
2007-11-26,0.0
2007-11-27,0.0
2007-11-28,0.0
2007-11-29,0.0
2007-11-30,0.0
2007-12-03,0.0
2007-12-04,0.0
2007-12-05,0.0
2007-12-06,0.0
2007-12-07,0.0
2007-12-10,0.0
2007-12-11,0.0
2007-12-12,0.0
2007-12-13,0.0
2007-12-14,0.0
2007-12-17,0.0
2007-12-18,0.0
2007-12-19,0.0
2007-12-20,0.0
2007-12-21,0.0
2007-12-24,0.0
2007-12-26,0.0
2007-12-27,0.0
2007-12-28,0.0
2007-12-31,0.0
2008-01-02,0.0
2008-01-03,0.0
2008-01-04,0.0
2008-01-07,0.0
2008-01-08,0.0
2008-01-09,0.0
2008-01-10,0.0
2008-01-11,0.0
2008-01-14,0.0
2008-01-15,0.0
2008-01-16,0.0
2008-01-17,0.0
2008-01-18,0.0
2008-01-22,0.0
2008-01-23,0.0
2008-01-24,0.0
2008-01-25,0.0
2008-01-28,0.0
2008-01-29,0.0
2008-01-30,0.0
2008-01-31,0.0
2008-02-01,0.0
2008-02-04,0.0
2008-02-05,0.0
2008-02-06,0.0
2008-02-07,0.0
2008-02-08,0.0
2008-02-11,0.0
2008-02-12,0.0
2008-02-13,0.0
2008-02-14,0.0
2008-02-15,0.0
2008-02-19,0.0
2008-02-20,0.0
2008-02-21,0.0
2008-02-22,0.0
2008-02-25,0.0
2008-02-26,0.0
2008-02-27,0.0
2008-02-28,0.0
2008-02-29,0.0
2008-03-03,0.0
2008-03-04,0.0
2008-03-05,0.0
2008-03-06,0.0
2008-03-07,0.0
2008-03-10,0.0
2008-03-11,0.0
2008-03-12,0.0
2008-03-13,0.0
2008-03-14,0.0
2008-03-17,0.0
2008-03-18,0.0
2008-03-19,0.0
2008-03-20,0.0
2008-03-24,0.0
2008-03-25,0.0
2008-03-26,0.0
2008-03-27,0.0
2008-03-28,0.0
2008-03-31,0.0
2008-04-01,0.0
2008-04-02,0.0
2008-04-03,0.0
2008-04-04,0.0
2008-04-07,0.0
2008-04-08,0.0
2008-04-09,0.0
2008-04-10,0.0
2008-04-11,0.0
2008-04-14,0.0
2008-04-15,0.0
2008-04-16,0.0
2008-04-17,0.0
2008-04-18,0.0
2008-04-21,0.0
2008-04-22,0.0
2008-04-23,0.0
2008-04-24,0.0
2008-04-25,0.0
2008-04-28,0.0
2008-04-29,0.0
2008-04-30,0.0
2008-05-01,0.0
2008-05-02,0.0
2008-05-05,0.0
2008-05-06,0.0
2008-05-07,0.0
2008-05-08,0.0
2008-05-09,0.0
2008-05-12,0.0
2008-05-13,0.0
2008-05-14,0.0
2008-05-15,0.0
2008-05-16,0.0
2008-05-19,0.0
2008-05-20,0.0
2008-05-21,0.0
2008-05-22,0.0
2008-05-23,0.0
2008-05-27,0.0
2008-05-28,0.0
2008-05-29,0.0
2008-05-30,0.0
2008-06-02,0.0
2008-06-03,0.0
2008-06-04,0.0
2008-06-05,0.0
2008-06-06,0.0
2008-06-09,0.0
2008-06-10,0.0
2008-06-11,0.0
2008-06-12,0.0
2008-06-13,0.0
2008-06-16,0.0
2008-06-17,0.0
2008-06-18,0.0
2008-06-19,0.0
2008-06-20,0.0
2008-06-23,0.0
2008-06-24,0.0
2008-06-25,0.0
2008-06-26,0.0
2008-06-27,0.0
2008-06-30,0.0
2008-07-01,0.0
2008-07-02,0.0
2008-07-03,0.0
2008-07-07,0.0
2008-07-08,0.0
2008-07-09,0.0
2008-07-10,0.0
2008-07-11,0.0
2008-07-14,0.0
2008-07-15,0.0
2008-07-16,0.0
2008-07-17,0.0
2008-07-18,0.0
2008-07-21,0.0
2008-07-22,0.0
2008-07-23,0.0
2008-07-24,0.0
2008-07-25,0.0
2008-07-28,0.0
2008-07-29,0.0
2008-07-30,0.0
2008-07-31,0.0
2008-08-01,0.0
2008-08-04,0.0
2008-08-05,0.0
2008-08-06,0.0
2008-08-07,0.0
2008-08-08,0.0
2008-08-11,0.0
2008-08-12,0.0
2008-08-13,0.0
2008-08-14,0.0
2008-08-15,0.0
2008-08-18,0.0
2008-08-19,0.0
2008-08-20,0.0
2008-08-21,0.0
2008-08-22,0.0
2008-08-25,0.0
2008-08-26,0.0
2008-08-27,0.0
2008-08-28,0.0
2008-08-29,0.0
2008-09-02,0.0
2008-09-03,0.0
2008-09-04,0.0
2008-09-05,0.0
2008-09-08,0.0
2008-09-09,0.0
2008-09-10,0.0
2008-09-11,0.0
2008-09-12,0.0
2008-09-15,0.0
2008-09-16,0.0
2008-09-17,0.0
2008-09-18,0.0
2008-09-19,0.0
2008-09-22,0.0
2008-09-23,0.0
2008-09-24,0.0
2008-09-25,0.0
2008-09-26,0.0
2008-09-29,0.0
2008-09-30,0.0
2008-10-01,0.0
2008-10-02,0.0
2008-10-03,0.0
2008-10-06,0.0
2008-10-07,0.0
2008-10-08,0.0
2008-10-09,0.0
2008-10-10,0.0
2008-10-13,0.0
2008-10-14,0.0
2008-10-15,0.0
2008-10-16,0.0
2008-10-17,0.0
2008-10-20,0.0
2008-10-21,0.0
2008-10-22,0.0
2008-10-23,0.0
2008-10-24,0.0
2008-10-27,0.0
2008-10-28,0.0
2008-10-29,0.0
2008-10-30,0.0
2008-10-31,0.0
2008-11-03,0.0
2008-11-04,0.0
2008-11-05,0.0
2008-11-06,0.0
2008-11-07,0.0
2008-11-10,0.0
2008-11-11,0.0
2008-11-12,0.0
2008-11-13,0.0
2008-11-14,0.0
2008-11-17,0.0
2008-11-18,0.0
2008-11-19,0.0
2008-11-20,0.0
2008-11-21,0.0
2008-11-24,0.0
2008-11-25,0.0
2008-11-26,0.0
2008-11-28,0.0
2008-12-01,0.0
2008-12-02,0.0
2008-12-03,0.0
2008-12-04,0.0
2008-12-05,0.0
2008-12-08,0.0
2008-12-09,0.0
2008-12-10,0.0
2008-12-11,0.0
2008-12-12,0.0
2008-12-15,0.0
2008-12-16,0.0
2008-12-17,0.0
2008-12-18,0.0
2008-12-19,0.0
2008-12-22,0.0
2008-12-23,0.0
2008-12-24,0.0
2008-12-26,0.0
2008-12-29,0.0
2008-12-30,0.0
2008-12-31,0.0
2009-01-02,0.0
2009-01-05,0.0
2009-01-06,0.0
2009-01-07,0.0
2009-01-08,0.0
2009-01-09,0.0
2009-01-12,0.0
2009-01-13,0.0
2009-01-14,0.0
2009-01-15,0.0
2009-01-16,0.0
2009-01-20,0.0
2009-01-21,0.0
2009-01-22,0.0
2009-01-23,0.0
2009-01-26,0.0
2009-01-27,0.0
2009-01-28,0.0
2009-01-29,0.0
2009-01-30,0.0
2009-02-02,0.0
2009-02-03,0.0
2009-02-04,0.0
2009-02-05,0.0
2009-02-06,0.0
2009-02-09,0.0
2009-02-10,0.0
2009-02-11,0.0
2009-02-12,0.0
2009-02-13,0.0
2009-02-17,0.0
2009-02-18,0.0
2009-02-19,0.0
2009-02-20,0.0
2009-02-23,0.0
2009-02-24,0.0
2009-02-25,0.0
2009-02-26,0.0
2009-02-27,0.0
2009-03-02,0.0
2009-03-03,0.0
2009-03-04,0.0
2009-03-05,0.0
2009-03-06,0.0
2009-03-09,0.0
2009-03-10,0.0
2009-03-11,0.0
2009-03-12,0.0
2009-03-13,0.0
2009-03-16,0.0
2009-03-17,0.0
2009-03-18,0.0
2009-03-19,0.0
2009-03-20,0.0
2009-03-23,0.0
2009-03-24,0.0
2009-03-25,0.0
2009-03-26,0.0
2009-03-27,0.0
2009-03-30,0.0
2009-03-31,0.0
2009-04-01,0.0
2009-04-02,0.0
2009-04-03,0.0
2009-04-06,0.0
2009-04-07,0.0
2009-04-08,0.0
2009-04-09,0.0
2009-04-13,0.0
2009-04-14,0.0
2009-04-15,0.0
2009-04-16,0.0
2009-04-17,0.0
2009-04-20,0.0
2009-04-21,0.0
2009-04-22,0.0
2009-04-23,0.0
2009-04-24,0.0
2009-04-27,0.0
2009-04-28,0.0
2009-04-29,0.0
2009-04-30,0.0
2009-05-01,0.0
2009-05-04,0.0
2009-05-05,0.0
2009-05-06,0.0
2009-05-07,0.0
2009-05-08,0.0
2009-05-11,0.0
2009-05-12,0.0
2009-05-13,0.0
2009-05-14,0.0
2009-05-15,0.0
2009-05-18,0.0
2009-05-19,0.0
2009-05-20,0.0
2009-05-21,0.0
2009-05-22,0.0
2009-05-26,0.0
2009-05-27,0.0
2009-05-28,0.0
2009-05-29,0.0
2009-06-01,0.0
2009-06-02,0.0
2009-06-03,0.0
2009-06-04,0.0
2009-06-05,0.0
2009-06-08,0.0
2009-06-09,0.0
2009-06-10,0.0
2009-06-11,0.0
2009-06-12,0.0
2009-06-15,0.0
2009-06-16,0.0
2009-06-17,0.0
2009-06-18,0.0
2009-06-19,0.0
2009-06-22,0.0
2009-06-23,0.0
2009-06-24,0.0
2009-06-25,0.0
2009-06-26,0.0
2009-06-29,0.0
2009-06-30,0.0
2009-07-01,0.0
2009-07-02,0.0
2009-07-06,0.0
2009-07-07,0.0
2009-07-08,0.0
2009-07-09,0.0
2009-07-10,0.0
2009-07-13,0.0
2009-07-14,0.0
2009-07-15,0.0
2009-07-16,0.0
2009-07-17,0.0
2009-07-20,0.0
2009-07-21,0.0
2009-07-22,0.0
2009-07-23,0.0
2009-07-24,0.0
2009-07-27,0.0
2009-07-28,0.0
2009-07-29,0.0
2009-07-30,0.0
2009-07-31,0.0
2009-08-03,0.0
2009-08-04,0.0
2009-08-05,0.0
2009-08-06,0.0
2009-08-07,0.0
2009-08-10,0.0
2009-08-11,0.0
2009-08-12,0.0
2009-08-13,0.0
2009-08-14,0.0
2009-08-17,0.0
2009-08-18,0.0
2009-08-19,0.0
2009-08-20,0.0
2009-08-21,0.0
2009-08-24,0.0
2009-08-25,0.0
2009-08-26,0.0
2009-08-27,0.0
2009-08-28,0.0
2009-08-31,0.0
2009-09-01,0.0
2009-09-02,0.0
2009-09-03,0.0
2009-09-04,0.0
2009-09-08,0.0
2009-09-09,0.0
2009-09-10,0.0
2009-09-11,0.0
2009-09-14,0.0
2009-09-15,0.0
2009-09-16,0.0
2009-09-17,0.0
2009-09-18,0.0
2009-09-21,0.0
2009-09-22,0.0
2009-09-23,0.0
2009-09-24,0.0
2009-09-25,0.0
2009-09-28,0.0
2009-09-29,0.0
2009-09-30,0.0
2009-10-01,0.0
2009-10-02,0.0
2009-10-05,0.0
2009-10-06,0.0
2009-10-07,0.0
2009-10-08,0.0
2009-10-09,0.0
2009-10-12,0.0
2009-10-13,0.0
2009-10-14,0.0
2009-10-15,0.0
2009-10-16,0.0
2009-10-19,0.0
2009-10-20,0.0
2009-10-21,0.0
2009-10-22,0.0
2009-10-23,0.0
2009-10-26,0.0
2009-10-27,0.0
2009-10-28,0.0
2009-10-29,0.0
2009-10-30,0.0
2009-11-02,0.0
2009-11-03,0.0
2009-11-04,0.0
2009-11-05,0.0
2009-11-06,0.0
2009-11-09,0.0
2009-11-10,0.0
2009-11-11,0.0
2009-11-12,0.0
2009-11-13,0.0
2009-11-16,0.0
2009-11-17,0.0
2009-11-18,0.0
2009-11-19,0.0
2009-11-20,0.0
2009-11-23,0.0
2009-11-24,0.0
2009-11-25,0.0
2009-11-27,0.0
2009-11-30,0.0
2009-12-01,0.0
2009-12-02,0.0
2009-12-03,0.0
2009-12-04,0.0
2009-12-07,0.0
2009-12-08,0.0
2009-12-09,0.0
2009-12-10,0.0
2009-12-11,0.0
2009-12-14,0.0
2009-12-15,0.0
2009-12-16,0.0
2009-12-17,0.0
2009-12-18,0.0
2009-12-21,0.0
2009-12-22,0.0
2009-12-23,0.0
2009-12-24,0.0
2009-12-28,0.0
2009-12-29,0.0
2009-12-30,0.0
2009-12-31,0.0
2010-01-04,0.0
2010-01-05,0.0
2010-01-06,0.0
2010-01-07,0.0
2010-01-08,0.0
2010-01-11,0.0
2010-01-12,0.0
2010-01-13,0.0
2010-01-14,0.0
2010-01-15,0.0
2010-01-19,0.0
2010-01-20,0.0
2010-01-21,0.0
2010-01-22,0.0
2010-01-25,0.0
2010-01-26,0.0
2010-01-27,0.0
2010-01-28,0.0
2010-01-29,0.0
2010-02-01,0.0
2010-02-02,0.0
2010-02-03,0.0
2010-02-04,0.0
2010-02-05,0.0
2010-02-08,0.0
2010-02-09,0.0
2010-02-10,0.0
2010-02-11,0.0
2010-02-12,0.0
2010-02-16,0.0
2010-02-17,0.0
2010-02-18,0.0
2010-02-19,0.0
2010-02-22,0.0
2010-02-23,0.0
2010-02-24,0.0
2010-02-25,0.0
2010-02-26,0.0
2010-03-01,0.0
2010-03-02,0.0
2010-03-03,0.0
2010-03-04,0.0
2010-03-05,0.0
2010-03-08,0.0
2010-03-09,0.0
2010-03-10,0.0
2010-03-11,0.0
2010-03-12,0.0
2010-03-15,0.0
2010-03-16,0.0
2010-03-17,0.0
2010-03-18,0.0
2010-03-19,0.0
2010-03-22,0.0
2010-03-23,0.0
2010-03-24,0.0
2010-03-25,0.0
2010-03-26,0.0
2010-03-29,0.0
2010-03-30,0.0
2010-03-31,0.0
2010-04-01,0.0
2010-04-05,0.0
2010-04-06,0.0
2010-04-07,0.0
2010-04-08,0.0
2010-04-09,0.0
2010-04-12,0.0
2010-04-13,0.0
2010-04-14,0.0
2010-04-15,0.0
2010-04-16,0.0
2010-04-19,0.0
2010-04-20,0.0
2010-04-21,0.0
2010-04-22,0.0
2010-04-23,0.0
2010-04-26,0.0
2010-04-27,0.0
2010-04-28,0.0
2010-04-29,0.0
2010-04-30,0.0
2010-05-03,0.0
2010-05-04,0.0
2010-05-05,0.0
2010-05-06,0.0
2010-05-07,0.0
2010-05-10,0.0
2010-05-11,0.0
2010-05-12,0.0
2010-05-13,0.0
2010-05-14,0.0
2010-05-17,0.0
2010-05-18,0.0
2010-05-19,0.0
2010-05-20,0.0
2010-05-21,0.0
2010-05-24,0.0
2010-05-25,0.0
2010-05-26,0.0
2010-05-27,0.0
2010-05-28,0.0
2010-06-01,0.0
2010-06-02,0.0
2010-06-03,0.0
2010-06-04,0.0
2010-06-07,0.0
2010-06-08,0.0
2010-06-09,0.0
2010-06-10,0.0
2010-06-11,0.0
2010-06-14,0.0
2010-06-15,0.0
2010-06-16,0.0
2010-06-17,0.0
2010-06-18,0.0
2010-06-21,0.0
2010-06-22,0.0
2010-06-23,0.0
2010-06-24,0.0
2010-06-25,0.0
2010-06-28,0.0
2010-06-29,0.0
2010-06-30,0.0
2010-07-01,0.0
2010-07-02,0.0
2010-07-06,0.0
2010-07-07,0.0
2010-07-08,0.0
2010-07-09,0.0
2010-07-12,0.0
2010-07-13,0.0
2010-07-14,0.0
2010-07-15,0.0
2010-07-16,0.0
2010-07-19,0.0
2010-07-20,0.0
2010-07-21,0.0
2010-07-22,0.0
2010-07-23,0.0
2010-07-26,0.0
2010-07-27,0.0
2010-07-28,0.0
2010-07-29,0.0
2010-07-30,0.0
2010-08-02,0.0
2010-08-03,0.0
2010-08-04,0.0
2010-08-05,0.0
2010-08-06,0.0
2010-08-09,0.0
2010-08-10,0.0
2010-08-11,0.0
2010-08-12,0.0
2010-08-13,0.0
2010-08-16,0.0
2010-08-17,0.0
2010-08-18,0.0
2010-08-19,0.0
2010-08-20,0.0
2010-08-23,0.0
2010-08-24,0.0
2010-08-25,0.0
2010-08-26,0.0
2010-08-27,0.0
2010-08-30,0.0
2010-08-31,0.0
2010-09-01,0.0
2010-09-02,0.0
2010-09-03,0.0
2010-09-07,0.0
2010-09-08,0.0
2010-09-09,0.0
2010-09-10,0.0
2010-09-13,0.0
2010-09-14,0.0
2010-09-15,0.0
2010-09-16,0.0
2010-09-17,0.0
2010-09-20,0.0
2010-09-21,0.0
2010-09-22,0.0
2010-09-23,0.0
2010-09-24,0.0
2010-09-27,0.0
2010-09-28,0.0
2010-09-29,0.0
2010-09-30,0.0
2010-10-01,0.0
2010-10-04,0.0
2010-10-05,0.0
2010-10-06,0.0
2010-10-07,0.0
2010-10-08,0.0
2010-10-11,0.0
2010-10-12,0.0
2010-10-13,0.0
2010-10-14,0.0
2010-10-15,0.0
2010-10-18,0.0
2010-10-19,0.0
2010-10-20,0.0
2010-10-21,0.0
2010-10-22,0.0
2010-10-25,0.0
2010-10-26,0.0
2010-10-27,0.0
2010-10-28,0.0
2010-10-29,0.0
2010-11-01,0.0
2010-11-02,0.0
2010-11-03,0.0
2010-11-04,0.0
2010-11-05,0.0
2010-11-08,0.0
2010-11-09,0.0
2010-11-10,0.0
2010-11-11,0.0
2010-11-12,0.0
2010-11-15,0.0
2010-11-16,0.0
2010-11-17,0.0
2010-11-18,0.0
2010-11-19,0.0
2010-11-22,0.0
2010-11-23,0.0
2010-11-24,0.0
2010-11-26,0.0
2010-11-29,0.0
2010-11-30,0.0
2010-12-01,0.0
2010-12-02,0.0
2010-12-03,0.0
2010-12-06,0.0
2010-12-07,0.0
2010-12-08,0.0
2010-12-09,0.0
2010-12-10,0.0
2010-12-13,0.0
2010-12-14,0.0
2010-12-15,0.0
2010-12-16,0.0
2010-12-17,0.0
2010-12-20,0.0
2010-12-21,0.0
2010-12-22,0.0
2010-12-23,0.0
2010-12-27,0.0
2010-12-28,0.0
2010-12-29,0.0
2010-12-30,0.0
2010-12-31,0.0
2011-01-03,0.0
2011-01-04,0.0
2011-01-05,0.0
2011-01-06,0.0
2011-01-07,0.0
2011-01-10,0.0
2011-01-11,0.0
2011-01-12,0.0
2011-01-13,0.0
2011-01-14,0.0
2011-01-18,0.0
2011-01-19,0.0
2011-01-20,0.0
2011-01-21,0.0
2011-01-24,0.0
2011-01-25,0.0
2011-01-26,0.0
2011-01-27,0.0
2011-01-28,0.0
2011-01-31,0.0
2011-02-01,0.0
2011-02-02,0.0
2011-02-03,0.0
2011-02-04,0.0
2011-02-07,0.0
2011-02-08,0.0
2011-02-09,0.0
2011-02-10,0.0
2011-02-11,0.0
2011-02-14,0.0
2011-02-15,0.0
2011-02-16,0.0
2011-02-17,0.0
2011-02-18,0.0
2011-02-22,0.0
2011-02-23,0.0
2011-02-24,0.0
2011-02-25,0.0
2011-02-28,0.0
2011-03-01,0.0
2011-03-02,0.0
2011-03-03,0.0
2011-03-04,0.0
2011-03-07,0.0
2011-03-08,0.0
2011-03-09,0.0
2011-03-10,0.0
2011-03-11,0.0
2011-03-14,0.0
2011-03-15,0.0
2011-03-16,0.0
2011-03-17,0.0
2011-03-18,0.0
2011-03-21,0.0
2011-03-22,0.0
2011-03-23,0.0
2011-03-24,0.0
2011-03-25,0.0
2011-03-28,0.0
2011-03-29,0.0
2011-03-30,0.0
2011-03-31,0.0
2011-04-01,0.0
2011-04-04,0.0
2011-04-05,0.0
2011-04-06,0.0
2011-04-07,0.0
2011-04-08,0.0
2011-04-11,0.0
2011-04-12,0.0
2011-04-13,0.0
2011-04-14,0.0
2011-04-15,0.0
2011-04-18,0.0
2011-04-19,0.0
2011-04-20,0.0
2011-04-21,0.0
2011-04-25,0.0
2011-04-26,0.0
2011-04-27,0.0
2011-04-28,0.0
2011-04-29,0.0
2011-05-02,0.0
2011-05-03,0.0
2011-05-04,0.0
2011-05-05,0.0
2011-05-06,0.0
2011-05-09,0.0
2011-05-10,0.0
2011-05-11,0.0
2011-05-12,0.0
2011-05-13,0.0
2011-05-16,0.0
2011-05-17,0.0
2011-05-18,0.0
2011-05-19,0.0
2011-05-20,0.0
2011-05-23,0.0
2011-05-24,0.0
2011-05-25,0.0
2011-05-26,0.0
2011-05-27,0.0
2011-05-31,0.0
2011-06-01,0.0
2011-06-02,0.0
2011-06-03,0.0
2011-06-06,0.0
2011-06-07,0.0
2011-06-08,0.0
2011-06-09,0.0
2011-06-10,0.0
2011-06-13,0.0
2011-06-14,0.0
2011-06-15,0.0
2011-06-16,0.0
2011-06-17,0.0
2011-06-20,0.0
2011-06-21,0.0
2011-06-22,0.0
2011-06-23,0.0
2011-06-24,0.0
2011-06-27,0.0
2011-06-28,0.0
2011-06-29,0.0
2011-06-30,0.0
2011-07-01,0.0
2011-07-04,0.0
2011-07-05,0.0
2011-07-06,0.0
2011-07-07,0.0
2011-07-08,0.0
2011-07-11,0.0
2011-07-12,0.0
2011-07-13,0.0
2011-07-14,0.0
2011-07-15,0.0
2011-07-18,0.0
2011-07-19,0.0
2011-07-20,0.0
2011-07-21,0.0
2011-07-22,0.0
2011-07-25,0.0
2011-07-26,0.0
2011-07-27,0.0
2011-07-28,0.0
2011-07-29,0.0
2011-08-01,0.0
2011-08-02,0.0
2011-08-03,0.0
2011-08-04,0.0
2011-08-05,0.0
2011-08-08,0.0
2011-08-09,0.0
2011-08-10,0.0
2011-08-11,0.0
2011-08-12,0.0
2011-08-15,0.0
2011-08-16,0.0
2011-08-17,0.0
2011-08-18,0.0
2011-08-19,0.0
2011-08-22,0.0
2011-08-23,0.0
2011-08-24,0.0
2011-08-25,0.0
2011-08-26,0.0
2011-08-29,0.0
2011-08-30,0.0
2011-08-31,0.0
2011-09-01,0.0
2011-09-02,0.0
2011-09-06,0.0
2011-09-07,0.0
2011-09-08,0.0
2011-09-09,0.0
2011-09-12,0.0
2011-09-13,0.0
2011-09-14,0.0
2011-09-15,0.0
2011-09-16,0.0
2011-09-19,0.0
2011-09-20,0.0
2011-09-21,0.0
2011-09-22,0.0
2011-09-23,0.0
2011-09-26,0.0
2011-09-27,0.0
2011-09-28,0.0
2011-09-29,0.0
2011-09-30,0.0
2011-10-03,0.0
2011-10-04,0.0
2011-10-05,0.0
2011-10-06,0.0
2011-10-07,0.0
2011-10-10,0.0
2011-10-11,0.0
2011-10-12,0.0
2011-10-13,0.0
2011-10-14,0.0
2011-10-17,0.0
2011-10-18,0.0
2011-10-19,0.0
2011-10-20,0.0
2011-10-21,0.0
2011-10-24,0.0
2011-10-25,0.0
2011-10-26,0.0
2011-10-27,0.0
2011-10-28,0.0
2011-10-31,0.0
2011-11-01,0.0
2011-11-02,0.0
2011-11-03,0.0
2011-11-04,0.0
2011-11-07,0.0
2011-11-08,0.0
2011-11-09,0.0
2011-11-10,0.0
2011-11-11,0.0
2011-11-14,0.0
2011-11-15,0.0
2011-11-16,0.0
2011-11-17,0.0
2011-11-18,0.0
2011-11-21,0.0
2011-11-22,0.0
2011-11-23,0.0
2011-11-25,0.0
2011-11-28,0.0
2011-11-29,0.0
2011-11-30,0.0
2011-12-01,0.0
2011-12-02,0.0
2011-12-05,0.0
2011-12-06,0.0
2011-12-07,0.0
2011-12-08,0.0
2011-12-09,0.0
2011-12-12,0.0
2011-12-13,0.0
2011-12-14,0.0
2011-12-15,0.0
2011-12-16,0.0
2011-12-19,0.0
2011-12-20,0.0
2011-12-21,0.0
2011-12-22,0.0
2011-12-23,0.0
2011-12-27,0.0
2011-12-28,0.0
2011-12-29,0.0
2011-12-30,0.0
2012-01-03,0.0
2012-01-04,0.0
2012-01-05,0.0
2012-01-06,0.0
2012-01-09,0.0
2012-01-10,0.0
2012-01-11,0.0
2012-01-12,0.0
2012-01-13,0.0
2012-01-17,0.0
2012-01-18,0.0
2012-01-19,0.0
2012-01-20,0.0
2012-01-23,0.0
2012-01-24,0.0
2012-01-25,0.0
2012-01-26,0.0
2012-01-27,0.0
2012-01-30,0.0
2012-01-31,0.0
2012-02-01,0.0
2012-02-02,0.0
2012-02-03,0.0
2012-02-06,0.0
2012-02-07,0.0
2012-02-08,0.0
2012-02-09,0.0
2012-02-10,0.0
2012-02-13,0.0
2012-02-14,0.0
2012-02-15,0.0
2012-02-16,0.0
2012-02-17,0.0
2012-02-21,0.0
2012-02-22,0.0
2012-02-23,0.0
2012-02-24,0.0
2012-02-27,0.0
2012-02-28,0.0
2012-02-29,0.0
2012-03-01,0.0
2012-03-02,0.0
2012-03-05,0.0
2012-03-06,0.0
2012-03-07,0.0
2012-03-08,0.0
2012-03-09,0.0
2012-03-12,0.0
2012-03-13,0.0
2012-03-14,0.0
2012-03-15,0.0
2012-03-16,0.0
2012-03-19,0.0
2012-03-20,0.0
2012-03-21,0.0
2012-03-22,0.0
2012-03-23,0.0
2012-03-26,0.0
2012-03-27,0.0
2012-03-28,0.0
2012-03-29,0.0
2012-03-30,0.0
2012-04-02,0.0
2012-04-03,0.0
2012-04-04,0.0
2012-04-05,0.0
2012-04-06,0.0
2012-04-09,0.0
2012-04-10,0.0
2012-04-11,0.0
2012-04-12,0.0
2012-04-13,0.0
2012-04-16,0.0
2012-04-17,0.0
2012-04-18,0.0
2012-04-19,0.0
2012-04-20,0.0
2012-04-23,0.0
2012-04-24,0.0
2012-04-25,0.0
2012-04-26,0.0
2012-04-27,0.0
2012-04-30,0.0
2012-05-01,0.0
2012-05-02,0.0
2012-05-03,0.0
2012-05-04,0.0
2012-05-07,0.0
2012-05-08,0.0
2012-05-09,0.0
2012-05-10,0.0
2012-05-11,0.0
2012-05-14,0.0
2012-05-15,0.0
2012-05-16,0.0
2012-05-17,0.0
2012-05-18,0.0
2012-05-21,0.0
2012-05-22,0.0
2012-05-23,0.0
2012-05-24,0.0
2012-05-25,0.0
2012-05-28,0.0
2012-05-29,0.0
2012-05-30,0.0
2012-05-31,0.0
2012-06-01,0.0
2012-06-04,0.0
2012-06-05,0.0
2012-06-06,0.0
2012-06-07,0.0
2012-06-08,0.0
2012-06-11,0.0
2012-06-12,0.0
2012-06-13,0.0
2012-06-14,0.0
2012-06-15,0.0
2012-06-18,0.0
2012-06-19,0.0
2012-06-20,0.0
2012-06-21,0.0
2012-06-22,0.0
2012-06-25,0.0
2012-06-26,0.0
2012-06-27,0.0
2012-06-28,0.0
2012-06-29,0.0
2012-07-02,0.0
2012-07-03,0.0
2012-07-05,0.0
2012-07-06,0.0
2012-07-09,0.0
2012-07-10,0.0
2012-07-11,0.0
2012-07-12,0.0
2012-07-13,0.0
2012-07-16,0.0
2012-07-17,0.0
2012-07-18,0.0
2012-07-19,0.0
2012-07-20,0.0
2012-07-23,0.0
2012-07-24,0.0
2012-07-25,0.0
2012-07-26,0.0
2012-07-27,0.0
2012-07-30,0.0
2012-07-31,0.0
2012-08-01,0.0
2012-08-02,0.0
2012-08-03,0.0
2012-08-06,0.0
2012-08-07,0.0
2012-08-08,0.0
2012-08-09,0.0
2012-08-10,0.0
2012-08-13,0.0
2012-08-14,0.0
2012-08-15,0.0
2012-08-16,0.0
2012-08-17,0.0
2012-08-20,0.0
2012-08-21,0.0
2012-08-22,0.0
2012-08-23,0.0
2012-08-24,0.0
2012-08-27,0.0
2012-08-28,0.0
2012-08-29,0.0
2012-08-30,0.0
2012-08-31,0.0
2012-09-04,0.0
2012-09-05,0.0
2012-09-06,0.0
2012-09-07,0.0
2012-09-10,0.0
2012-09-11,0.0
2012-09-12,0.0
2012-09-13,0.0
2012-09-14,0.0
2012-09-17,0.0
2012-09-18,0.0
2012-09-19,0.0
2012-09-20,0.0
2012-09-21,0.0
2012-09-24,0.0
2012-09-25,0.0
2012-09-26,0.0
2012-09-27,0.0
2012-09-28,0.0
2012-10-01,0.0
2012-10-02,0.0
2012-10-03,0.0
2012-10-04,0.0
2012-10-05,0.0
2012-10-08,0.0
2012-10-09,0.0
2012-10-10,0.0
2012-10-11,0.0
2012-10-12,0.0
2012-10-15,0.0
2012-10-16,0.0
2012-10-17,0.0
2012-10-18,0.0
2012-10-19,0.0
2012-10-22,0.0
2012-10-23,0.0
2012-10-24,0.0
2012-10-25,0.0
2012-10-26,0.0
2012-10-31,0.0
2012-11-01,0.0
2012-11-02,0.0
2012-11-05,0.0
2012-11-06,0.0
2012-11-07,0.0
2012-11-08,0.0
2012-11-09,0.0
2012-11-12,0.0
2012-11-13,0.0
2012-11-14,0.0
2012-11-15,0.0
2012-11-16,0.0
2012-11-19,0.0
2012-11-20,0.0
2012-11-21,0.0
2012-11-23,0.0
2012-11-26,0.0
2012-11-27,0.0
2012-11-28,0.0
2012-11-29,0.0
2012-11-30,0.0
2012-12-03,0.0
2012-12-04,0.0
2012-12-05,0.0
2012-12-06,0.0
2012-12-07,0.0
2012-12-10,0.0
2012-12-11,0.0
2012-12-12,0.0
2012-12-13,0.0
2012-12-14,0.0
2012-12-17,0.0
2012-12-18,0.0
2012-12-19,0.0
2012-12-20,0.0
2012-12-21,0.0
2012-12-24,0.0
2012-12-26,0.0
2012-12-27,0.0
2012-12-28,0.0
2012-12-31,0.0
2013-01-02,0.0
2013-01-03,0.0
2013-01-04,0.0
2013-01-07,0.0
2013-01-08,0.0
2013-01-09,0.0
2013-01-10,0.0
2013-01-11,0.0
2013-01-14,0.0
2013-01-15,0.0
2013-01-16,0.0
2013-01-17,0.0
2013-01-18,0.0
2013-01-22,0.0
2013-01-23,0.0
2013-01-24,0.0
2013-01-25,0.0
2013-01-28,0.0
2013-01-29,0.0
2013-01-30,0.0
2013-01-31,0.0
2013-02-01,0.0
2013-02-04,0.0
2013-02-05,0.0
2013-02-06,0.0
2013-02-07,0.0
2013-02-08,0.0
2013-02-11,0.0
2013-02-12,0.0
2013-02-13,0.0
2013-02-14,0.0
2013-02-15,0.0
2013-02-19,0.0
2013-02-20,0.0
2013-02-21,0.0
2013-02-22,0.0
2013-02-25,0.0
2013-02-26,0.0
2013-02-27,0.0
2013-02-28,0.0
2013-03-01,0.0
2013-03-04,0.0
2013-03-05,0.0
2013-03-06,0.0
2013-03-07,0.0
2013-03-08,0.0
2013-03-11,0.0
2013-03-12,0.0
2013-03-13,0.0
2013-03-14,0.0
2013-03-15,0.0
2013-03-18,0.0
2013-03-19,0.0
2013-03-20,0.0
2013-03-21,0.0
2013-03-22,0.0
2013-03-25,0.0
2013-03-26,0.0
2013-03-27,0.0
2013-03-28,0.0
2013-04-01,0.0
2013-04-02,0.0
2013-04-03,0.0
2013-04-04,0.0
2013-04-05,0.0
2013-04-08,0.0
2013-04-09,0.0
2013-04-10,0.0
2013-04-11,0.0
2013-04-12,0.0
2013-04-15,0.0
2013-04-16,0.0
2013-04-17,0.0
2013-04-18,0.0
2013-04-19,0.0
2013-04-22,0.0
2013-04-23,0.0
2013-04-24,0.0
2013-04-25,0.0
2013-04-26,0.0
2013-04-29,0.0
2013-04-30,0.0
2013-05-01,0.0
2013-05-02,0.0
2013-05-03,0.0
2013-05-06,0.0
2013-05-07,0.0
2013-05-08,0.0
2013-05-09,0.0
2013-05-10,0.0
2013-05-13,0.0
2013-05-14,0.0
2013-05-15,0.0
2013-05-16,0.0
2013-05-17,0.0
2013-05-20,0.0
2013-05-21,0.0
2013-05-22,0.0
2013-05-23,0.0
2013-05-24,0.0
2013-05-28,0.0
2013-05-29,0.0
2013-05-30,0.0
2013-05-31,0.0
2013-06-03,0.0
2013-06-04,0.0
2013-06-05,0.0
2013-06-06,0.0
2013-06-07,0.0
2013-06-10,0.0
2013-06-11,0.0
2013-06-12,0.0
2013-06-13,0.0
2013-06-14,0.0
2013-06-17,0.0
2013-06-18,0.0
2013-06-19,0.0
2013-06-20,0.0
2013-06-21,0.0
2013-06-24,0.0
2013-06-25,0.0
2013-06-26,0.0
2013-06-27,0.0
2013-06-28,0.0
2013-07-01,0.0
2013-07-02,0.0
2013-07-03,0.0
2013-07-05,0.0
2013-07-08,0.0
2013-07-09,0.0
2013-07-10,0.0
2013-07-11,0.0
2013-07-12,0.0
2013-07-15,0.0
2013-07-16,0.0
2013-07-17,0.0
2013-07-18,0.0
2013-07-19,0.0
2013-07-22,0.0
2013-07-23,0.0
2013-07-24,0.0
2013-07-25,0.0
2013-07-26,0.0
2013-07-29,0.0
2013-07-30,0.0
2013-07-31,0.0
2013-08-01,0.0
2013-08-02,0.0
2013-08-05,0.0
2013-08-06,0.0
2013-08-07,0.0
2013-08-08,0.0
2013-08-09,0.0
2013-08-12,0.0
2013-08-13,0.0
2013-08-14,0.0
2013-08-15,0.0
2013-08-16,0.0
2013-08-19,0.0
2013-08-20,0.0
2013-08-21,0.0
2013-08-22,0.0
2013-08-23,0.0
2013-08-26,0.0
2013-08-27,0.0
2013-08-28,0.0
2013-08-29,0.0
2013-08-30,0.0
2013-09-03,0.0
2013-09-04,0.0
2013-09-05,0.0
2013-09-06,0.0
2013-09-09,0.0
2013-09-10,0.0
2013-09-11,0.0
2013-09-12,0.0
2013-09-13,0.0
2013-09-16,0.0
2013-09-17,0.0
2013-09-18,0.0
2013-09-19,0.0
2013-09-20,0.0
2013-09-23,0.0
2013-09-24,0.0
2013-09-25,0.0
2013-09-26,0.0
2013-09-27,0.0
2013-09-30,0.0
2013-10-01,0.0
2013-10-02,0.0
2013-10-03,0.0
2013-10-04,0.0
2013-10-07,0.0
2013-10-08,0.0
2013-10-09,0.0
2013-10-10,0.0
2013-10-11,0.0
2013-10-14,0.0
2013-10-15,0.0
2013-10-16,0.0
2013-10-17,0.0
2013-10-18,0.0
2013-10-21,0.0
2013-10-22,0.0
2013-10-23,0.0
2013-10-24,0.0
2013-10-25,0.0
2013-10-28,0.0
2013-10-29,0.0
2013-10-30,0.0
2013-10-31,0.0
2013-11-01,0.0
2013-11-04,0.0
2013-11-05,0.0
2013-11-06,0.0
2013-11-07,0.0
2013-11-08,0.0
2013-11-11,0.0
2013-11-12,0.0
2013-11-13,0.0
2013-11-14,0.0
2013-11-15,0.0
2013-11-18,0.0
2013-11-19,0.0
2013-11-20,0.0
2013-11-21,0.0
2013-11-22,0.0
2013-11-25,0.0
2013-11-26,0.0
2013-11-27,0.0
2013-11-29,0.0
2013-12-02,0.0
2013-12-03,0.0
2013-12-04,0.0
2013-12-05,0.0
2013-12-06,0.0
2013-12-09,0.0
2013-12-10,0.0
2013-12-11,0.0
2013-12-12,0.0
2013-12-13,0.0
2013-12-16,0.0
2013-12-17,0.0
2013-12-18,0.0
2013-12-19,0.0
2013-12-20,0.0
2013-12-23,0.0
2013-12-24,0.0
2013-12-26,0.0
2013-12-27,0.0
2013-12-30,0.0
2013-12-31,0.0
2014-01-02,0.0
2014-01-03,0.0
2014-01-06,0.0
2014-01-07,0.0
2014-01-08,0.0
2014-01-09,0.0
2014-01-10,0.0
2014-01-13,0.0
2014-01-14,0.0
2014-01-15,0.0
2014-01-16,0.0
2014-01-17,0.0
2014-01-21,0.0
2014-01-22,0.0
2014-01-23,0.0
2014-01-24,0.0
2014-01-27,0.0
2014-01-28,0.0
2014-01-29,0.0
2014-01-30,0.0
2014-01-31,0.0
2014-02-03,0.0
2014-02-04,0.0
2014-02-05,0.0
2014-02-06,0.0
2014-02-07,0.0
2014-02-10,0.0
2014-02-11,0.0
2014-02-12,0.0
2014-02-13,0.0
2014-02-14,0.0
2014-02-18,0.0
2014-02-19,0.0
2014-02-20,0.0
2014-02-21,0.0
2014-02-24,0.0
2014-02-25,0.0
2014-02-26,0.0
2014-02-27,0.0
2014-02-28,0.0
2014-03-03,0.0
2014-03-04,0.0029224032175406
2014-03-05,0.004636994975386537
2014-03-06,0.005711431315547043
2014-03-07,-0.0016252121163539883
2014-03-10,0.0018461096230854431
2014-03-11,-0.005174008908423424
2014-03-12,0.0005957455751083411
2014-03-13,-0.0010327029192783747
2014-03-14,-0.003375003082605724
2014-03-17,-0.0034624839007432774
2014-03-18,0.0026879382555548914
2014-03-19,0.002748616441521013
2014-03-20,0.0042926567792727095
2014-03-21,0.0019113069421552332
2014-03-24,9.950183318292597e-05
2014-03-25,-0.0009982506418766593
2014-03-26,0.003773775962343306
2014-03-27,-0.004824197259077264
2014-03-28,-0.004216368810673406
2014-03-31,-0.001447334766528321
2014-04-01,-0.0028593099648683276
2014-04-02,0.004208459426803056
2014-04-03,-0.0007087940126225458
2014-04-04,-0.0013239897209863568
2014-04-07,-0.014763814528231608
2014-04-08,-0.002536460079306129
2014-04-09,-0.0022622826076551653
2014-04-10,-0.0019326215208513979
2014-04-11,-0.014209371284365587
2014-04-14,-0.007071948105128986
2014-04-15,0.0018142199282058277
2014-04-16,-0.005187571184510637
2014-04-17,0.007690935742490909
2014-04-21,0.0027258709645467233
2014-04-22,0.0011101064541032715
2014-04-23,-0.006154642590507248
2014-04-24,0.01281673669540426
2014-04-25,-0.004797927501332858
2014-04-28,-0.004588745544849943
2014-04-29,-0.009545545150054527
2014-04-30,0.0009742847689088439
2014-05-01,0.01195283154407174
2014-05-02,-0.011109777413804226
2014-05-05,0.0007568887585326519
2014-05-06,0.004229684441608531
2014-05-07,0.006423300634284587
2014-05-08,0.0007962336373435071
2014-05-09,0.003241678760837479
2014-05-12,0.005063983790199848
2014-05-13,0.0028879854099981496
2014-05-14,-0.0006620437835108209
2014-05-15,-0.006637096574184362
2014-05-16,-0.008948413356805998
2014-05-19,0.002680518754229022
2014-05-20,-0.001144493332846467
2014-05-21,0.0010273236830738058
2014-05-22,0.0009981535885125307
2014-05-23,-0.007163565111564345
2014-05-27,0.006056574639632202
2014-05-28,-0.004469434930426934
2014-05-29,-0.0018212893084028736
2014-05-30,-0.0017551119987284868
2014-06-02,-0.0019846216051921306
2014-06-03,-0.0062996789968881115
2014-06-04,-0.0006083852356272872
2014-06-05,0.007364939973017936
2014-06-06,-0.002446872969194039
2014-06-09,0.0021262000788955437
2014-06-10,-0.0005387233492693608
2014-06-11,0.006495227513507592
2014-06-12,-0.00021159170469275986
2014-06-13,-0.0026737665503917315
2014-06-16,0.004864098563024574
2014-06-17,-0.006745860980118461
2014-06-18,0.005029689621903645
2014-06-19,0.0039654644751697405
2014-06-20,-0.0006131900354468407
2014-06-23,0.002685609537448198
2014-06-24,-0.023490613391088547
2014-06-25,-0.0002151700833054823
2014-06-26,0.01057539211610464
2014-06-27,-0.005272141687896441
2014-06-30,-0.004679160193802054
2014-07-01,0.0025855665579247165
2014-07-02,-0.0034772774382749554
2014-07-03,-0.005187599178477889
2014-07-07,0.0013358657942463747
2014-07-08,-0.006160326084831269
2014-07-09,0.008754913118684808
2014-07-10,-0.0014767001288701496
2014-07-11,-0.0018460102668287983
2014-07-14,-0.005327531919233608
2014-07-15,-0.0012357094268958463
2014-07-16,-0.0023530504944542763
2014-07-17,0.008734113508897925
2014-07-18,-0.004198244723430482
2014-07-21,0.0004254071424803477
2014-07-22,0.0068239588470195775
2014-07-23,-0.0019891821520620135
2014-07-24,-0.00599995987238032
2014-07-25,0.005089227476109248
2014-07-28,-0.004659713170649524
2014-07-29,-0.006034132023266686
2014-07-30,-0.012573341073456357
2014-07-31,-0.013609071128728754
2014-08-01,-0.006934119343798409
2014-08-04,-0.0006277931664366075
2014-08-05,0.0044871832150499245
2014-08-06,-0.008096028937512505
2014-08-07,-0.005412184752887068
2014-08-08,-0.007099407686226792
2014-08-11,0.0038678203936599034
2014-08-12,0.004979701229287009
2014-08-13,0.006289360088360743
2014-08-14,-0.002616506179434505
2014-08-15,-0.0038201126715812915
2014-08-18,-0.0021105776342220457
2014-08-19,-0.0035070756176261097
2014-08-20,-0.007900167892901237
2014-08-21,-0.002068541641036929
2014-08-22,-0.0032100898392599295
2014-08-25,-0.0031586885065866214
2014-08-26,-0.007907740173609184
2014-08-27,-0.0015228471206410177
2014-08-28,0.0002300739277604367
2014-08-29,0.003264209684922522
2014-09-02,-0.0016253991119977078
2014-09-03,-0.0030870926291981815
2014-09-04,0.003369324475283412
2014-09-05,-0.006327737768035391
2014-09-08,0.005359005962115946
2014-09-09,-0.001621803046768855
2014-09-10,0.0017626274785738402
2014-09-11,-0.0035700735563082824
2014-09-12,0.004890967438701529
2014-09-15,-0.007621398787418429
2014-09-16,0.0001512386404381109
2014-09-17,0.0019163009863599908
2014-09-18,0.0037156048019717563
2014-09-19,-0.0038255976116785342
2014-09-22,-0.00764487378652163
2014-09-23,-0.0023768506336082425
2014-09-24,-0.004533808349838362
2014-09-25,-0.004152826427627917
2014-09-26,0.0011506644708490158
2014-09-29,0.00151347199299652
2014-09-30,0.001930272865293512
2014-10-01,-0.004274209690281035
2014-10-02,-0.009297343025061324
2014-10-03,-0.011367621472609092
2014-10-06,-0.0009664896252008716
2014-10-07,-0.003604151211585232
2014-10-08,-0.006692642187758275
2014-10-09,-0.010089672164861476
2014-10-10,-0.014209999942592314
2014-10-13,-0.007200757932678329
2014-10-14,-0.008106442562229052
2014-10-15,-0.003113115312353247
2014-10-16,0.016199897717100873
2014-10-17,7.531544559944775e-05
2014-10-20,0.01127127382595642
2014-10-21,0.0017966249868319787
2014-10-22,-0.0012844957530098679
2014-10-23,-0.01195629087884447
2014-10-24,0.004362543056512508
2014-10-27,-0.0042492751311823136
2014-10-28,5.511019603985761e-05
2014-10-29,-0.0029299746409070333
2014-10-30,-0.005440514977657416
2014-10-31,-0.019940776733187476
2014-11-03,-0.006767255049042095
2014-11-04,0.008423545232431896
2014-11-05,-0.012789381372141485
2014-11-06,0.010466016395557963
2014-11-07,0.004097592286777677
2014-11-10,0.0006866794079675627
2014-11-11,0.0023192754349824394
2014-11-12,-0.0004235552010384809
2014-11-13,0.0005496736086012537
2014-11-14,-0.0015820336330693216
2014-11-17,7.943346594972201e-05
2014-11-18,0.0062377176621408225
2014-11-19,0.0008481044596222974
2014-11-20,-0.003451997785936117
2014-11-21,0.00310735497577051
2014-11-24,0.006800131841718726
2014-11-25,0.001573094333592751
2014-11-26,-0.004512491879598961
2014-11-28,0.009560168191967276
2014-12-01,0.000258924986078094
2014-12-02,-0.007224723269735099
2014-12-03,0.007031896587651493
2014-12-04,0.0052579519877562495
2014-12-05,-0.001082393829528195
2014-12-08,0.0010794892769323892
2014-12-09,-0.0005109682979292773
2014-12-10,-0.006321866534159262
2014-12-11,-0.0005178833188012263
2014-12-12,-0.00021041613972985702
2014-12-15,-0.006095292516910626
2014-12-16,0.0088939593023519
2014-12-17,-0.0033640225425942537
2014-12-18,-0.007397498510897745
2014-12-19,0.009216863768371622
2014-12-22,0.00018980236733337507
2014-12-23,0.0021581952716328763
2014-12-24,-0.004139164060336169
2014-12-26,0.0009427417815863369
2014-12-29,-0.001856139034116773
2014-12-30,-0.009357090892657039
2014-12-31,-0.005850726268250575
2015-01-02,-0.003334290651185636
2015-01-05,-0.003925549064504062
2015-01-06,0.0006177132614844983
2015-01-07,-0.0017596905709931572
2015-01-08,0.01361643067648159
2015-01-09,0.002377479039102565
2015-01-12,0.01128557344266382
2015-01-13,0.004689741893151077
2015-01-14,0.0007477605155613257
2015-01-15,0.00412232062966658
2015-01-16,0.008234462903463292
2015-01-20,0.00846173070393344
2015-01-21,-0.014267457378526877
2015-01-22,-0.008369040958999952
2015-01-23,-0.00844433822416153
2015-01-26,-0.0005633977214849006
2015-01-27,-0.005035355280744908
2015-01-28,0.0039370330923763535
2015-01-29,-0.005754603993952304
2015-01-30,-0.0068739761191389795
2015-02-02,-0.023682036608689307
2015-02-03,-0.012582650019660836
2015-02-04,0.002561122163757932
2015-02-05,0.003459222540744663
2015-02-06,-0.009502745072160226
2015-02-09,-0.011438725156942367
2015-02-10,-0.0044196296357534755
2015-02-11,0.009872531905378195
2015-02-12,0.0005038536805053125
2015-02-13,-0.005728409287661578
2015-02-17,-0.00617205197755181
2015-02-18,-0.0069733062700950985
2015-02-19,0.0050222229484571945
2015-02-20,-0.007017576998215684
2015-02-23,0.005317620961306958
2015-02-24,0.0076003994950175685
2015-02-25,0.0048492850830997025
2015-02-26,-0.00690696611737581
2015-02-27,0.0020830046404463278
2015-03-02,0.0009723783501968605
2015-03-03,-0.0007367721281705596
2015-03-04,-0.005356109757146009
2015-03-05,-0.0023065367843135036
2015-03-06,-0.001593910611174014
2015-03-09,-0.004604815847250484
2015-03-10,-0.005025730184870053
2015-03-11,0.0018381316596058656
2015-03-12,-0.0012211484334778077
2015-03-13,0.005379626854057048
2015-03-16,0.004416009615175486
2015-03-17,0.005994152479892038
2015-03-18,-0.004028144344021807
2015-03-19,0.0008917941289848436
2015-03-20,0.0035890138044224924
2015-03-23,-0.00521885806329235
2015-03-24,-0.004082649727311475
2015-03-25,-0.008904632139348162
2015-03-26,-0.022184832145396117
2015-03-27,0.010843169395048766
2015-03-30,0.019937582882056156
2015-03-31,-0.004057191628486277
2015-04-01,-0.0027358999265593717
2015-04-02,-0.0029158516895223803
2015-04-06,-0.0011984013782535448
2015-04-07,-0.00042822791988919383
2015-04-08,-0.003868111940575144
2015-04-09,-0.0015921409930526333
2015-04-10,-0.003028579185306362
2015-04-13,0.004476937282132422
2015-04-14,-0.005658475569651995
2015-04-15,-0.0065975594036954705
2015-04-16,-0.011700996697417552
2015-04-17,-0.009134616713474621
2015-04-20,-0.0008282812716396151
2015-04-21,0.017549832253148247
2015-04-22,0.0018001597850548017
2015-04-23,-0.005916110873362379
2015-04-24,0.0025820868380799266
2015-04-27,-0.0011584531806813983
2015-04-28,-0.006860865925742294
2015-04-29,-0.0016227382597681188
2015-04-30,-0.018503127757221398
2015-05-01,-0.01064396374015364
2015-05-04,0.007039881693334668
2015-05-05,0.0010023175051182772
2015-05-06,-0.0016438023910695463
2015-05-07,0.010233319168154767
2015-05-08,0.005843845129168473
2015-05-11,-0.0016188666025963934
2015-05-12,0.00016638860334678457
2015-05-13,0.0029454447803429675
2015-05-14,-0.0014033815751351465
2015-05-15,0.0038513420959457307
2015-05-18,0.00016159381410048022
2015-05-19,0.005159906544170054
2015-05-20,0.0024643671416727103
2015-05-21,-0.0012867585199587707
2015-05-22,-0.0008230155669751238
2015-05-26,0.0028774047639173682
2015-05-27,-0.004503583488361059
2015-05-28,0.004762367367554003
2015-05-29,0.0003181817748415379
2015-06-01,0.014535162177352465
2015-06-02,-0.006038962574332425
2015-06-03,-0.003030934190538143
2015-06-04,-0.0026373963604544473
2015-06-05,0.0038470816612099098
2015-06-08,0.002938581474851206
2015-06-09,-0.003371604687548356
2015-06-10,0.0013725140939178234
2015-06-11,0.004156374562871719
2015-06-12,-0.0045678573969907335
2015-06-15,0.000439144624981879
2015-06-16,0.0023697725197126423
2015-06-17,0.0069913885153246105
2015-06-18,0.0037657287810722783
2015-06-19,0.0061504510709238765
2015-06-22,0.0018063242467109956
2015-06-23,-0.005970708235932969
2015-06-24,-0.0066220332036685675
2015-06-25,0.0010857039788223608
2015-06-26,0.009651448066485525
2015-06-29,-0.0025216520250388964
2015-06-30,-0.005232386064949834
2015-07-01,0.0006179445148653542
2015-07-02,0.005665444845720541
2015-07-06,-0.010807534815093351
2015-07-07,0.010952047048238022
2015-07-08,-0.006343208653475065
2015-07-09,0.003588274391022455
2015-07-10,0.003751453034776644
2015-07-13,0.008281053209261877
2015-07-14,-0.01465122290213073
2015-07-15,0.0024690086181325425
2015-07-16,0.0021307685332875312
2015-07-17,-0.002909239325825054
2015-07-20,-0.003439920358979991
2015-07-21,0.0033618482434492345
2015-07-22,0.0017974795880090102
2015-07-23,0.018654915663145432
2015-07-24,-0.008154922467185499
2015-07-27,0.0021664212810875417
2015-07-28,-0.004794084620847192
2015-07-29,-0.01100924935124107
2015-07-30,-0.005612736209316897
2015-07-31,0.0011271929669486134
2015-08-03,0.0015706914037463486
2015-08-04,-0.004840995617871591
2015-08-05,-0.008810909932385109
2015-08-06,0.019783084571810786
2015-08-07,-0.02250141340292478
2015-08-10,0.013321840625003792
2015-08-11,-0.01877777094558805
2015-08-12,0.0018397722911617227
2015-08-13,-0.002917046868039594
2015-08-14,0.00673438723562559
2015-08-17,-0.00027141047450860133
2015-08-18,0.011108766880959357
2015-08-19,0.0004947081716828593
2015-08-20,0.00017473342040554173
2015-08-21,-0.004645940129309526
2015-08-24,-0.017260802667716388
2015-08-25,0.0077422607665831355
2015-08-26,0.01398863505267033
2015-08-27,0.00808209651740502
2015-08-28,-0.022111749551807832
2015-08-31,-0.0014890046075183845
2015-09-01,-0.014347564869966023
2015-09-02,0.003019300367836393
2015-09-03,0.003706543834583814
2015-09-04,0.0029438812277023424
2015-09-08,0.0019953577749513454
2015-09-09,0.005371236619484146
2015-09-10,-0.005428825554607414
2015-09-11,0.0022871267077098703
2015-09-14,0.002787242338268783
2015-09-15,-0.0022813869327742184
2015-09-16,-0.002613276663688211
2015-09-17,-0.0026087665312603692
2015-09-18,7.360431196189945e-05
2015-09-21,0.006249670224304461
2015-09-22,0.0038841834357379165
2015-09-23,-0.00013670302547582694
2015-09-24,0.013221659622001189
2015-09-25,-0.004564196039364977
2015-09-28,0.0052879518080470745
2015-09-29,-0.007314671071174168
2015-09-30,-0.0028724150034848514
2015-10-01,-0.0012721830931052454
2015-10-02,0.002992420848004121
2015-10-05,-0.005398138323722918
2015-10-06,-0.01357654784477225
2015-10-07,-0.015600747766368678
2015-10-08,-0.0033053000052259917
2015-10-09,-0.006804853102909975
2015-10-12,-0.0033109008174855843
2015-10-13,0.013069573673904185
2015-10-14,-0.00945896140416825
2015-10-15,0.00037024390585722183
2015-10-16,0.011618672778285072
2015-10-19,0.013583436969550418
2015-10-20,-0.0024159731779091493
2015-10-21,0.012971271969728535
2015-10-22,-0.004589224189755888
2015-10-23,0.0009734974161326232
2015-10-26,-0.006344696640552174
2015-10-27,0.0029403013143705858
2015-10-28,-0.001687870879548298
2015-10-29,0.0012858002979044983
2015-10-30,-0.005281536242900717
2015-11-02,0.00434871126223666
2015-11-03,-0.004565933004546254
2015-11-04,-0.007789426006186936
2015-11-05,0.002698433009184607
2015-11-06,0.008433872976156045
2015-11-09,0.0013938738239372046
2015-11-10,-0.008187808557896328
2015-11-11,0.004982782955652926
2015-11-12,0.0010635078878091456
2015-11-13,0.0021691516079722067
2015-11-16,-0.0008844918146866263
2015-11-17,-0.0037010287032934294
2015-11-18,-0.0054288979133971125
2015-11-19,0.000642820350404029
2015-11-20,0.0022962328115106938
2015-11-23,0.007504861237373037
2015-11-24,0.001120461064634959
2015-11-25,-0.003023956162038486
2015-11-27,-0.0005579783153213841
2015-11-30,0.0016294684458016062
2015-12-01,-0.0020640861939840256
2015-12-02,0.0012847302786928945
2015-12-03,0.0036564143341192836
2015-12-04,0.006041100343691384
2015-12-07,0.01929168969673327
2015-12-08,0.005294377625652782
2015-12-09,-1.462134315152754e-05
2015-12-10,-0.014272655881583258
2015-12-11,-0.005434705350795463
2015-12-14,0.003667337453795086
2015-12-15,0.005140165402676615
2015-12-16,0.0009294485284094995
2015-12-17,0.0028336421183065654
2015-12-18,0.0059459756016714636
2015-12-21,0.000529129092767928
2015-12-22,-0.004966196448036867
2015-12-23,-0.003646920926501867
2015-12-24,-0.013163017960525247
2015-12-28,0.0017035114194734744
2015-12-29,0.005474796711916089
2015-12-30,0.005590819249971596
2015-12-31,4.114110292399147e-05
2016-01-04,-0.006337895095209888
2016-01-05,-0.006512104371848619
2016-01-06,0.0002346164985605066
2016-01-07,0.010854998748765823
2016-01-08,0.0033785309623674733
2016-01-11,-0.006581075976368452
2016-01-12,0.013479770861527894
2016-01-13,0.00532388130865694
2016-01-14,-0.0016711788947148772
2016-01-15,-8.625872682297992e-05
2016-01-19,-0.006672853062148016
2016-01-20,0.011711254435594736
2016-01-21,-0.004172569582121299
2016-01-22,-0.00814069529788368
2016-01-25,0.007007621935967453
2016-01-26,0.011022284311718413
2016-01-27,0.0001625536043496833
2016-01-28,-0.001296902776962645
2016-01-29,-0.003909736190346839
2016-02-01,0.0013059091521459387
2016-02-02,-0.004679624924991392
2016-02-03,0.0015522196821692272
2016-02-04,-0.004179977162256823
2016-02-05,-0.010490318543921028
2016-02-08,-1.8356091424377087e-06
2016-02-09,0.00795698889984834
2016-02-10,0.0015953960379524682
2016-02-11,0.008845077823069885
2016-02-12,-0.0018891107646794617
2016-02-16,-0.008404539759561533
2016-02-17,-0.011505068516541777
2016-02-18,-0.003429217767305029
2016-02-19,-0.00656197526903128
2016-02-22,0.004262477291145196
2016-02-23,0.0025417042537712897
2016-02-24,0.007038322860909307
2016-02-25,-0.0005187277530884217
2016-02-26,0.0003821878865361601
2016-02-29,-0.004461760295358059
2016-03-01,-0.003458996726091967
2016-03-02,0.005231903336923179
2016-03-03,-0.004688812629189499
2016-03-04,-0.00574842226039893
2016-03-07,-0.004012322236073972
2016-03-08,-0.008016953526390655
2016-03-09,0.010926603067774921
2016-03-10,0.003491086707473175
2016-03-11,0.0006962731180000846
2016-03-14,-0.0035815163791574
2016-03-15,-0.0008447799848432162
2016-03-16,0.008770053614409993
2016-03-17,0.00043897890666344535
2016-03-18,0.0016272807134774098
2016-03-21,-0.0025809025531218456
2016-03-22,0.001823988734878587
2016-03-23,-0.004653552393340239
2016-03-24,0.01604762364786326
2016-03-28,0.002052737991511024
2016-03-29,0.008763628971613048
2016-03-30,0.0029911695962779807
2016-03-31,0.0021106685807184456
2016-04-01,-0.0030789233646198863
2016-04-04,0.004978585506046376
2016-04-05,-0.0044762647312600445
2016-04-06,-0.0015227384018296666
2016-04-07,-0.0035052169379152114
2016-04-08,0.00027986139285597503
2016-04-11,0.006642384280469186
2016-04-12,0.0006354606866658441
2016-04-13,-0.00028494271283344575
2016-04-14,-0.006453403960012327
2016-04-15,-0.0021049136016518654
2016-04-18,0.008003787056969944
2016-04-19,-0.0038708366238414463
2016-04-20,-0.0014081092289853442
2016-04-21,-0.007041315961634051
2016-04-22,0.0041033491849482955
2016-04-25,0.0013265210492134625
2016-04-26,-0.0005690578710106696
2016-04-27,-0.00030489955478116184
2016-04-28,-0.0023288344639669227
2016-04-29,0.004325225931702848
2016-05-02,0.012180679245037051
2016-05-03,0.005161425218950013
2016-05-04,-0.0041837323753370825
2016-05-05,0.007720012402854452
2016-05-06,-0.002719485687900875
2016-05-09,0.006593398805641589
2016-05-10,-0.0022406203272001103
2016-05-11,0.001496687532645081
2016-05-12,-0.0008838254018433926
2016-05-13,0.00860627844535044
2016-05-16,0.0007843049673367141
2016-05-17,-0.001035241810796029
2016-05-18,-0.012002155358198558
2016-05-19,-0.008398436879533558
2016-05-20,0.004602689998849797
2016-05-23,-0.003282718051925131
2016-05-24,-0.004605008708202048
2016-05-25,0.0014671195925309638
2016-05-26,-0.0020974019393060392
2016-05-27,0.003783950546900693
2016-05-31,-0.004283815557121472
2016-06-01,0.00022969420022388333
2016-06-02,-0.0052730050310584595
2016-06-03,-0.0004149789844774123
2016-06-06,0.008565036414899812
2016-06-07,-0.003587823982713595
2016-06-08,-0.001458235547264601
2016-06-09,0.005998382901062991
2016-06-10,0.007390207826046276
2016-06-13,0.00747601490549396
2016-06-14,0.0004883030340995968
2016-06-15,0.0034751192746772888
2016-06-16,0.004072276911145711
2016-06-17,-0.0011016564519158376
2016-06-20,-0.002365202576728078
2016-06-21,-0.002433845502236141
2016-06-22,0.0007686341595385344
2016-06-23,-0.0024770138588080144
2016-06-24,0.003762885323467265
2016-06-27,0.004294308261718395
2016-06-28,0.005153525353445907
2016-06-29,-0.0022726597318276716
2016-06-30,-0.004909968261233862
2016-07-01,0.011144342165267112
2016-07-05,0.0013522152655282525
2016-07-06,0.008586290371444401
2016-07-07,-0.0038190511348397496
2016-07-08,-0.0013989140462770573
2016-07-11,-0.0009854961625256314
2016-07-12,-0.0067754399002859485
2016-07-13,-0.006160962817601201
2016-07-14,-0.007000101762995049
2016-07-15,0.0010612393318633233
2016-07-18,-0.0012511789071419886
2016-07-19,-0.00493727300341812
2016-07-20,0.002516285651008444
2016-07-21,-0.010577588259150787
2016-07-22,-0.010788099712407108
2016-07-25,-0.00860839501110027
2016-07-26,0.006363876771940731
2016-07-27,-0.0038828058215297713
2016-07-28,0.006647365549891407
2016-07-29,0.010035919778752057
2016-08-01,-0.0062765005279437035
2016-08-02,0.005169616448318674
2016-08-03,0.0062773002594199495
2016-08-04,-0.007843518473465039
2016-08-05,0.0011748457890015077
2016-08-08,-0.003194071590922835
2016-08-09,0.0012807396683700632
2016-08-10,0.004410344485895888
2016-08-11,-0.002289216338438526
2016-08-12,0.002995759263477221
2016-08-15,-0.003278156091804524
2016-08-16,-0.0037353558462293714
2016-08-17,-0.008152527874187132
2016-08-18,0.0022376248015808916
2016-08-19,0.0003804800874537736
2016-08-22,0.0015592235330343929
2016-08-23,-0.005093725276208535
2016-08-24,-0.00810427714592745
2016-08-25,-0.005035699730729806
2016-08-26,0.001903430242041889
2016-08-29,-0.005101120564583936
2016-08-30,-0.002370232873640594
2016-08-31,-0.006907677266707916
2016-09-01,-0.0014438057720137292
2016-09-02,0.014680604074321507
2016-09-06,0.002437484494078676
2016-09-07,-0.007354733304487954
2016-09-08,-0.0111093985948811
2016-09-09,-0.00786633418137498
2016-09-12,-0.008632185129382929
2016-09-13,0.0024125651606669643
2016-09-14,-0.005966317557280214
2016-09-15,0.0008372163350038487
2016-09-16,0.0036265333415822824
2016-09-19,0.0014908342947281485
2016-09-20,0.0007970271636608036
2016-09-21,0.0007889849441449179
2016-09-22,0.010289058551288479
2016-09-23,-0.000555647189641557
2016-09-26,-0.004247699275460343
2016-09-27,-0.0012057041998010133
2016-09-28,-0.004261418046545965
2016-09-29,0.008102011916478854
2016-09-30,-0.0009048997414673444
2016-10-03,-0.002096977933872788
2016-10-04,-0.007331472407199969
2016-10-05,-0.00447822442707569
2016-10-06,0.0008633924992652957
2016-10-07,0.011654288840100262
2016-10-10,-0.002627847762808018
2016-10-11,-0.008225444320455636
2016-10-12,0.015120429557775062
2016-10-13,0.0019056839519272727
2016-10-14,-0.007130688860272093
2016-10-17,0.008461005949118933
2016-10-18,0.0031549834994032164
2016-10-19,-0.004040267743923372
2016-10-20,-0.0015321563706768696
2016-10-21,-0.0041735205902631795
2016-10-24,0.0021722281888894805
2016-10-25,0.006741623786066486
2016-10-26,0.003892253706366507
2016-10-27,0.004656738239150968
2016-10-28,0.01396559451690692
2016-10-31,0.002483991556562528
2016-11-01,0.008886007000095555
2016-11-02,0.003990340781089332
2016-11-03,-0.009990068978060635
2016-11-04,0.00285366523790742
2016-11-07,-0.005500324500427443
2016-11-08,-0.00037140309042907815
2016-11-09,-0.009558661116566933
2016-11-10,-0.01623922821766586
2016-11-11,-0.014555089358246918
2016-11-14,0.0005447161124242519
2016-11-15,-0.017992478980915355
2016-11-16,0.017185234104826305
2016-11-17,0.008836011801541874
2016-11-18,0.0010353238032933042
2016-11-21,0.011099584489810136
2016-11-22,0.006998804797218905
2016-11-23,-0.002822168648451398
2016-11-25,0.0010460753438665039
2016-11-28,0.0002897274917282027
2016-11-29,0.0019156288799674827
2016-11-30,0.004771150560284837
2016-12-01,0.005782880878056362
2016-12-02,-0.009056371543026874
2016-12-05,0.00588508677681244
2016-12-06,0.002971735327539525
2016-12-07,0.008133946138885198
2016-12-08,-0.0022062570651360533
2016-12-09,-0.0017432979042624728
2016-12-12,-0.005149378064988295
2016-12-13,-0.0008533353771091212
2016-12-14,0.0022431264956766324
2016-12-15,-0.0017577158012485588
2016-12-16,0.002231733001124079
2016-12-19,-0.007626931920519591
2016-12-20,0.0028793615884178244
2016-12-21,0.006090409918791385
2016-12-22,0.003435103247808579
2016-12-23,-0.0013872813536746568
2016-12-27,0.00033425036692332584
2016-12-28,0.0006540599711486676
2016-12-29,-0.004801335179512376
2016-12-30,0.010590247824475525
2017-01-03,-0.010458103336686918
2017-01-04,-0.005274544572467685
2017-01-05,-0.007241355538289234
2017-01-06,-0.0016085063078908582
2017-01-09,0.00020816116230922834
2017-01-10,-0.0003433947138263417
2017-01-11,-0.002778301995311553
2017-01-12,0.007714734328097064
2017-01-13,-0.01102392627796904
2017-01-17,0.0022429733836047423
2017-01-18,-0.006224416571824951
2017-01-19,-0.0027003985739038608
2017-01-20,0.011294634245408742
2017-01-23,-0.0024735685861088526
2017-01-24,-0.0006537610676261438
2017-01-25,0.004634304633902635
2017-01-26,0.004648500385586858
2017-01-27,0.0007982095790087957
2017-01-30,0.004812845010771395
2017-01-31,-0.0006616974611143241
2017-02-01,-0.0040326624512294915
2017-02-02,0.007588891212467558
2017-02-03,-0.0015875260375813067
2017-02-06,0.0020636596782181156
2017-02-07,-0.0004693536637805519
2017-02-08,0.0005556713289678057
2017-02-09,0.002288372261376889
2017-02-10,-0.006263008085486872
2017-02-13,-0.005375142878303784
2017-02-14,-0.003027178819155276
2017-02-15,-0.009442314416096068
2017-02-16,-0.0069405760101287385
2017-02-17,0.003521440565957463
2017-02-21,0.0008873127706187666
2017-02-22,-0.0022488893401859905
2017-02-23,-0.00180880024419469
2017-02-24,-0.00823431598030293
2017-02-27,0.0011213408100662937
2017-02-28,0.007968666649490303
2017-03-01,0.001808125385526732
2017-03-02,-0.003537630015443781
2017-03-03,-0.005342907520449421
2017-03-06,0.002025643585283746
2017-03-07,0.007217981349476953
2017-03-08,-0.0012200179186191626
2017-03-09,-0.01161685190999006
2017-03-10,0.000513282200947491
2017-03-13,0.0045864982969397155
2017-03-14,-0.00020576151337365912
2017-03-15,-0.0014700178802424988
2017-03-16,0.007424726004284776
2017-03-17,-0.00042604809219907915
2017-03-20,-0.0010276205614200623
2017-03-21,0.006710508848152456
2017-03-22,0.0015170131666181813
2017-03-23,0.005464995043333557
2017-03-24,0.0067228125384660746
2017-03-27,-0.0028827959477325414
2017-03-28,0.002056864750468237
2017-03-29,-0.0023669579740823055
2017-03-30,0.0007695102768722806
2017-03-31,0.0037382193938642985
2017-04-03,0.0026187370672902124
2017-04-04,0.0046867020734394065
2017-04-05,0.0029719233301296936
2017-04-06,-0.00044407956055795975
2017-04-07,0.0022469138186157825
2017-04-10,-0.001689887095961484
2017-04-11,-0.0032312333544776035
2017-04-12,-0.0008865975506407544
2017-04-13,-0.003530220391590797
2017-04-17,0.0019688218099879577
2017-04-18,0.003960107762169994
2017-04-19,0.00043042550577675556
2017-04-20,-0.005780615027250401
2017-04-21,-0.004288030105667364
2017-04-24,-0.0015578639021392067
2017-04-25,-0.0036463691505625576
2017-04-26,-0.00876449720978665
2017-04-27,-0.0005941942100891001
2017-04-28,0.01078370241487048
2017-05-01,-0.004793320671228521
2017-05-02,-0.001240118505233629
2017-05-03,-0.009945805859086106
2017-05-04,-0.002584918538440928
2017-05-05,-0.016416938909469464
2017-05-08,0.007977471599038688
2017-05-09,-0.002438663251910349
2017-05-10,0.005926675007649295
2017-05-11,0.007848188219243754
2017-05-12,0.0049096856472511385
2017-05-15,0.0051724855794221996
2017-05-16,-0.0012259595497157735
2017-05-17,0.004702393650948246
2017-05-18,-0.009892069485267704
2017-05-19,0.003334767666888304
2017-05-22,0.0031228506100770283
2017-05-23,0.004217610363376996
2017-05-24,0.004131162672236152
2017-05-25,-0.0008272061485193543
2017-05-26,0.0005339738706120411
2017-05-30,0.0011465045455099682
2017-05-31,-0.00046771762535074697
2017-06-01,-0.014196381043079099
2017-06-02,-0.0071127213642565084
2017-06-05,-0.004975049683679562
2017-06-06,0.002015572425759818
2017-06-07,0.014546151678840501
2017-06-08,0.0030777211671084983
2017-06-09,0.006612253375045154
2017-06-12,-0.036065526363726993
2017-06-13,0.0015655757580212792
2017-06-14,-0.0018026456236846728
2017-06-15,-0.015841406942998085
2017-06-16,0.009201454729239259
2017-06-19,0.004395886464153425
2017-06-20,0.004835963105866009
2017-06-21,0.003259271936502521
2017-06-22,0.0037893700010484884
2017-06-23,-0.004090194792265579
2017-06-26,0.00212197692092435
2017-06-27,-0.011522953846052566
2017-06-28,-0.004176485780225853
2017-06-29,-0.0008029238342289015
2017-06-30,-0.005572293071338883
2017-07-03,-0.007387974463848899
2017-07-05,0.0018772771250206608
2017-07-06,0.011327586128589268
2017-07-07,0.009311493271791899
2017-07-10,0.003326285894054163
2017-07-11,0.009610949459887042
2017-07-12,0.007401674151603992
2017-07-13,0.0015691377846679983
2017-07-14,-0.008196874916210095
2017-07-17,0.00406937638104424
2017-07-18,-0.005606359733004635
2017-07-19,0.004288991298943793
2017-07-20,0.0018258341881840904
2017-07-21,-0.004425571238421597
2017-07-24,-0.0009351814406225331
2017-07-25,-0.002341826203871295
2017-07-26,0.0013683043586022311
2017-07-27,-0.007604034924469824
2017-07-28,-0.01618892081043285
2017-07-31,0.001243496764666185
2017-08-01,-0.011317731737234936
2017-08-02,-0.0005390604228971681
2017-08-03,-0.0012324712340276286
2017-08-04,0.00922538729658312
2017-08-07,0.00237284953778397
2017-08-08,-0.00018659361946313626
2017-08-09,-0.000292395666521878
2017-08-10,-0.003430458951729201
2017-08-11,-0.005144184215904306
2017-08-14,-5.29347111040428e-05
2017-08-15,0.012531685142324077
2017-08-16,-0.0002885769449397443
2017-08-17,-0.005234473197423225
2017-08-18,-0.004018981383128906
2017-08-21,0.0049822600489363815
2017-08-22,-0.0075609641316667295
2017-08-23,0.0014637063997086424
2017-08-24,0.0020729898423047545
2017-08-25,0.005847034895516577
2017-08-28,-0.00738529633208396
2017-08-29,-0.006533319410598151
2017-08-30,0.005832847648821482
2017-08-31,0.0009220706153018755
2017-09-01,-0.008450264301879673
2017-09-05,-0.0048231712323008975
2017-09-06,-0.007564097766318475
2017-09-07,-0.007132101207443688
2017-09-08,0.00043715221756626514
2017-09-11,0.0027399451723401714
2017-09-12,0.0042254682913318315
2017-09-13,-0.004653500150597544
2017-09-14,-0.005121333924665837
2017-09-15,0.003802993868310763
2017-09-18,0.0022652110253009554
2017-09-19,0.0005917461680562424
2017-09-20,0.01160137672156263
2017-09-21,-0.0009404319669531922
2017-09-22,-0.0033359861235309437
2017-09-25,-0.003251151625150272
2017-09-26,-0.012718108215649015
2017-09-27,0.0033180880198132763
2017-09-28,0.0019027900821917442
2017-09-29,0.002985504282326587
2017-10-02,0.001327162331761359
2017-10-03,-0.002507281861465905
2017-10-04,0.003718749191185156
2017-10-05,0.001242495653194821
2017-10-06,-0.0003996599020706674
2017-10-09,0.005050220848691027
2017-10-10,0.006862823735876756
2017-10-11,-0.0006039038306046446
2017-10-12,0.0017616214192973114
2017-10-13,-0.0006151879144275468
2017-10-16,0.0019651581519185735
2017-10-17,0.0001335542845879357
2017-10-18,-0.004736252869417577
2017-10-19,0.0019849828055160373
2017-10-20,0.00393456920734582
2017-10-23,-0.0028894472938796006
2017-10-24,-0.0018197559784380337
2017-10-25,0.006034755588954806
2017-10-26,-0.0006394215565887533
2017-10-27,-0.005361888103102667
2017-10-30,0.007343532267654409
2017-10-31,-0.0074045118313373105
2017-11-01,0.0088508959180049
2017-11-02,-0.002452029098273603
2017-11-03,0.00588879772768857
2017-11-06,-0.012408725473390577
2017-11-07,0.0014666001228987834
2017-11-08,0.0034448993197225405
2017-11-09,-0.003487800093439834
2017-11-10,0.0016329908814649865
2017-11-13,-0.003107365412518895
2017-11-14,0.004550788215174442
2017-11-15,0.011563547694015096
2017-11-16,-0.002930818636148097
2017-11-17,-0.0031134652383721277
2017-11-20,-0.0022676885666670786
2017-11-21,0.00021609408992541624
2017-11-22,0.004206579123043343
2017-11-24,-0.00647507218625094
2017-11-27,-0.004678019882021878
2017-11-28,0.0006456979936657891
2017-11-29,-0.0051548937294865205
2017-11-30,-0.008379926254732585
2017-12-01,0.0011911898774485997
2017-12-04,-0.0019039199930896134
2017-12-05,-0.010598125012813615
2017-12-06,0.003627416169402131
2017-12-07,-0.002129084470136598
2017-12-08,0.014197031980999208
2017-12-11,0.001358976318062866
2017-12-12,-0.0035557965873659527
2017-12-13,-0.0015297660589010038
2017-12-14,0.0023534595930479255
2017-12-15,0.0008578995144671944
2017-12-18,0.0033918637736914054
2017-12-19,-0.0010044212803516535
2017-12-20,-0.0003754250653891445
2017-12-21,-0.0023701250473208285
2017-12-22,-0.0017454722749161344
2017-12-26,0.0005345407578248837
2017-12-27,-0.003980550548393012
2017-12-28,0.007004970959844575
2017-12-29,-0.0009506301253644574
2018-01-02,-0.0035660318498043292
2018-01-03,-0.012506876154006596
2018-01-04,-0.003112339067825845
2018-01-05,-0.003411259535227309
2018-01-08,0.0032207359914541065
2018-01-09,0.00589367134491587
2018-01-10,0.008600071213699673
2018-01-11,-0.0009488130218816566
2018-01-12,0.004274464014504446
2018-01-16,-0.002927467280788697
2018-01-17,-0.007889823549877292
2018-01-18,0.006076077668394937
2018-01-19,0.003159696451267024
2018-01-22,0.0020817773083913827
2018-01-23,-0.011676379462060274
2018-01-24,-0.0002662963951683569
2018-01-25,0.004135553065798937
2018-01-26,0.009641245538967228
2018-01-29,0.005904501834112443
2018-01-30,-0.01181274133163628
2018-01-31,0.0033794054634628265
2018-02-01,0.0023143546125693397
2018-02-02,-0.0011186141069562134
2018-02-05,-0.006185997099048479
2018-02-06,-0.006380464268103699
2018-02-07,0.007487592326226295
2018-02-08,0.002552864088577878
2018-02-09,-0.011235828413115448
2018-02-12,0.00594769376809804
2018-02-13,0.004374198923761547
2018-02-14,0.007745371213774197
2018-02-15,0.00033349573987980424
2018-02-16,-0.00987742781181976
2018-02-20,-0.0010204018856059768
2018-02-21,-0.002435511739349785
2018-02-22,0.0037916569593744753
2018-02-23,0.0012082579972044654
2018-02-26,0.00383676038355246
2018-02-27,0.0010321038218195837
2018-02-28,-0.008144716240315496
2018-03-01,0.003289007436217636
2018-03-02,-0.010101249510481143
2018-03-05,-0.005463594229696992
2018-03-06,0.004349957667812344
2018-03-07,-0.008956916608355785
2018-03-08,0.002107604161951769
2018-03-09,0.005686484623296251
2018-03-12,-0.0009120702692022899
2018-03-13,-0.00430323961954728
2018-03-14,-0.003531383258373731
2018-03-15,-0.0029627523392416824
2018-03-16,-0.0029751764127707173
2018-03-19,0.008093874332643945
2018-03-20,0.003724292164097096
2018-03-21,0.01839458116821409
2018-03-22,-0.01483920768972525
2018-03-23,-0.010586987491865495
2018-03-26,0.003406295006343878
2018-03-27,-0.00059388576817401
2018-03-28,-0.003819523288509479
2018-03-29,-0.0034240223942243473
2018-04-02,-0.00040631935570070564
2018-04-03,0.005540103295255641
2018-04-04,-0.005158278070931706
2018-04-05,-0.004557283604329807
2018-04-06,0.001244098559849329
2018-04-09,0.0030828308605493292
2018-04-10,-0.004475139438878293
2018-04-11,-0.006462703865965442
2018-04-12,-0.0034170895239289153
2018-04-13,0.004040989717196152
2018-04-16,-0.005230525005737439
2018-04-17,-0.000926266934920851
2018-04-18,-0.000128402132654754
2018-04-19,0.014932807924700713
2018-04-20,0.0016304625202785176
2018-04-23,0.00451011710113373
2018-04-24,0.004214103704911827
2018-04-25,-0.01928530271718183
2018-04-26,-0.009424290287871865
2018-04-27,0.007191533546040791
2018-04-30,-0.0051899493977661205
2018-05-01,0.0004490276848099572
2018-05-02,-0.019148476557528972
2018-05-03,0.014034261971962857
2018-05-04,0.005130436978329441
2018-05-07,-0.0055707235761078356
2018-05-08,0.00376643011512294
2018-05-09,0.005858694235323825
2018-05-10,0.0022920224264527007
2018-05-11,-0.005624441396250062
2018-05-14,-0.004368820060114756
2018-05-15,0.0021491868623183513
2018-05-16,0.003375560039645233
2018-05-17,0.0035857071011422188
2018-05-18,0.0017976914885510513
2018-05-21,0.00994066232105115
2018-05-22,0.0006780642609291966
2018-05-23,-0.004648821478979214
2018-05-24,-0.0016224633186004745
2018-05-25,-0.0034329970322162957
2018-05-29,-0.002689124371510895
2018-05-30,-0.002978610691961808
2018-05-31,0.00733737358986945
2018-06-01,-0.007151994605949665
2018-06-04,-0.006178253620085438
2018-06-05,-0.010490414776358772
2018-06-06,0.001593821036015359
2018-06-07,-0.0006534069012228589
2018-06-08,0.007193193291016676
2018-06-11,1.379496447136155e-05
2018-06-12,-0.007125712361699419
2018-06-13,-0.006597280169090977
2018-06-14,-0.006182596096190482
2018-06-15,-0.013349136695528079
2018-06-18,-0.00627320608088365
2018-06-19,0.0013174923540792537
2018-06-20,-0.0021074168546348243
2018-06-21,-0.004858718535696556
2018-06-22,0.01007650508899445
2018-06-25,-0.006386317831171329
2018-06-26,-0.007542480530075251
2018-06-27,0.0031111352249548357
2018-06-28,0.006377237676973106
2018-06-29,0.002762162368689795
2018-07-02,0.00024682634568182617
2018-07-03,0.0043552238416997135
2018-07-05,0.002748645490408425
2018-07-06,-0.015095175372677985
2018-07-09,-0.0031770216272241545
2018-07-10,0.005278206914748824
2018-07-11,-0.0005973153469071407
2018-07-12,0.004693669660565475
2018-07-13,-0.010041352132756472
2018-07-16,0.002192749035782196
2018-07-17,-0.008949292923159498
2018-07-18,-0.010068217987968075
2018-07-19,0.004302885709135001
2018-07-20,-0.0006402290815819048
2018-07-23,0.008513336556082156
2018-07-24,0.0024087611318448533
2018-07-25,-0.0043306140766205155
2018-07-26,0.0027513691866542975
2018-07-27,-0.009934182945588314
2018-07-30,0.003967382562403253
2018-07-31,-0.005893137336498847
2018-08-01,-0.007272606229944908
2018-08-02,0.0027752074634529566
2018-08-03,-0.004331420573143444
2018-08-06,-0.0032232003647156265
2018-08-07,-0.004994742754109734
2018-08-08,-0.00926714027269753
2018-08-09,0.010882090300761519
2018-08-10,0.0022632538107423424
2018-08-13,0.00752550243145917
2018-08-14,-0.0048674401876891765
2018-08-15,0.007319665161316425
2018-08-16,-0.009163161814213922
2018-08-17,0.008470503911010351
2018-08-20,0.0032610522213932704
2018-08-21,0.005926027834727154
2018-08-22,-0.004303377001807369
2018-08-23,0.0018147973294941361
2018-08-24,-0.0007038669796583269
2018-08-27,-0.00073903851063423
2018-08-28,-0.010924812617499542
2018-08-29,0.0021821157685902653
2018-08-30,0.0031547754960390088
2018-08-31,0.00016215944987513426
2018-09-04,0.008455141516540747
2018-09-05,-0.0017741382048029539
2018-09-06,0.0036734870826009387
2018-09-07,0.010860536338144476
2018-09-10,-0.006055580066886029
2018-09-11,0.001165574350975806
2018-09-12,0.016260498814457527
2018-09-13,-0.017373027229637492
2018-09-14,-0.0037603625249601207
2018-09-17,-0.0026112180997857814
2018-09-18,-0.006909514187597455
2018-09-19,0.00509445905107243
2018-09-20,-0.01477448586231268
2018-09-21,0.0008223570098618586
2018-09-24,0.004525799456943535
2018-09-25,0.006321107459981677
2018-09-26,0.012382170859364782
2018-09-27,0.0018488691702355199
2018-09-28,-0.004049191031548611
2018-10-01,-0.0037033465296671553
2018-10-02,0.0026970811544722584
2018-10-03,-0.008175630254783673
2018-10-04,0.009464653105292776
2018-10-05,0.004484372525841361
2018-10-08,0.010145611060624246
2018-10-09,0.0006559519973880917
2018-10-10,0.0010661156423413887
2018-10-11,-0.01566445289507888
2018-10-12,-0.009889111874654164
2018-10-15,0.00312793131397831
2018-10-16,-0.011440069406006866
2018-10-17,-0.01742226663271269
2018-10-18,-0.0032805909336887217
2018-10-19,0.01026461782279949
2018-10-22,-0.0034436513141366328
2018-10-23,0.009391293303081492
2018-10-24,-0.006245574352773864
2018-10-25,0.002165727578826187
2018-10-26,0.014772440477236025
2018-10-29,0.0006262531957701047
2018-10-30,0.008151402593325089
2018-10-31,-0.0067321843552148155
2018-11-01,-0.010742907262124856
2018-11-02,-0.011677535374447233
2018-11-05,0.002314297441142694
2018-11-06,0.009810924375099818
2018-11-07,-0.0058645104994672105
2018-11-08,0.011316203405728954
2018-11-09,8.852206844279172e-05
2018-11-12,0.028121674419263814
2018-11-13,0.007258655832020041
2018-11-14,-0.010658813410180528
2018-11-15,-0.007859725535503622
2018-11-16,-0.004985809091080731
2018-11-19,-0.0069117313393565975
2018-11-20,0.001851578783663459
2018-11-21,-0.029604993620764256
2018-11-23,0.007486059463856963
2018-11-26,-0.0014958468638612346
2018-11-27,-0.00012252437476664068
2018-11-28,0.0011906864231702432
2018-11-29,0.007027503300735753
2018-11-30,0.0062633853488634865
2018-12-03,-0.015007984284036678
2018-12-04,0.005084541837459093
2018-12-06,0.008097611692165977
2018-12-07,-0.00263298570841424
2018-12-10,0.0019651689752478133
2018-12-11,-0.006516778517615915
2018-12-12,0.0017714050100616746
2018-12-13,-0.001331235370306469
2018-12-14,0.006300799809379271
2018-12-17,-0.010641934944856596
2018-12-18,-0.010763175152602727
2018-12-19,0.0019250968341792967
2018-12-20,0.002502490599353374
2018-12-21,-0.007150020530019275
2018-12-24,0.006700084379534596
2018-12-26,-0.008266976452330004
2018-12-27,0.0060359227445887075
2018-12-28,-0.004990455508868165
2018-12-31,-0.0010098396645710022
2019-01-02,0.009050773144589148
2019-01-03,-0.005274655005383984
2019-01-04,0.002098136558265819
2019-01-07,-0.009728131777557904
2019-01-08,-0.0029274630371583996
2019-01-09,0.0031295065136982265
2019-01-10,-0.00974475785250924
2019-01-11,-0.0017571495279411302
2019-01-14,0.0010793544499819161
2019-01-15,-0.0008177043262539508
2019-01-16,0.008820314365183815
2019-01-17,0.0009495734131950273
2019-01-18,-0.00037795801035806273
2019-01-22,-0.005965063259912852
2019-01-23,0.006029910071051972
2019-01-24,-0.003605528594057851
2019-01-25,-0.019282775608600828
2019-01-28,0.0033337127628335727
2019-01-29,-0.005017302545761212
2019-01-30,0.005773850807836955
2019-01-31,-0.01488929579460936
2019-02-01,0.0024480175347852545
2019-02-04,-0.0009221876547198368
2019-02-05,0.0020699919743104255
2019-02-06,-0.0012762779107831793
2019-02-07,0.003954015845066737
2019-02-08,0.006402371384067342
2019-02-11,-0.0041481805778132525
2019-02-12,-0.004146535587138854
2019-02-13,-0.003590463804183226
2019-02-14,-0.00036474575929455245
2019-02-15,-0.0009225044970384106
2019-02-19,0.0032304683841015065
2019-02-20,-0.007996113598884138
2019-02-21,-0.0028514603360731846
2019-02-22,0.0028021974588194375
2019-02-25,-0.004604916728894921
2019-02-26,-0.001045260565988056
2019-02-27,0.0013172968755664697
2019-02-28,0.00485135256769395
2019-03-01,-0.003172837500336901
2019-03-04,0.0018574665428042114
2019-03-05,-0.0029339482198177686
2019-03-06,-0.0015840051185029573
2019-03-07,0.0029841113089302865
2019-03-08,0.0018188003201038685
2019-03-11,-0.005476917456838893
2019-03-12,-0.0051009732481551205
2019-03-13,0.00043237738718196245
2019-03-14,4.182006504613353e-05
2019-03-15,0.003887296749331997
2019-03-18,-0.007609852412244526
2019-03-19,-0.0004792964516255911
2019-03-20,0.004481326092892538
2019-03-21,0.0007871082246936636
2019-03-22,-0.004152596973782249
2019-03-25,0.00327170390497618
2019-03-26,0.005257025641614525
2019-03-27,-0.0018019070166236844
2019-03-28,0.002031574479685147
2019-03-29,-0.005006140323032262
2019-04-01,-4.3027439262829296e-05
2019-04-02,-0.00701182945357118
2019-04-03,-0.004468698693947319
2019-04-04,-0.0021159226721523
2019-04-05,-0.006979034530125885
2019-04-08,-0.00021091558048507396
2019-04-09,-0.0029837310834402455
2019-04-10,0.006815706174291034
2019-04-11,-0.0029783337559274835
2019-04-12,-0.006608132074592241
2019-04-15,-0.0017044576267101156
2019-04-16,0.004065501695139095
2019-04-17,-0.012286623520968582
2019-04-18,-0.009346170165407373
2019-04-22,-0.0002833544816720703
2019-04-23,0.002041177817282202
2019-04-24,0.0010390876933816214
2019-04-25,0.0010988659724042611
2019-04-26,0.0039809553244441066
2019-04-29,-0.004866724929184749
2019-04-30,-0.0040410346011832314
2019-05-01,0.00029313644064755663
2019-05-02,-0.003054322357269283
2019-05-03,0.004123611935373308
2019-05-06,-0.0008111923661458711
2019-05-07,-0.0017475350094028222
2019-05-08,-0.0004278658161915721
2019-05-09,0.00654157262901302
2019-05-10,-0.000860503744157871
2019-05-13,0.004036948867635355
2019-05-14,-0.0011615260306783604
2019-05-15,0.000494371126863586
2019-05-16,-0.0006078606677387351
2019-05-17,0.0006502913551539847
2019-05-20,0.002215096651502281
2019-05-21,-0.0002903685099462456
2019-05-22,-0.005640390621457592
2019-05-23,0.006365814189900476
2019-05-24,0.001336540885691808
2019-05-28,0.00011541430633815279
2019-05-29,0.0038424288068890154
2019-05-30,-0.004144575981314978
2019-05-31,0.008730968452119394
2019-06-03,0.002836651369440511
2019-06-04,-0.005121940554217036
2019-06-05,-0.005657283878928151
2019-06-06,0.017044435114511723
2019-06-07,0.008933371214269095
2019-06-10,0.005733371175143953
2019-06-11,-0.009678259467528165
2019-06-12,0.005341901595889555
2019-06-13,0.010097939163340047
2019-06-14,-0.005847809588643635
2019-06-17,0.00394928372098111
2019-06-18,-0.006517790901004179
2019-06-19,-0.009360755216565982
2019-06-20,0.004944534135175441
2019-06-21,-0.0024476492809495823
2019-06-24,-0.0026897715063418765
2019-06-25,-0.004426374624760084
2019-06-26,-0.006160859718511541
2019-06-27,-0.014711017083537305
2019-06-28,-0.007185779074370015
2019-07-01,-0.011052326252050798
2019-07-02,0.013494181168967563
2019-07-03,0.008849265899563984
2019-07-05,0.005431956601854761
2019-07-08,0.002165426967421397
2019-07-09,-0.0033980495460005193
2019-07-10,-0.0005896185815862732
2019-07-11,-0.003378495309640013
2019-07-12,-0.00688877010738313
2019-07-15,-0.0035348274070627775
2019-07-16,0.0036484940103228064
2019-07-17,0.005070647966061068
2019-07-18,0.0006607686393574654
2019-07-19,-0.00018664222817270793
2019-07-22,-0.010101168831682387
2019-07-23,-0.0009574317964041144
2019-07-24,0.0011367242933853004
2019-07-25,0.0006122316912201825
2019-07-26,0.010331001548455733
2019-07-29,0.004057320616180401
2019-07-30,0.0020498566857795023
2019-07-31,-0.008715127309712285
2019-08-01,-0.011068634341785307
2019-08-02,0.01971050371124414
2019-08-05,0.004065301108373128
2019-08-06,-0.0039070183252554146
2019-08-07,0.017996241983634354
2019-08-08,0.0005678859017576742
2019-08-09,0.006915805047812748
2019-08-12,0.005483615332738081
2019-08-13,-0.0010085235736015156
2019-08-14,0.0031962736587663743
2019-08-15,0.0010501791291653495
2019-08-16,0.001836966526702961
2019-08-19,-0.0035136869228274046
2019-08-20,-0.006920555145201543
2019-08-21,0.000325446255215006
2019-08-22,0.0005831830285427692
2019-08-23,0.0024203732691562155
2019-08-26,-0.0020410578710262422
2019-08-27,0.004716174290402581
2019-08-28,0.005272272496951677
2019-08-29,-0.00022095954795397073
2019-08-30,-0.006239389798289844
2019-09-03,0.0023451549101602873
2019-09-04,-0.0053165146112906245
2019-09-05,-0.004193380165463814
2019-09-06,-0.009221936643867059
2019-09-09,-0.0037046926185039584
2019-09-10,-0.029136578981713183
2019-09-11,-0.01604588360885347
2019-09-12,0.01242074203577624
2019-09-13,-0.004665067274760002
2019-09-16,-0.013864513806828781
2019-09-17,-0.0048837750187922585
2019-09-18,0.014805893634192624
2019-09-19,0.0008800226204170842
2019-09-20,0.002874710721947683
2019-09-23,0.006118493677275238
2019-09-24,0.0022030175586084826
2019-09-25,-0.0033236526823387596
2019-09-26,0.000907854016805724
2019-09-27,-0.0012692860101767474
2019-09-30,-0.008009153006845373
2019-10-01,-0.0007191418142035802
2019-10-02,0.0014856992087069671
2019-10-03,0.0010395256620498675
2019-10-04,-0.0007045563474996355
2019-10-07,-0.0013069450321793515
2019-10-08,-0.00024656618876369796
2019-10-09,-0.0024070911353300194
2019-10-10,0.003215338191423495
2019-10-11,-0.004434181114713026
2019-10-14,-0.0006873412314513486
2019-10-15,-0.005556561707043378
2019-10-16,-0.002120832827098154
2019-10-17,-0.00290407786394776
2019-10-18,0.001195270200662508
2019-10-21,0.004257948929494763
2019-10-22,-0.003347798878215124
2019-10-23,-0.008213435140166118
2019-10-24,-0.004093563653329001
2019-10-25,0.006390521119893828
2019-10-28,-0.007381165092745576
2019-10-29,0.0024731278179983855
2019-10-30,-0.006131775867311759
2019-10-31,0.005847012003450942
2019-11-01,-0.0049336325906692265
2019-11-04,-0.0034600779363238325
2019-11-05,-0.01322388536199757
2019-11-06,0.00485205009069457
2019-11-07,0.007245852547415939
2019-11-08,-0.014949674456686
2019-11-11,0.000733630135734383
2019-11-12,0.0002414074942297541
2019-11-13,0.00469819013524773
2019-11-14,0.006339598059214041
2019-11-15,0.0032169549321981556
2019-11-18,-0.006246030660617708
2019-11-19,-0.0025025535121134973
2019-11-20,-0.00024240921937397766
2019-11-21,-0.012902510311956395
2019-11-22,-0.0062789357335205015
2019-11-25,8.350267019961525e-05
2019-11-26,0.001189882790132525
2019-11-27,0.006761113139669853
2019-11-29,0.0015987616306084704
2019-12-02,-0.003707430737513816
2019-12-03,-0.002349763549671607
2019-12-04,0.0011092523468232075
2019-12-05,-0.001024706094902771
2019-12-06,0.0031385406439448415
2019-12-09,0.0018374315489927504
2019-12-10,0.0011394942748543403
2019-12-11,0.0039579091369155136
2019-12-12,0.00805476728568965
2019-12-13,-0.0001628199684927591
2019-12-16,0.008465485320078929
2019-12-17,-0.007585868805860889
2019-12-18,0.002278121139206671
2019-12-19,-0.003317160138996161
2019-12-20,-0.0018426514220144742
2019-12-23,0.0013575573618276676
2019-12-24,-0.0032305719140045433
2019-12-26,0.0010231051975412937
2019-12-27,0.0011620834241914786
2019-12-30,-0.001930321052813263
2019-12-31,0.00196753495938563
2020-01-02,-0.0018409268667222184
2020-01-03,-0.004405339996891594
2020-01-06,-0.0004671584103407364
2020-01-07,-0.007057403116933474
2020-01-08,0.0026063776318055103
2020-01-09,3.2225080553762022e-06
2020-01-10,-0.0036094002072765007
2020-01-13,-0.0014876978913947571
2020-01-14,0.0005779924841688444
2020-01-15,-0.004524241564647188
2020-01-16,-0.0010889684435496222
2020-01-17,0.007120167159119385
2020-01-21,0.0003497794826785857
2020-01-22,0.008470779432241728
2020-01-23,0.010682884200842844
2020-01-24,0.004222059071484174
2020-01-27,-0.013974772145603942
2020-01-28,0.0015738281682320145
2020-01-29,0.010814842388320985
2020-01-30,0.002113953543100787
2020-01-31,-0.0016888328136878761
2020-02-03,-0.00960471508477142
2020-02-04,0.004951358353339849
2020-02-05,0.006543265630952579
2020-02-06,-0.0073866354479852235
2020-02-07,0.0011517503372408479
2020-02-10,-0.010721833466443119
2020-02-11,0.005500657316212081
2020-02-12,-0.0009044981411316836
2020-02-13,0.0035711506764090776
2020-02-14,0.006619962773612384
2020-02-18,-0.012246630547462186
2020-02-19,0.011228507134729527
2020-02-20,-0.003505874719460869
2020-02-21,-0.00235667230523993
2020-02-24,-0.015158942844820868
2020-02-25,-0.001015380166075192
2020-02-26,-0.009996401427971292
2020-02-27,-0.010197311254283754
2020-02-28,-0.017243486972016022
2020-03-02,0.023852924936444267
2020-03-03,0.016096084583583897
2020-03-04,-0.0018910651145727581
2020-03-05,0.0038649677335222342
2020-03-06,0.002810058150989906
2020-03-09,0.02300205954590416
2020-03-10,-0.0031563915869752233
2020-03-11,0.0062186137594868775
2020-03-12,-0.007766111472471736
2020-03-13,0.0020655726160399663
2020-03-16,-0.018521263646684064
2020-03-17,-0.0005358186188286027
2020-03-18,0.025158614337774422
2020-03-19,-0.017114455329937907
2020-03-20,0.0036623258567039657
2020-03-23,-0.012906320074388999
2020-03-24,0.023464503110588408
2020-03-25,-0.0037200935112220316
2020-03-26,-0.009066970352952515
2020-03-27,-0.0034685475186323035
2020-03-30,0.006719711898521201
2020-03-31,-0.009657004104835148
2020-04-01,-0.0037659324395762548
2020-04-02,-0.0169464912818275
2020-04-03,-0.016282094013595226
2020-04-06,0.010679692700211655
2020-04-07,-0.00826869953180613
2020-04-08,-0.004907655050283798
2020-04-09,-0.028062538949682397
2020-04-13,0.0019997229546901223
2020-04-14,0.021322252355822347
2020-04-15,0.013210506107643958
2020-04-16,0.0009711015379966806
2020-04-17,0.013164206314377029
2020-04-20,-0.010009141118382324
2020-04-21,-0.009038214790677946
2020-04-22,-0.016321850009851948
2020-04-23,0.000734322454213568
2020-04-24,-0.008424544279722074
2020-04-27,0.012568322884783276
2020-04-28,-0.0076262560187054206
2020-04-29,-0.014524224991410099
2020-04-30,-0.00648467027361414
2020-05-01,-0.004566176959838499
2020-05-04,0.011243974587881476
2020-05-05,-0.02066765850296395
2020-05-06,0.01263620807575072
2020-05-07,0.004235297843538262
2020-05-08,-0.0037127484310129463
2020-05-11,-0.00027639497092906383
2020-05-12,0.00212883930191817
2020-05-13,0.0009778454410486698
2020-05-14,0.005243078342874477
2020-05-15,-0.0017486974057027347
2020-05-18,-0.011688281382226823
2020-05-19,-0.010121854002427247
2020-05-20,0.004161871998600362
2020-05-21,-0.006551490986797724
2020-05-22,0.002403325035644627
2020-05-26,-0.0066370160676149075
2020-05-27,-0.00733786080486247
2020-05-28,0.0023955795373665637
2020-05-29,0.007951814840766954
2020-06-01,0.0024202407951251057
2020-06-02,-0.008869047841663869
2020-06-03,-0.005975557381502874
2020-06-04,-0.005513941155037338
2020-06-05,-0.020550657344600924
2020-06-08,-0.011994599433679136
2020-06-09,0.0007591499655821861
2020-06-10,0.011913177693176716
2020-06-11,0.020247354051717265
2020-06-12,-0.009408351243471644
2020-06-15,0.0022557671934435516
2020-06-16,-0.01218085160894313
2020-06-17,0.0051486083636517925
2020-06-18,0.008329646378902768
2020-06-19,-0.006313281384538531
2020-06-22,0.011396363198261495
2020-06-23,-0.0008593359974089813
2020-06-24,0.0037261678955211436
2020-06-25,0.005755725701120844
2020-06-26,-0.001257640723055645
2020-06-29,-0.0006066472470771172
2020-06-30,0.0005959107099944597
2020-07-01,0.0029885409374254476
2020-07-02,-0.003301534916004575
2020-07-06,0.00220062751911515
2020-07-07,0.0032880370720213704
2020-07-08,0.0033093343451361585
2020-07-09,-0.00035962028642099115
2020-07-10,0.0035827243416560206
2020-07-13,-0.0018942137677979436
2020-07-14,-0.0028677773749854942
2020-07-15,-0.0029162003387477107
2020-07-16,-0.0016283080204008153
2020-07-17,0.0013555357151556467
2020-07-20,0.0009038072776342004
2020-07-21,0.0034240872624620037
2020-07-22,-0.0025454396281396822
2020-07-23,-0.00209713962924973
2020-07-24,-0.003769929920910214
2020-07-27,0.002310923608178459
2020-07-28,0.0033677176957018534
2020-07-29,-0.0020650981062741956
2020-07-30,0.002019770244710446
2020-07-31,0.003933744721082761
2020-08-03,-0.0025009187519510023
2020-08-04,0.0020322710023329047
2020-08-05,-0.004139313506683447
2020-08-06,-0.001169532886822625
2020-08-07,0.000866589340606309
2020-08-10,-0.00473863969827147
2020-08-11,-0.0077850926811872875
2020-08-12,0.0023738762287239274
2020-08-13,0.007392244198213735
2020-08-14,0.00199010609888429
2020-08-17,-0.00029322785244659575
2020-08-18,0.004559837791627436
2020-08-19,0.000929071208790118
2020-08-20,0.0004644912779551407
2020-08-21,-0.00021247688229912402
2020-08-24,0.005393202314671925
2020-08-25,-0.012262177282910226
2020-08-26,-1.791785856146205e-05
2020-08-27,0.005083331565435359
2020-08-28,-0.003431770595619289
2020-08-31,-0.003149411487415945
2020-09-01,0.007163626212790664
2020-09-02,0.002915023125579677
2020-09-03,-0.006922939147522103
2020-09-04,-0.005687492484984941
2020-09-08,-0.0033332287803739423
2020-09-09,-0.0003556769842517671
2020-09-10,0.004630105562194237
2020-09-11,0.0018125649476052133
2020-09-14,8.281571420132268e-06
2020-09-15,-0.00032518060329235797
2020-09-16,-0.002003076540898775
2020-09-17,-0.003306493721449041
2020-09-18,0.001337495665957906
2020-09-21,0.004002089902095042
2020-09-22,-0.0012085132856696
2020-09-23,0.001154099082875958
2020-09-24,0.00036257191823793795
2020-09-25,0.0044095643753461105
2020-09-28,-0.0009132902978355172
2020-09-29,-0.0004812448769504552
2020-09-30,0.0010272055133781033
2020-10-01,0.003581244021208677
2020-10-02,0.0004269173632444977
2020-10-05,-0.0021064171734315705
2020-10-06,0.003535782472602195
2020-10-07,0.003228558727159121
2020-10-08,0.00238440554242273
2020-10-09,-0.005930138324265577
2020-10-12,0.005502772010520952
2020-10-13,-0.0056901204556781505
2020-10-14,0.002969722828106383
2020-10-15,-0.0014826115946796603
2020-10-16,-0.000683215521553648
2020-10-19,0.00445597921522609
2020-10-20,0.0015731121094084324
2020-10-21,0.0004074348981302901
2020-10-22,0.0013231571320102692
2020-10-23,-0.006945531671900783
2020-10-26,0.0018467615812117822
2020-10-27,0.0056993781276485815
2020-10-28,0.00120123746288291
2020-10-29,0.009009214317052266
2020-10-30,-0.008971688922443925
2020-11-02,-0.003550207794070374
2020-11-03,-0.004895933976232981
2020-11-04,0.003963346122903061
2020-11-05,0.003199467676992713
2020-11-06,0.0014995146633792636
2020-11-09,-0.018604300008156358
2020-11-10,-0.02505390527770891
2020-11-11,-0.003808698097785475
2020-11-12,0.009751304488645229
2020-11-13,0.0019795195915712715
2020-11-16,-0.016701228742965316
2020-11-17,0.0033407363208757404
2020-11-18,-0.006984399330617185
2020-11-19,0.008125055392081778
2020-11-20,-0.006126787462966498
2020-11-23,0.0019520367415743188
2020-11-24,-0.013124565798904052
2020-11-25,-0.0004285376215382014
2020-11-27,0.006431380167413067
2020-11-30,0.0035082771368980677
2020-12-01,0.002457164526459187
2020-12-02,0.0011311242215762888
2020-12-03,-0.006501333771995746
2020-12-04,-0.00734690232753867
2020-12-07,-0.00325669882567887
2020-12-08,0.0030173933874259374
2020-12-09,-0.00459484373717798
2020-12-10,-0.003646381853313908
2020-12-11,-0.0046558583850191656
2020-12-14,0.00011210774067194588
2020-12-15,0.0009222373740143887
2020-12-16,-0.00038086118527646786
2020-12-17,-0.0003251235140830643
2020-12-18,0.0020711477667945985
2020-12-21,0.003422113775674106
2020-12-22,0.003475793361858281
2020-12-23,-0.004400884212823877
2020-12-24,-0.0016901968747061445
2020-12-28,0.0012069998304253503
2020-12-29,-0.005390072444109748
2020-12-30,-0.001553612621272124
2020-12-31,0.003754279056210781
2021-01-04,-0.00021549145122029157
2021-01-05,0.0012808404242289756
2021-01-06,0.0038537852389113982
2021-01-07,0.008656996647889457
2021-01-08,-0.003992575382596904
2021-01-11,-0.007265462079152471
2021-01-12,-0.0028372517114052657
2021-01-13,-0.00236340947390633
2021-01-14,-0.000103643321671981
2021-01-15,-0.00022772838201009143
2021-01-19,0.006354479320877548
2021-01-20,-0.0036783873983745018
2021-01-21,-0.003892849227049494
2021-01-22,-0.0018627176348813492
2021-01-25,0.002894938511626313
2021-01-26,-0.0004612122766618731
2021-01-27,-0.004796329789773116
2021-01-28,0.001956433296521785
2021-01-29,0.0034316161998040615
2021-02-01,-0.002525600090528922
2021-02-02,0.004190160690159641
2021-02-03,0.0014187600151630959
2021-02-04,-0.0026338192753036288
2021-02-05,-7.550168446814726e-05
2021-02-08,0.0038725677587704843
2021-02-09,0.00019728873675431202
2021-02-10,0.0021977575953116084
2021-02-11,-0.008264901604426599
2021-02-12,-0.002579849550267984
2021-02-16,0.004950742161164055
2021-02-17,-0.0020324568259204793
2021-02-18,-0.003590885499057165
2021-02-19,0.004013550939198013
2021-02-22,0.003958814007988128
2021-02-23,-0.0057801276054919686
2021-02-24,0.0012594912587974283
2021-02-25,0.003404978816297916
2021-02-26,-0.0006126859656089408
2021-03-01,0.0037970711638103923
2021-03-02,-2.9016017135964652e-05
2021-03-03,-0.0013955557677921837
2021-03-04,-0.0015777614827947328
2021-03-05,-0.0033092262749949675
2021-03-08,0.0014128531336390698
2021-03-09,-0.005586696934005761
2021-03-10,0.001111492003495524
2021-03-11,0.0018056350787853776
2021-03-12,-0.00018231394573556384
2021-03-15,0.0024597885072934747
2021-03-16,-0.0052680345652149334
2021-03-17,-0.004500342296022056
2021-03-18,0.012774976805045152
2021-03-19,-0.0009775644820476188
2021-03-22,0.002605440556112877
2021-03-23,-0.008498696917726548
2021-03-24,0.0022642247314160644
2021-03-25,-0.007622272946894243
2021-03-26,0.010729337646189632
2021-03-29,-0.006014679161865304
2021-03-30,-0.006698197353180049
2021-03-31,0.009455800241414727
2021-04-01,-0.0015430183718743477
2021-04-05,0.003256185193035549
2021-04-06,-0.005892677679647949
2021-04-07,-0.0018622940204013022
2021-04-08,-0.005330127824493872
2021-04-09,0.001734104639813874
2021-04-12,-0.0003176157137869285
2021-04-13,-0.0021838547698771406
2021-04-14,2.4553398844040362e-05
2021-04-15,0.003059676194936056
2021-04-16,-0.006254288603850016
2021-04-19,-0.0030787864265753857
2021-04-20,-0.0009339467137687911
2021-04-21,-0.013173928288179046
2021-04-22,0.00696806367718212
2021-04-23,-0.002435305876896348
2021-04-26,0.0037540817970301552
2021-04-27,0.004295613778558661
2021-04-28,0.0025636933903481823
2021-04-29,0.01278516939224915
2021-04-30,-0.008402533567195515
2021-05-03,0.005406441543255666
2021-05-04,0.0014071622575720208
2021-05-05,0.005217341836610693
2021-05-06,0.011287318165989742
2021-05-07,-0.0036526254412901893
2021-05-10,0.010802604286681327
2021-05-11,-0.010243417488209294
2021-05-12,0.004340052345948907
2021-05-13,0.0005034499785068065
2021-05-14,-0.0003299718362862897
2021-05-17,0.0020852400580278633
2021-05-18,0.005230491976398801
2021-05-19,-0.010219998640747532
2021-05-20,-0.0010630180004211035
2021-05-21,-0.0031856115348638755
2021-05-24,3.0756184742149826e-06
2021-05-25,0.0015228478217474634
2021-05-26,-0.0012372663861245146
2021-05-27,0.010211491317831839
2021-05-28,0.0017765107554892237
2021-06-01,0.004154177135252608
2021-06-02,0.007125873323078577
2021-06-03,-0.0033478757608835334
2021-06-04,0.004990653558475
2021-06-07,-0.002961264444722712
2021-06-08,-0.006892288791262838
2021-06-09,0.00047712794417443784
2021-06-10,-0.005440906423744872
2021-06-11,-0.008230204879983428
2021-06-14,-0.004494529508291462
2021-06-15,-0.012997143356950198
2021-06-16,0.00032178353275643957
2021-06-17,0.005504088987677306
2021-06-18,-0.026413948976180678
2021-06-21,0.004605025958919508
2021-06-22,0.004818556808143861
2021-06-23,0.002196269393082102
2021-06-24,0.0020719265723916935
2021-06-25,0.0006467429437411941
2021-06-28,-0.004170453446274543
2021-06-29,-0.0032631492616820744
2021-06-30,-0.00090739644087033
2021-07-01,0.009637189435431895
2021-07-02,-0.010589699695097694
2021-07-06,-0.005248687863014034
2021-07-07,-0.010692656863546254
2021-07-08,-0.007064726769602453
2021-07-09,0.009893804547429401
2021-07-12,-0.0025477065225643198
2021-07-13,0.00191462579775288
2021-07-14,-0.0011250483859009009
2021-07-15,-0.006672662438839471
2021-07-16,-0.00025694188192232256
2021-07-19,-0.009765938993218674
2021-07-20,0.0009958550192609426
2021-07-21,0.004744448303359844
2021-07-22,-0.0018553878142953204
2021-07-23,-0.006954080614254706
2021-07-26,0.0005261985124749239
2021-07-27,-6.594695049967465e-05
2021-07-28,-0.0013415178598606865
2021-07-29,0.0030431518566876015
2021-07-30,-0.0019245172850859416
2021-08-02,-0.002629130841342261
2021-08-03,-0.00807941834055898
2021-08-04,0.0037065626242167187
2021-08-05,-0.005840156389616439
2021-08-06,0.004853722191465071
2021-08-09,-0.0035238553318432558
2021-08-10,0.0037466064555333493
2021-08-11,0.005660213182238895
2021-08-12,0.004224645840281436
2021-08-13,0.0016279773792124508
2021-08-16,-0.0096710125744985
2021-08-17,-0.0005367760710027089
2021-08-18,-0.007171956334917123
2021-08-19,-0.0062589320658137495
2021-08-20,-0.005344761924282717
2021-08-23,0.00556857061618245
2021-08-24,-5.83110035229739e-06
2021-08-25,0.004722195564381968
2021-08-26,0.002115742435511658
2021-08-27,-0.0007003570209703152
2021-08-30,0.006954157343158989
2021-08-31,-0.009644231835681272
2021-09-01,-0.004533628883400462
2021-09-02,-0.003459900487380901
2021-09-03,0.001717802173461805
2021-09-07,-0.004800492913182953
2021-09-08,0.002394071170904152
2021-09-09,-0.00923322349363534
2021-09-10,0.010027770376153582
2021-09-13,-0.0027137222908924998
2021-09-14,-0.00031255301198597577
2021-09-15,-0.0019582464908736597
2021-09-16,0.008711404301314295
2021-09-17,-0.0010056942469692616
2021-09-20,-0.011878270941446003
2021-09-21,0.005423237282715024
2021-09-22,0.002018944558950871
2021-09-23,0.004858406306008942
2021-09-24,0.007735432684043162
2021-09-27,0.00598018105809952
2021-09-28,0.0029771757305084435
2021-09-29,-0.0024643459313208682
2021-09-30,-0.0002119784056265832
2021-10-01,-0.0027071647920352466
2021-10-04,0.006592227814534075
2021-10-05,0.008948526278175136
2021-10-06,-0.003178880876970928
2021-10-07,-0.003928696755347397
2021-10-08,0.003317434594076579
2021-10-11,0.009215974343743254
2021-10-12,-0.00022505252305146678
2021-10-13,-0.0049839768264861905
2021-10-14,0.005380394475856825
2021-10-15,-0.0015687466890508062
2021-10-18,0.004794077532940073
2021-10-19,-0.00029198085306268473
2021-10-20,-0.0019661350817828343
2021-10-21,0.0014120516290150279
2021-10-22,-0.006374267138546312
2021-10-25,0.000691672097385951
2021-10-26,0.0031796762188731117
2021-10-27,-0.005117864159586059
2021-10-28,-0.0035387120372503923
2021-10-29,0.0035055109739562723
2021-11-01,0.0009960318054679151
2021-11-02,-0.0017111841860097403
2021-11-03,-0.00029110716356845124
2021-11-04,0.001093845504657782
2021-11-05,0.0034549822586385846
2021-11-08,-0.005195537322879785
2021-11-09,-0.001923580214321237
2021-11-10,-0.0007478119281318736
2021-11-11,-0.011904969945084758
2021-11-12,-6.041265801811599e-05
2021-11-15,0.0033412692900966186
2021-11-16,0.0028018821668386045
2021-11-17,-0.00978322914507774
2021-11-18,-0.010461585186439408
2021-11-19,-0.0004655901802755783
2021-11-22,-0.008010205894766325
2021-11-23,0.013714423085584312
2021-11-24,0.008488035468507583
2021-11-26,-0.007362734004054471
2021-11-29,0.0160361854461556
2021-11-30,-0.012752560771329484
2021-12-01,0.009768281636480079
2021-12-02,-0.006976161857540838
2021-12-03,0.011829964293332227
2021-12-06,-0.01067143016490795
2021-12-07,-0.006883803540462369
2021-12-08,0.00406704835528965
2021-12-09,-0.007386058138024386
2021-12-10,0.005173519685963181
2021-12-13,0.002299094256311286
2021-12-14,-0.007257972363766628
2021-12-15,-0.0004027327118705303
2021-12-16,0.003929775457115907
2021-12-17,-0.0022750294614820167
2021-12-20,-0.013574641026494786
2021-12-21,0.003618766889068101
2021-12-22,-0.001055769065570941
2021-12-23,0.0016352692016122585
2021-12-27,-0.005044592382107447
2021-12-28,0.009645897173225023
2021-12-29,-0.0026242208317351708
2021-12-30,-0.0010689802937586615
2021-12-31,-0.009348302389557826
2022-01-03,0.00235456501233572
2022-01-04,0.0019068027276185158
2022-01-05,0.020330664414674546
2022-01-06,0.01526645258121169
2022-01-07,0.00896725002346669
2022-01-10,0.00978647176767657
2022-01-11,-0.0035024906673349378
2022-01-12,-0.003704872656378766
2022-01-13,0.0008424313439848051
2022-01-14,0.013904481103596683
2022-01-18,0.010935990380786338
2022-01-19,-0.0028402327722260533
2022-01-20,-0.0157183590330006
2022-01-21,0.00121345378447131
2022-01-24,0.003255364139610631
2022-01-25,0.0032590820420071507
2022-01-26,0.014398368431412381
2022-01-27,0.011333093333001844
2022-01-28,0.007176778526120115
2022-01-31,-0.007481225584109994
2022-02-01,-0.020801578171905147
2022-02-02,0.012386911609098054
2022-02-03,0.012646061972136984
2022-02-04,0.0037733800009304404
2022-02-07,-0.009689107513201354
2022-02-08,0.00550854086065917
2022-02-09,-0.01486266691208227
2022-02-10,0.0015888613797168292
2022-02-11,0.0010854325975714581
2022-02-14,0.009980507682396984
2022-02-15,-0.015153442365571848
2022-02-16,-0.0005331590993311439
2022-02-17,0.002715459535124349
2022-02-18,0.002631268412128747
2022-02-22,0.02199276142748645
2022-02-23,-0.008118323101829422
2022-02-24,0.02925610736340901
2022-02-25,-0.03667488581603322
2022-02-28,0.0013868364339915265
2022-03-01,0.00414960647281901
2022-03-02,-0.0008339510473748023
2022-03-03,-0.0007326167668674191
2022-03-04,0.0030494527389108416
2022-03-07,0.012698774847381774
2022-03-08,0.0041122192811715716
2022-03-09,-0.010434524387443125
2022-03-10,0.003721974511498854
2022-03-11,0.0024220228293920245
2022-03-14,0.005159111044622332
2022-03-15,-0.005970084893799998
2022-03-16,-0.006830968459398754
2022-03-17,-0.003907064605862085
2022-03-18,-0.0007108079956321477
2022-03-21,0.0006469837993488898
2022-03-22,0.005260388078187256
2022-03-23,-0.0005462241865295603
2022-03-24,0.0011763554596507532
2022-03-25,-0.004342857187731331
2022-03-28,0.0042265541354058874
2022-03-29,-0.01128832038864743
2022-03-30,0.006120282701966317
2022-03-31,-7.970451590625593e-05
2022-04-01,0.0024670294145773598
2022-04-04,0.005336271903374776
2022-04-05,-0.005860280956623048
2022-04-06,0.006739360758430373
2022-04-07,0.0014858771293802153
2022-04-08,0.0066523430449982966
2022-04-11,0.006736780707105812
2022-04-12,-0.0045342941258252455
2022-04-13,0.008518424000643014
2022-04-14,-0.004740330037958458
2022-04-18,0.010101526019157127
2022-04-19,0.0005751322811130495
2022-04-20,-0.006822100665422058
2022-04-21,0.008468565971164925
2022-04-22,-0.002112300875151404
2022-04-25,-0.005510109413926777
2022-04-26,-0.0015965256415368218
2022-04-27,0.011670110279534253
2022-04-28,-0.0010226796441372167
2022-04-29,0.004108847813165333
2022-05-02,-0.002859383514908256
2022-05-03,-0.0023969219189287896
2022-05-04,0.010082337079464553
2022-05-05,0.001759418998784424
2022-05-06,0.0042893821214195415
2022-05-09,0.0061355798183306
2022-05-10,-0.012154816453291487
2022-05-11,0.011873274880969934
2022-05-12,0.012385794572760919
2022-05-13,-0.010788574455440538
2022-05-16,-0.0005612325705218868
2022-05-17,0.002846213925351284
2022-05-18,0.001711169866373429
2022-05-19,-0.0033956815569471644
2022-05-20,0.008135759880125115
2022-05-23,0.004562552779451249
2022-05-24,0.003322767579545436
2022-05-25,0.006617266964845955
2022-05-26,-0.0006530053901688247
2022-05-27,-0.010738547781521812
2022-05-31,0.0036828191632003204
2022-06-01,-0.002999675072275627
2022-06-02,0.007536148885574017
2022-06-03,-0.0018096106008558233
2022-06-06,0.002735687093499455
2022-06-07,0.004796006472259746
2022-06-08,0.00344739161544706
2022-06-09,-0.0015082016368749701
2022-06-10,0.002809446728088555
2022-06-13,0.0016871306634272441
2022-06-14,-0.0012418552285020747
2022-06-15,-0.0029125058197459978
2022-06-16,-0.008801679173226874
2022-06-17,-0.004187292144698405
2022-06-21,-0.010301672947065075
2022-06-22,-0.0019166406210910359
2022-06-23,0.0029579825037526195
2022-06-24,-0.009335877018653899
2022-06-27,-0.010710035353153504
2022-06-28,0.012051588732425365
2022-06-29,0.013371897598060284
2022-06-30,-0.004490799915142886
2022-07-01,0.007136717159870739
2022-07-05,0.0001227431554453122
2022-07-06,-0.02287507656618993
2022-07-07,0.002243438550299791
2022-07-08,0.0018797864216776221
2022-07-11,-0.0021857602451821395
2022-07-12,-0.00012949693071401182
2022-07-13,0.004603584663281768
2022-07-14,-0.00554447884356608
2022-07-15,0.0014990512487247486
2022-07-18,-0.0034338758961399538
2022-07-19,-0.0017492521198243876
2022-07-20,-0.0030467348129469924
2022-07-21,-0.011758249262686277
2022-07-22,0.00021447383751284208
2022-07-25,0.0050784980147546436
2022-07-26,0.010751127104260233
2022-07-27,-0.005072079497734573
2022-07-28,0.0008275797915901382
2022-07-29,0.002787955802089344
2022-08-01,-0.0029513435096678703
2022-08-02,0.0014104013034452183
2022-08-03,-0.0058290788517885205
2022-08-04,-0.0119066930667333
2022-08-05,-0.005540395640711461
2022-08-08,-0.0012378979232172704
2022-08-09,0.00632492694499286
2022-08-10,-0.0012051684075170034
2022-08-11,-0.004285110763681008
2022-08-12,0.0019301205743649612
2022-08-15,-0.003747583304702572
2022-08-16,0.0036285287898138834
2022-08-17,0.000246136344313442
2022-08-18,0.004542311074822227
2022-08-19,0.005280663300048724
2022-08-22,0.009374401507032119
2022-08-23,0.007883128163550912
2022-08-24,0.0035141547826727697
2022-08-25,-0.0012076368240337223
2022-08-26,-0.005320970129610982
2022-08-29,0.01001635264680846
2022-08-30,-0.0020127639355837492
2022-08-31,-0.005584941040373695
2022-09-01,0.005594970993045619
2022-09-02,-0.004393767068196353
2022-09-06,0.006735817044824711
2022-09-07,-0.005521497497283963
2022-09-08,-0.0013212347143295405
2022-09-09,-0.006111158253939117
2022-09-12,-0.005782317161907409
2022-09-13,0.007501366591978583
2022-09-14,0.005050170454870392
2022-09-15,0.0013820969571331813
2022-09-16,-0.0004437832626577195
2022-09-19,-0.007062411184231116
2022-09-20,0.0035783427772686236
2022-09-21,0.004806006631370065
2022-09-22,0.0015283661874553574
2022-09-23,-0.0005195372850735969
2022-09-26,-0.005398027665837145
2022-09-27,-0.0015463530278598517
2022-09-28,0.0037422046344092043
2022-09-29,0.004282852713352527
2022-09-30,0.004590362705429253
2022-10-03,0.008304321294793636
2022-10-04,-0.007475824379898245
2022-10-05,0.005421985313961745
2022-10-06,9.02047901243574e-05
2022-10-07,0.009453034436139825
2022-10-10,0.0037690236210059995
2022-10-11,-0.0033582410968469364
2022-10-12,0.004054516916051329
2022-10-13,0.0026215755343029323
2022-10-14,-0.005525514768224689
2022-10-17,0.0014486791701536765
2022-10-18,-0.007038412455329531
2022-10-19,0.004075105558491507
2022-10-20,0.010515380017463268
2022-10-21,0.0019148513665621645
2022-10-24,-0.0032438642411223204
2022-10-25,-0.005265652445375222
2022-10-26,-0.0004145608545747855
2022-10-27,-0.00011065419937502513
2022-10-28,0.007151154376054678
2022-10-31,-0.005030965581454731
2022-11-01,0.00030421126898648747
2022-11-02,0.003084881322002402
2022-11-03,0.006246789707396211
2022-11-04,0.00384789525478097
2022-11-07,-0.00048181111132510605
2022-11-08,0.004322297839039629
2022-11-09,0.00015674940204392273
2022-11-10,-0.006326162344938071
2022-11-11,-0.008870643269433199
2022-11-14,-0.017480853673024505
2022-11-15,-0.004425973806844537
2022-11-16,0.005794206641169818
2022-11-17,0.012247270637716296
2022-11-18,-0.002059196038887099
2022-11-21,0.0103268497899742
2022-11-22,0.0066693233553858835
2022-11-23,-0.001218013485401236
2022-11-25,-0.0035253978370567377
2022-11-28,-0.002321237575744571
2022-11-29,0.000974392718817509
2022-11-30,0.004868839347799994
2022-12-01,-0.0065831870118339434
2022-12-02,-0.002009017761241248
2022-12-05,-0.00014185330198110977
2022-12-06,0.0037103307618648615
2022-12-07,0.007842357128619627
2022-12-08,0.003629964667406803
2022-12-09,-0.006955215823350804
2022-12-12,-0.006503940133821043
2022-12-13,-0.004226649530350676
2022-12-14,0.005997391155064366
2022-12-15,0.0010105167864085443
2022-12-16,-0.0017183544151475228
2022-12-19,0.007875126818907138
2022-12-20,0.005709537878461398
2022-12-21,0.0007450628985409891
2022-12-22,0.0005907383084628243
2022-12-23,-0.001245256881744984
2022-12-27,0.004430592648683795
2022-12-28,0.0013777924648143702
2022-12-29,-0.004916599329395787
2022-12-30,-0.003958515466261802
2023-01-03,-0.0067836543622593354
2023-01-04,-0.004770909023822536
2023-01-05,-0.0008744721948190054
2023-01-06,0.007379485175837969
2023-01-09,-0.005901704031687269
2023-01-10,-0.0006084244232466804
2023-01-11,-0.001129621860140237
2023-01-12,-0.00438682029732147
2023-01-13,-0.001062606879492836
2023-01-17,0.0006877963472486047
2023-01-18,-0.005474811871599045
2023-01-19,0.004894715658948672
2023-01-20,0.0037024248153098367
2023-01-23,-0.003917125353310498
2023-01-24,-0.010810421405583661
2023-01-25,0.008046302058297861
2023-01-26,-0.0066262187953677176
2023-01-27,0.005488536413059611
2023-01-30,-0.011779346078634557
2023-01-31,-0.005279153790685348
2023-02-01,-0.002610240002797727
2023-02-02,-0.027291482118500267
2023-02-03,0.0004657490929871584
2023-02-06,-0.004387154541405745
2023-02-07,0.001246518864951289
2023-02-08,0.00012866803228648668
2023-02-09,-0.002866382521512735
2023-02-10,0.008682377848211329
2023-02-13,0.0061754976515797635
2023-02-14,-0.0018508280858056832
2023-02-15,0.0008494212966395286
2023-02-16,-0.004036347743862251
2023-02-17,-0.0011725763152579689
2023-02-21,0.0008415323518672717
2023-02-22,0.003475864296788488
2023-02-23,-0.0017494647177577966
2023-02-24,0.0033568649309127264
2023-02-27,-0.0008851774102563832
2023-02-28,-0.0013063839897668869
2023-03-01,3.0037555912615803e-05
2023-03-02,0.004378344512777398
2023-03-03,0.002426223290493075
2023-03-06,-0.002540757239880735
2023-03-07,0.006359840747610417
2023-03-08,0.0037482527211881206
2023-03-09,0.0034369165044498906
2023-03-10,0.005091735314270028
2023-03-13,0.010104594008966414
2023-03-14,-0.0033132707589353556
2023-03-15,0.012675823009989921
2023-03-16,-0.0012635921920636317
2023-03-17,-0.00177629795928306
2023-03-20,-0.002271572700010093
2023-03-21,-0.0029791234895538156
2023-03-22,-0.0017843855674417946
2023-03-23,-0.0013766534435264957
2023-03-24,0.007520684026564128
2023-03-27,-0.00495687905197966
2023-03-28,0.0012201515969553923
2023-03-29,-0.0012692847271883858
2023-03-30,-0.003071457923069864
2023-03-31,0.0010536014557376264
2023-04-03,-0.0008457466033690216
2023-04-04,0.002215939974780053
2023-04-05,-0.0009466158986850843
2023-04-06,0.0013494782046090236
2023-04-10,-0.0006007223305435654
2023-04-11,-0.0031371085904125153
2023-04-12,-0.003910598463336973
2023-04-13,-0.0018653509468161838
2023-04-14,-0.00017779325367528473
2023-04-17,0.004948290955136528
2023-04-18,-0.002270319388364521
2023-04-19,-0.00011812907344170711
2023-04-20,0.0015161181427607278
2023-04-21,0.004316891471845666
2023-04-24,0.0038810601150591397
2023-04-25,-9.257118818709868e-05
2023-04-26,0.0002925968807646616
2023-04-27,0.0055688758112630715
2023-04-28,0.0006351164452668009
2023-05-01,0.0013779907875798546
2023-05-02,0.006973371976579122
2023-05-03,0.009097493953471845
2023-05-04,0.0014785336709318743
2023-05-05,-0.011624947011958738
2023-05-08,-0.0023977484682699735
2023-05-09,0.007430485003188873
2023-05-10,0.0010179060266795438
2023-05-11,0.002402385163737566
2023-05-12,0.0014574380807552648
2023-05-15,0.000410072044545143
2023-05-16,-0.0034392382101478096
2023-05-17,0.0012992897309665088
2023-05-18,-0.0013745551117140225
2023-05-19,-0.000628214978910789
2023-05-22,-0.0012493928353419096
2023-05-23,-0.0040692318896503035
2023-05-24,-0.004725222447976905
2023-05-25,0.012819197175305235
2023-05-26,0.0005682041844490328
2023-05-30,-0.00031967088015854124
2023-05-31,0.0015649111464555363
2023-06-01,-0.0005820738275352878
2023-06-02,-0.005688341344988057
2023-06-05,-0.0016459164953492248
2023-06-06,0.0038717040585609023
2023-06-07,-0.00785388745382822
2023-06-08,-0.0032585855120348018
2023-06-09,0.011711598751458071
2023-06-12,0.001193597059217657
2023-06-13,0.0010297267061184932
2023-06-14,-0.0012522138139724336
2023-06-15,0.0036084595265441647
2023-06-16,0.0023940446935363435
2023-06-20,-0.0009666807160169345
2023-06-21,0.006290932708053489
2023-06-22,0.0041135361364926975
2023-06-23,0.004842572828040988
2023-06-26,0.0019624668696403376
2023-06-27,-0.005217292136486477
2023-06-28,0.004607906784167082
2023-06-29,0.010915225609885983
2023-06-30,-0.005757955163829752
2023-07-03,-0.0020278587244682415
2023-07-05,-0.001060763905186306
2023-07-06,0.00482007751765812
2023-07-07,-1.601448900277941e-05
2023-07-10,-0.0029121227987656084
2023-07-11,0.002978931581725201
2023-07-12,-9.020303229039894e-05
2023-07-13,0.0003505318781215375
2023-07-14,0.008558154255287316
2023-07-17,0.005202402083900345
2023-07-18,0.004224959826725916
2023-07-19,0.007176912945866784
2023-07-20,-0.006809118810563062
2023-07-21,-0.008106040919995646
2023-07-24,-0.0063940405923104265
2023-07-25,-0.004109578330792836
2023-07-26,0.00476139275471545
2023-07-27,-0.0006074697889355918
2023-07-28,-0.004546589480445795
2023-07-31,0.0006103175200043987
2023-08-01,-0.0020801859335549417
2023-08-02,0.010767967405707646
2023-08-03,-1.143442880090978e-05
2023-08-04,0.0026218721524478646
2023-08-07,0.0013290351535074215
2023-08-08,0.005275350437466799
2023-08-09,0.002873024956984646
2023-08-10,-0.012097574412861183
2023-08-11,-0.00333521097136678
2023-08-14,-0.0029518520261992472
2023-08-15,0.01416895328062554
2023-08-16,0.0010270345565492939
2023-08-17,-0.004068795655796681
2023-08-18,-0.013310055893561927
2023-08-21,0.0036572699627014254
2023-08-22,0.004805948006402652
2023-08-23,0.0008472217548205318
2023-08-24,0.012144895350695996
2023-08-25,-0.013272856771364368
2023-08-28,0.00935878277380728
2023-08-29,-0.0033268316503734957
2023-08-30,0.012568515619169558
2023-08-31,0.00455582386796653
2023-09-01,0.0018061177957048931
2023-09-05,-0.006463394423142705
2023-09-06,0.0012944563740432513
2023-09-07,-0.00046563257239504597
2023-09-08,0.00787424803503219
2023-09-11,-0.004610663039775204
2023-09-12,0.00246311565061461
2023-09-13,-0.011438952664018296
2023-09-14,-0.00027393269908117463
2023-09-15,0.0007136324207449946
2023-09-18,-0.0064689111311992216
2023-09-19,-0.0009843343016571007
2023-09-20,-0.0019707735748107314
2023-09-21,-0.009464794514708889
2023-09-22,0.0019455868372221655
2023-09-25,-0.004063032725234985
2023-09-26,-0.0024716322732826423
2023-09-27,0.0019905573733947518
2023-09-28,0.004823021567783432
2023-09-29,0.012706835443828803
2023-10-02,0.0015290439015882159
2023-10-03,0.012073751032787343
2023-10-04,-0.007057596772309496
2023-10-05,0.013050709098910283
2023-10-06,-0.0042202113170333655
2023-10-09,-0.0015471127477527876
2023-10-10,0.0026500335119690826
2023-10-11,-0.00021766338251367237
2023-10-12,-0.005622643984220378
2023-10-13,-0.008935459775761148
2023-10-16,-0.00922792138947885
2023-10-17,-0.00491609884374551
2023-10-18,-0.0036914316916878166
2023-10-19,0.006913549416831632
2023-10-20,-0.00416506678805307
2023-10-23,0.006260180755218966
2023-10-24,0.01171909928160045
2023-10-25,0.005450379902187201
2023-10-26,-0.017486773014500485
2023-10-27,-0.005677778780733853
2023-10-30,0.010586273308287895
2023-10-31,0.0011577296659926659
2023-11-01,-0.0011597748000333437
2023-11-02,0.020846475989158866
2023-11-03,-0.015349340376283657
2023-11-06,0.010155957447390073
2023-11-07,0.009537820707127739
2023-11-08,0.006654020607267331
2023-11-09,0.0028963400698763324
2023-11-10,0.0018449384736782097
2023-11-13,0.007218436633269822
2023-11-14,0.003946635847582881
2023-11-15,-0.002960700414078821
2023-11-16,-0.004488832798778954
2023-11-17,-5.737915184741529e-05
2023-11-20,0.00168126380517188
2023-11-21,0.004292025072134481
2023-11-22,0.004394550274349774
2023-11-24,-0.006144067832996975
2023-11-27,-0.0008880885945173547
2023-11-28,0.0038740597021645067
2023-11-29,0.004574045909485159
2023-11-30,-0.004205842844795095
2023-12-01,-0.0002984977231212542
2023-12-04,0.0049609926875208675
2023-12-05,-0.007367987077051729
2023-12-06,0.00891314659334016
2023-12-07,-0.006777560544108858
2023-12-08,0.00535270182556418
2023-12-11,0.006902098424051353
2023-12-12,0.002531266552763401
2023-12-13,0.008532365112515336
2023-12-14,-0.009794563009120483
2023-12-15,-0.0042862929738827875
2023-12-18,-0.002791023306099746
2023-12-19,0.007867525626483275
2023-12-20,-0.002276592811795508
2023-12-21,0.001936641662750429
2023-12-22,-0.0017996555586811697
2023-12-26,-0.0038761242126945793
2023-12-27,0.00011469694052802432
2023-12-28,0.0024898091623289376
2023-12-29,0.002084204764257984
2024-01-02,-0.007229127361671521
2024-01-03,-0.021500018795236723
2024-01-04,-0.0040520362963809625
2024-01-05,0.005741943055488227
2024-01-08,0.01102649441743485
2024-01-09,0.004053592275578339
2024-01-10,0.0098313993570474
2024-01-11,0.008905409688725913
2024-01-12,-0.0028948199990267384
2024-01-16,0.001341348387207395
2024-01-17,0.010148586570015416
2024-01-18,0.009445152391328081
2024-01-19,0.0019843212049217196
2024-01-22,0.01059984068772834
2024-01-23,-0.006743143226243472
2024-01-24,2.2055959951420866e-05
2024-01-25,-0.005599218813400689
2024-01-26,-0.0076185762429448085
2024-01-29,0.0024839526360951277
2024-01-30,0.011178033147607956
2024-01-31,-0.015253976605958062
2024-02-01,0.004293350979523788
2024-02-02,0.005945071678201006
2024-02-05,0.01333286584734201
2024-02-06,0.0065491755789319015
2024-02-07,-0.006034960465603236
2024-02-08,0.010398576450477655
2024-02-09,0.003785726288993291
2024-02-12,0.0005730082775139054
2024-02-13,-0.014186462974230497
2024-02-14,0.019960603399706445
2024-02-15,0.009938766618431304
2024-02-16,-0.0016880221517791413
2024-02-20,-0.005495693345752645
2024-02-21,-0.012541707311792823
2024-02-22,0.00982482443490342
2024-02-23,0.012000571553751088
2024-02-26,0.0009712558255695457
2024-02-27,0.005412590930925416
2024-02-28,-0.0026854287302588084
2024-02-29,0.0013656773195934138
2024-03-01,0.013813391863042996
2024-03-04,0.007293966458929947
2024-03-05,0.001210430253924889
2024-03-06,0.0021100694183140587
2024-03-07,-0.003058028957392373
2024-03-08,-0.00020437818666715896
2024-03-11,-0.005292164227954692
2024-03-12,-0.0063025829741112475
2024-03-13,0.0006827731370504215
2024-03-14,0.006798949905860702
2024-03-15,-0.0025290704323189914
2024-03-18,-0.001107833367084748
2024-03-19,-0.005654098983578181
2024-03-20,0.0035072997713315574
2024-03-21,0.011373695255437525
2024-03-22,-0.0011445666234798375
2024-03-25,0.0007833819839569203
2024-03-26,0.0025791975695200176
2024-03-27,0.001860018151749653
2024-03-28,-0.010497124788278231
2024-04-01,-0.0031483428294407393
2024-04-02,-8.702643216781402e-05
2024-04-03,0.0018500411896550998
2024-04-04,0.0103167038882864
2024-04-05,-0.0066611891203753335
2024-04-08,0.005506267530147374
2024-04-09,-0.005727931275298409
2024-04-10,-0.008750157758333002
2024-04-11,0.005277821041260106
2024-04-12,0.002749191034007956
2024-04-15,-0.001451253749531388
2024-04-16,-0.007047865737558024
2024-04-17,0.0077992585252913945
2024-04-18,-0.005836111249697081
2024-04-19,-0.002913228125357051
2024-04-22,-0.002779892358289592
2024-04-23,0.006987644432107686
2024-04-24,0.0068361348765037366
2024-04-25,-0.016952638185278902
2024-04-26,0.009895914448073442
2024-04-29,-0.0009613489177025494
2024-04-30,-0.0031458821351049962
2024-05-01,0.0003336886609828809
2024-05-02,0.007524606188168607
2024-05-03,0.0012232359144024537
2024-05-06,0.005074313447858844
2024-05-07,0.002011339197369579
2024-05-08,-0.003252295861648243
2024-05-09,0.0050653710240194634
2024-05-10,-0.0012071056072612484
2024-05-13,-0.0017368176845254189
2024-05-14,-0.008087727300019531
2024-05-15,0.007325294373211729
2024-05-16,0.003888338261039235
2024-05-17,-0.004099677019415487
2024-05-20,-0.002810341893332942
2024-05-21,-0.00071726675332943
2024-05-22,-0.0005094719408407302
2024-05-23,0.0009316277093293278
2024-05-24,0.0013946962042773136
2024-05-28,0.009939701822927234
2024-05-29,-0.0007746731183571419
2024-05-30,0.006173647631408226
2024-05-31,-0.0052519192918271075
2024-06-03,-0.007419303634163405
2024-06-04,-0.003378579557687274
2024-06-05,0.002700833666326099
2024-06-06,0.007932005468716051
2024-06-07,-0.002443561672096602
2024-06-10,-3.975985535151519e-05
2024-06-11,0.0053551356566806756
2024-06-12,0.0031120544964582156
2024-06-13,0.00095552913697498
2024-06-14,-0.0004052049107994597
2024-06-17,0.0019564577033885882
2024-06-18,-0.0031484212366903698
2024-06-20,0.010036002830212727
2024-06-21,-0.013582299581127548
2024-06-24,2.5212949331674478e-05
2024-06-25,-0.003465530277027586
2024-06-26,0.004029531083770299
2024-06-27,-0.0048806855166837766
2024-06-28,7.816820020225667e-05
2024-07-01,0.0014227518850473014
2024-07-02,-0.00700447026389078
2024-07-03,0.002186041932719394
2024-07-05,0.0009741944983548314
2024-07-08,-0.0007210098296807382
2024-07-09,0.0004611898942288657
2024-07-10,0.004549139929456035
2024-07-11,-4.7821178544891174e-05
2024-07-12,-0.0024078343260515354
2024-07-15,-0.0027093500726237006
2024-07-16,-0.0051083560071333136
2024-07-17,-0.003172860370121715
2024-07-18,0.0020041499844681066
2024-07-19,0.0001942114106179171
2024-07-22,0.004562382446133814
2024-07-23,-0.0005641901076321043
2024-07-24,0.003731737299668199
2024-07-25,0.0009054301885706048
2024-07-26,-0.004483471993281306
2024-07-29,0.0017771839389346582
2024-07-30,-0.003726659185427301
2024-07-31,0.00202883070733348
2024-08-01,-0.0027126290419657276
2024-08-02,-0.00043017720466132045
2024-08-05,-0.004037196201521819
2024-08-06,0.005245669339761819
2024-08-07,-0.00031636254486611424
2024-08-08,-0.003616580526895452
2024-08-09,-0.002306273455707106
2024-08-12,0.0026251188667023016
2024-08-13,-0.0015012444025556753
2024-08-14,-0.001977641806129035
2024-08-15,0.007821133217838786
2024-08-16,-0.002491130944761516
2024-08-19,0.0002584400669035056
2024-08-20,-0.002113440553486332
2024-08-21,0.0007051927136734344
2024-08-22,0.0015858033370379824
2024-08-23,0.003835351417401618
2024-08-26,0.0034052887585007633
2024-08-27,0.0026647431174070695
2024-08-28,0.006326031526502048
2024-08-29,-0.0005761408906041453
2024-08-30,-0.004239632099425647
2024-09-03,0.0065071423360811165
2024-09-04,0.008674042388443232
2024-09-05,-0.0029688531576305575
2024-09-06,0.0007525700151668049
2024-09-09,0.0027625181184462687
2024-09-10,0.0035102739884599553
2024-09-11,-0.004646296897294679
2024-09-12,0.003951509790300232
2024-09-13,0.004377944709859507
2024-09-16,0.0035281252246782756
2024-09-17,0.006469240789947227
2024-09-18,-0.001391890424449112
2024-09-19,-0.001920145665165618
2024-09-20,0.004673950474617658
2024-09-23,0.0054610228764311545
2024-09-24,-0.009354720126155491
2024-09-25,0.004786193365468063
2024-09-26,0.0013373014184465844
2024-09-27,5.167887432455754e-06
2024-09-30,6.599254728295064e-05
2024-10-01,0.0011431284956752148
2024-10-02,-0.011161773695919412
2024-10-03,0.005758563214275857
2024-10-04,-0.007100948632628268
2024-10-07,0.004891921153018422
2024-10-08,3.778885691291416e-06
2024-10-09,0.008023754920944492
2024-10-10,-0.0047896835692131
2024-10-11,0.001203207525293051
2024-10-14,0.0029140819601478274
2024-10-15,0.01366320338071523
2024-10-16,0.0035929539451631442
2024-10-17,0.008547938961863507
2024-10-18,-0.008815758772601491
2024-10-21,0.0017274241525988827
2024-10-22,0.0007897690994270867
2024-10-23,0.004040848772187102
2024-10-24,0.003318594516162102
2024-10-25,-0.0012473001302771998
2024-10-28,-0.0018165810785556662
2024-10-29,-0.00071661120097251
2024-10-30,-0.0018327113180876128
2024-10-31,-0.005294668344164611
2024-11-01,-0.004495286149815541
2024-11-04,-0.0066494947800432025
2024-11-05,-0.005306763413929494
2024-11-06,0.0028787080069718105
2024-11-07,0.0058494666093000395
2024-11-08,0.013490983728471854
2024-11-11,0.01069967182534844
2024-11-12,0.0010206889373483847
2024-11-13,0.018698670731927183
2024-11-14,-0.01118316705871722
2024-11-15,-0.01669772948920452
2024-11-18,0.012250518885311867
2024-11-19,0.0005082733162298548
2024-11-20,0.005485315442628979
2024-11-21,-0.017424637958046774
2024-11-22,0.00033920783890077784
2024-11-25,0.0025303072071194543
2024-11-26,-0.004892373210684815
2024-11-27,0.010869865692044931
2024-11-29,-0.00026006523468311037
2024-12-02,0.0015372286743333603
2024-12-03,-0.008318895288217432
2024-12-04,0.0023884497004922813
2024-12-05,0.010194814323963861
2024-12-06,0.013146155685398923
2024-12-09,-0.000563867494902583
2024-12-10,-0.01612600186590222
2024-12-11,0.0016937606877661176
2024-12-12,0.004016469133516824
2024-12-13,0.00514254975850759
2024-12-16,0.01158196540288153
2024-12-17,0.000989548196216712
2024-12-18,-0.0010889493216004655
2024-12-19,-0.0018992444990852285
2024-12-20,0.0011777645089244087
2024-12-23,0.005557461015805978
2024-12-24,-0.006529910581494714
2024-12-26,0.004246043519202563
2024-12-27,0.002098769033775182
2024-12-30,-0.005949979165189593
2024-12-31,0.0015182071083637606
2025-01-02,-0.009852976265064225
2025-01-03,0.006933145468973597
2025-01-06,-0.0025641475110059634
2025-01-07,-0.003665530471285979
2025-01-08,-0.0010430422629993255
2025-01-10,-0.0039864471407197585
2025-01-13,-0.0042624923216456004
2025-01-14,0.0015511737441911404
2025-01-15,0.00540231208973433
2025-01-16,-0.002546130360743496
2025-01-17,-0.002926881965308248
2025-01-21,0.01063568287527089
2025-01-22,0.017976072824393105
2025-01-23,-0.0017640596318445982
2025-01-24,0.004487859290021359
2025-01-27,-0.01632472886364016
2025-01-28,-0.014474954044552174
2025-01-29,-0.003157758035518698
2025-01-30,0.015131018029018874
2025-01-31,0.001565087886321883
2025-02-03,-0.008523575187806266
2025-02-04,0.022162149329603035
2025-02-05,-0.001125445721858127
2025-02-06,0.004605460038579649
2025-02-07,-0.005489784226238413
2025-02-10,-0.0068152642350573864
2025-02-11,-0.007384912876238701
2025-02-12,-0.009958749872575738
2025-02-13,0.01855125477205796
2025-02-14,-0.007863384386065271
2025-02-18,0.00795424371650731
2025-02-19,-0.0037699469462944076
2025-02-20,-0.009460700925994712
2025-02-21,-0.009053569704804889
2025-02-24,-0.007761559041482675
2025-02-25,-0.0085486898002411
2025-02-26,-0.004634689055988141
2025-02-27,0.005554478770490288
2025-02-28,-0.009345888386550842
2025-03-03,0.01746912186432444
2025-03-04,-0.009291681405329853
2025-03-05,-0.0007375289773763453
2025-03-06,-0.0020285671374368854
2025-03-07,-0.012345724334857195
2025-03-10,-0.005432330819487765
2025-03-11,-0.0071177986276196046
2025-03-12,0.024160691390680156
2025-03-13,-2.9483111889235723e-05
2025-03-14,-0.0002918662232119294
2025-03-17,0.0028907302511472295
2025-03-18,-0.004267504846934112
2025-03-19,-0.002093395460190987
2025-03-20,0.007862889593447666
2025-03-21,0.0036096421007688942
2025-03-24,0.0026620125704350903
2025-03-25,0.004221897985980687
2025-03-26,0.001685483512584109
2025-03-27,-0.0029381211462955587
2025-03-28,-0.0025133202755233783
2025-03-31,-0.0014964700772377628
2025-04-01,0.0038020732656107495
2025-04-02,0.002985842915146535
2025-04-03,-0.0011379058594243113
2025-04-04,0.006251670039252809
2025-04-07,-0.024101014565870077
2025-04-08,0.00768700233360347
2025-04-09,0.002171427751675575
2025-04-10,-0.003010810181125349
2025-04-11,0.006426338551929765
2025-04-14,-0.008641587178730722
2025-04-15,0.003807692633441432
2025-04-16,0.009585925642531051
2025-04-17,-0.009516764463613927
2025-04-21,0.001172608305762547
2025-04-22,-0.006713684392747509
2025-04-23,-0.008608503119999998
2025-04-24,0.0033224386200225295
2025-04-25,0.0016108216860960456
2025-04-28,0.0017520325864471625
2025-04-29,0.004162855524085551
2025-04-30,0.001250807478929105
2025-05-01,-0.007377910989048474
2025-05-02,-0.002753011796980198
2025-05-05,0.00024657253259563147
2025-05-06,-0.004132622532755656
2025-05-07,0.004002230199355549
2025-05-08,0.0007699995914288453
2025-05-09,-0.004106058281965779
2025-05-12,-0.013755106192642667
2025-05-13,-0.010353912048382874
2025-05-14,-0.0055213650220557985
2025-05-15,0.005316168852674284
2025-05-16,0.0023112157902265224
2025-05-19,0.005190312885474967
2025-05-20,0.005046542579627502
2025-05-21,0.002925803059591282
2025-05-22,-0.0008924079432582275
2025-05-23,0.0045099981365328634
2025-05-27,0.0018994782154280313
2025-05-28,0.0010883630898041023
2025-05-29,0.002755357146068891
2025-05-30,0.001688993319145894
2025-06-02,0.003529863670498092
2025-06-03,0.005125025706421725
2025-06-04,-0.0071740717468430585
2025-06-05,-0.008350217434817142
2025-06-06,-0.001496027389995228
2025-06-09,-0.003756524739131765
2025-06-10,-0.005380186695950322
2025-06-11,-0.0020579142023921236
2025-06-12,0.00796552428411376
2025-06-13,0.0014388853561673757
2025-06-16,3.825246684151556e-05
2025-06-17,-0.0016164475127197575
2025-06-18,0.00011794877524419833
2025-06-20,-0.003390512172180369
2025-06-23,0.002668364833601798
2025-06-24,0.003985814773846448
2025-06-25,-0.002815192490120241
2025-06-26,-0.009180055244630038
2025-06-27,0.00507872889386888
2025-06-30,0.0009429848733005696
2025-07-01,0.0060932509317485955
2025-07-02,-0.011980603897304966
2025-07-03,-0.00705261287530661
2025-07-07,0.004745956345267687
2025-07-08,0.0021250184828446525
2025-07-09,-0.0012241293751573514
2025-07-10,-0.002129594590746248
2025-07-11,-0.0039170553443226815
2025-07-14,0.0008714068665593241
2025-07-15,0.005488486988203005
2025-07-16,0.007830154720213756
2025-07-17,0.003405604899073357
2025-07-18,0.0012104090319645382
2025-07-21,-0.00045598608093189895
2025-07-22,-0.004112028374271662
2025-07-23,-0.004156561661319398
2025-07-24,0.006278636981361295
2025-07-25,0.0034225450941425136
2025-07-28,0.0005752999245354619
2025-07-29,-0.0006855878059015251
2025-07-30,-0.005536952055355613
2025-07-31,0.007263063197254315
2025-08-01,-0.003899822564718846
2025-08-04,0.003802177994013303
2025-08-05,0.0056088314354326985
2025-08-06,0.0034647859680147905
2025-08-07,0.0011866619221628197
2025-08-08,0.006273983974552232
2025-08-11,-0.004514594117920934
2025-08-12,7.861547216426178e-05
2025-08-13,-0.0006025173022531551
2025-08-14,-0.008056466756725493
2025-08-15,-0.00405715360461939
2025-08-18,0.0018923636092617435
2025-08-19,-0.0015138197724308728
2025-08-20,-0.008352804453781566
2025-08-21,0.005954697627252071
2025-08-22,-0.0009801928508727305
2025-08-25,-0.00042307628760558837
2025-08-26,0.0014204269140353693
2025-08-27,0.0012758071725444936
2025-08-28,-0.0007333622332740507
2025-08-29,0.00895177031916093
2025-09-02,-0.00387357512282267
2025-09-03,0.0033456089874132184
2025-09-04,0.010474598546270236
2025-09-05,0.0017139465613899261
2025-09-08,0.0006890440079210284
2025-09-09,0.00021946482386036087
2025-09-10,0.007501122862539181
2025-09-11,0.00904139065350081
2025-09-12,0.009063900867963302
2025-09-15,0.009094973086635545
2025-09-16,-0.0015604155428474674
2025-09-17,-0.0035295043288556954
2025-09-18,0.0015055883895462258
2025-09-19,0.0011816829162180082
2025-09-22,0.0007919619823624588
2025-09-23,-0.006929650487735327
2025-09-24,0.002065849335482636
2025-09-25,-0.0068890153768245725
2025-09-26,0.008019952589682845
2025-09-29,0.0012101547019840984
2025-09-30,0.0021768177084209727
2025-10-01,-0.004295165548900878
2025-10-02,-0.011641948682424443
2025-10-03,-0.0008263438126655417
2025-10-06,-0.0003671507185136327
2025-10-07,-0.004990736920678287
2025-10-08,0.006029232946640439
2025-10-09,-0.0060713204386147225
2025-10-10,0.0026112255356341785
2025-10-13,0.011653122745770376
2025-10-14,0.001663869692584633
2025-10-15,0.0040138406499555775
2025-10-16,-0.004520197492130195
2025-10-17,-0.0028805780956571198
2025-10-20,0.004305825922500223
2025-10-21,-0.00761748620671495
2025-10-22,-0.017243021421608055
2025-10-23,-0.000505634964991134
2025-10-24,0.011536928852540268
2025-10-27,0.007187914026479955
2025-10-28,-0.0026226780235722243
2025-10-29,0.005350209037579522
2025-10-30,0.015215123040887563
2025-10-31,0.004223801944334399
2025-11-03,0.008858823213755996
2025-11-04,-0.010508457131406797
2025-11-05,0.002976915567888438
2025-11-06,0.004436794342574229
2025-11-07,-0.0035919977103872048
2025-11-10,0.0061376110267817975
2025-11-11,-0.0006673862728343578
2025-11-12,-0.002941913762894099
2025-11-13,-0.00699928472407081
2025-11-14,-0.02247237708931214
2025-11-17,0.01013086417176099
2025-11-18,0.00169242156619122
2025-11-19,0.000942838558367311
2025-11-20,0.006923395424442777
2025-11-21,-0.02512046665079774
2025-11-24,-0.003427806195290954
2025-11-25,0.010458591945356551
2025-11-26,0.0039945637220709365
2025-11-28,0.010694001519698192
2025-12-01,-0.0003077986965693975
2025-12-02,-0.00036156678719685584
2025-12-03,-0.004978301765921601
2025-12-04,-0.01211482870349078
2025-12-05,0.010250999444812404
2025-12-08,0.002850473350187961
2025-12-09,0.0023312022154221264
2025-12-10,0.000740014851154698
2025-12-11,0.001347861455916997
2025-12-12,-0.0021590512554788104
2025-12-15,-0.004258356164518095
2025-12-16,-0.003293490395068006
2025-12-17,-0.0003650514733577593
2025-12-18,-0.0027886179028165036
2025-12-19,0.0015215189699183736
2025-12-22,0.018204172651688916
2025-12-23,-0.006198054434682106
2025-12-24,0.0008606014064035828
2025-12-26,0.0045243621707186
2025-12-29,-0.007009592252040941
2025-12-30,0.0056910674720369835
2025-12-31,-0.0025323182504028954
2026-01-02,0.0034430593919540105
2026-01-05,0.019017656223634327
2026-01-06,-0.007814207054763305
2026-01-07,0.010386677491100602
2026-01-08,0.004049295207556208
2026-01-09,-0.011304485936171942
2026-01-12,0.014051375734398144
2026-01-13,0.005179280444824032
2026-01-14,0.008301955541851503
2026-01-15,0.004441966952716455
2026-01-16,0.007258619442338631
2026-01-20,0.0008702342187775627
2026-01-21,0.01198711379915594
2026-01-22,0.004312703877644594
2026-01-23,-0.01135085292298274
2026-01-26,-0.0008517653538434058
2026-01-27,0.0034502193173625577
2026-01-28,0.011722839256025071
2026-01-29,0.01618697029768054
2026-01-30,-0.0030548875155477625
2026-02-02,-0.007804841172556267
2026-02-03,0.028610471290002132
2026-02-04,0.011146186438954262
2026-02-05,-0.02171500355823429
2026-02-06,0.01749981316631993
2026-02-09,0.0028445948413109855
2026-02-10,-0.008868235077573556
2026-02-11,0.0025746776979009315
2026-02-12,0.011550220993373614
2026-02-13,-0.004546873045447949
2026-02-17,-0.002765280483720163
2026-02-18,0.006078381853763064
2026-02-19,0.002126399884878427
2026-02-20,0.0027441395033688445
2026-02-23,0.0056353472814294125
2026-02-24,0.010394296284044603
2026-02-25,-0.0032629152322652915
2026-02-26,-0.009788332745613344
2026-02-27,-0.004814951042332406
2026-03-02,0.00438379609225064
2026-03-03,-0.008397955859304272
2026-03-04,-0.010943720089444844
2026-03-05,-0.011576530454715992
2026-03-06,-0.017122835868984106
2026-03-09,-0.008977908158220364
2026-03-10,0.016574263031069028
2026-03-11,0.007106913571525407
2026-03-12,0.007398516243487307
2026-03-13,3.782901209028257e-05
2026-03-16,0.0009056674871370013
2026-03-17,-0.0037519142756951523
2026-03-18,0.005621246078209698
2026-03-19,-0.008623413877300054
2026-03-20,0.016274008835516083
2026-03-23,-0.0063331752708744
2026-03-24,-0.0013297491818366693
2026-03-25,0.015044222818895857
2026-03-26,0.0008786950318785885
2026-03-27,-0.011389139467391481
2026-03-30,0.010297065250931615
2026-03-31,-0.018658991230139112
2026-04-01,0.010841766428390694
2026-04-02,0.0020122405523977332
2026-04-06,0.013749466178935146
2026-04-07,-0.003595392913188385
2026-04-08,0.006473516218565097
2026-04-09,0.014871214641193215
2026-04-10,0.010709079838085011
2026-04-13,0.005607657728204174
2026-04-14,-0.0091715389180428
2026-04-15,-0.007442173557890898
2026-04-16,-0.01166037305595502
2026-04-17,0.005846843638706978
2026-04-20,0.002471317788430234
2026-04-21,-0.004930051332475095
2026-04-22,0.0026210252525536307
2026-04-23,0.005842612997407195
2026-04-24,0.013151313835202788
2026-04-27,0.001156125798817121
2026-04-28,-0.010754925719874336
2026-04-29,0.008801936766330506
2026-04-30,0.006157488847323825
2026-05-01,-0.0027333748782992656
2026-05-04,0.0071671872595927425
2026-05-05,0.003227829698732291
2026-05-06,0.011210744092174148
2026-05-07,-0.0017303235071387648
2026-05-08,-0.0006134116470351494
2026-05-11,0.010300439092350056
2026-05-12,0.002236143468050786
2026-05-13,0.008900147783061757
2026-05-14,0.0005442343355302621
2026-05-15,-0.011492637724077498
2026-05-18,0.00021132323894408725
2026-05-19,-0.021588971885983386
2026-05-20,0.014950351805690126
2026-05-21,0.0016438943232073685
2026-05-22,0.00511141746355474
2026-05-26,0.003605842749499974
2026-05-27,0.007449445320466343
2026-05-28,-0.003992038177449487
2026-05-29,-0.008795268875557493
2026-06-01,-0.013678776996799357
2026-06-02,0.008276685067572375
2026-06-03,0.014706761813871982
2026-06-04,-0.005606338903880885
2026-06-05,-0.004119743641826448
2026-06-08,0.0016857231561570294
2026-06-09,0.002798388904223768
2026-06-10,-0.008330186483486539
2026-06-11,0.0021333227485446737
2026-06-12,0.0076092703148707835
2026-06-15,0.013286550610655966
2026-06-16,-0.0031291372001156404
2026-06-17,-0.0016739070886501054
2026-06-18,0.010094002676598145
2026-06-22,0.004716158192387079
2026-06-23,-0.008159148193088463
2026-06-24,0.0014216461414159555
2026-06-25,0.010855776209679369
2026-06-26,-0.0038255973699558984
2026-06-29,-0.012508409657923315
2026-06-30,0.01159608601344662
2026-07-01,-0.006786455885937906
2026-07-02,-0.011786717731820735
2026-07-06,-0.011818928605832408
2026-07-07,-0.013490841505772776
2026-07-08,0.002314282902692726
2026-07-09,0.020070231948713258
2026-07-10,-0.013443871937408425
